index,time,SSO_LCI,AE,AH,CH4,CHP,ferric,ng_LCI,A_SSO_WTE,A_SSO_LF,building,concrete,earth,gravel,steel,elec
2565,2018-01-08,559.7906056468756,157.0442208100398,673.0973995968244,0.9230985290324935,19.17047660673677,0.02111019415040632,16384.531722357096,380.65761183987547,179.13299380700022,0.0009175,0.00018425,0.0011099999999999999,0.09000000000000001,0.012275,16.25
2566,2018-01-09,6.644836203149647,132.00451908963592,783.5524239741635,0.9962002088201878,16.113866095412675,0.000848525404390155,320.0576495392985,4.5184886181417605,2.126347585007887,0.0009930588235294118,0.0001994235294117647,0.0012014117647058823,0.09741176470588235,0.013285882352941175,17.58823529411765
2567,2018-01-10,902.966917718292,198.78801495989325,970.0075370068342,1.2878199966461488,24.266165101980278,0.03368070474775421,33719.0627988002,614.0175040484387,288.94941366985347,0.001172361111111111,0.00023543055555555554,0.001418333333333333,0.115,0.01568472222222222,20.76388888888889
2568,2018-01-11,1062.8823795137894,198.32582781100538,1008.6403147950406,1.3261846884627957,24.20974565604341,0.03953839053919585,42020.716154430476,722.7600180693768,340.1223614444126,0.0012413235294117645,0.00024927941176470587,0.0015017647058823526,0.12176470588235294,0.01660735294117647,21.985294117647058
2573,2018-01-16,338.27674584010407,89.73380527226108,325.2783113385867,0.46744381518163186,10.95385621917377,0.012996165809251524,4458.83743729595,230.0281871712708,108.24855866883331,0.0004137745098039215,8.309313725490196e-5,0.0005005882352941176,0.04058823529411765,0.005535784313725489,7.328431372549019
2574,2018-01-17,361.2925129014125,91.66073843837678,356.31802594867287,0.5018133710713616,11.189078037545867,0.013839230827358192,4712.427430322177,245.67890877296054,115.61360412845201,0.000409757281553398,8.228640776699029e-5,0.0004957281553398058,0.040194174757281556,0.005482038834951456,7.257281553398058
2576,2018-01-19,1223.884556417846,232.0274834478019,1152.8464977601259,1.5240382914934822,28.323725767256782,0.045435882585637986,53036.71035451359,832.2414983641353,391.6430580537107,0.0013614516129032259,0.00027340322580645163,0.0016470967741935483,0.13354838709677422,0.018214516129032257,24.112903225806452
2579,2018-01-22,690.2334665641679,24.95014649844025,485.6045593032798,0.5296835298026294,3.0456784548701212,0.02588830181061092,14826.94458050597,469.3587572636342,220.87470930053374,0.0006699206349206349,0.00013453174603174603,0.0008104761904761905,0.06571428571428573,0.008962698412698412,11.865079365079366
2580,2018-01-23,232.0097764092638,29.929238237826265,352.3457026689635,0.40257071665911404,3.6534789916893256,0.009103618397353148,3462.5839329095043,157.7666479582994,74.24312845096442,0.00045875,9.2125e-5,0.0005549999999999999,0.045000000000000005,0.0061375,8.125
2581,2018-01-24,190.2738092451748,47.60510165721189,410.9173880689724,0.4890829622083127,5.811181608426071,0.007574834506763507,3332.982027954791,129.38619028671886,60.88761895845593,0.0005376433121019108,0.00010796815286624204,0.0006504458598726114,0.05273885350318472,0.007192993630573248,9.522292993630574
2582,2018-01-25,279.8515683485979,88.6399263679813,481.4510787756682,0.6237275751541557,10.820325804384018,0.010856057978452086,5192.874599015513,190.29906647704658,89.55250187155133,0.0005781506849315068,0.00011610273972602742,0.0006994520547945205,0.056712328767123295,0.007734931506849316,10.239726027397262
2583,2018-01-26,400.73304843831687,138.7442742316519,485.76822292238217,0.7053834323713067,16.936591806799644,0.015283933309703642,6623.576717956931,272.4984729380555,128.2345755002614,0.0005210493827160494,0.00010463580246913581,0.0006303703703703703,0.051111111111111114,0.006970987654320987,9.228395061728396
2586,2018-01-29,558.7809084642556,105.68486015342872,364.0826856583587,0.5313005023405006,12.901010484863562,0.021073209053568995,9695.384197140747,379.9710177556938,178.8098907085618,0.0005445806451612903,0.00010936129032258064,0.0006588387096774193,0.05341935483870968,0.007285806451612903,9.645161290322582
2587,2018-01-30,558.0751472742037,93.5655915470319,483.93624212916603,0.6338394935073918,11.421604530850662,0.021047357098737982,10157.851937502757,379.4911001464585,178.58404712774518,0.0005703378378378378,0.00011453378378378379,0.00069,0.05594594594594596,0.007630405405405405,10.101351351351353
2588,2018-01-31,506.7104019159237,136.5160527618154,506.167449498545,0.722580394007606,16.664591555266675,0.01916587212106282,9000.165673920606,344.5630733028281,162.1473286130956,0.0005590066225165563,0.00011225827814569537,0.0006762913907284768,0.05483443708609272,0.0074788079470198675,9.90066225165563
2589,2018-02-01,479.8453657022971,170.68563875149175,509.81209112363047,0.7789756665442961,20.83569218856737,0.01818180879692741,7707.5703607577825,326.2948486775621,153.5505170247351,0.0005084939759036145,0.0001021144578313253,0.0006151807228915662,0.04987951807228916,0.006803012048192771,9.006024096385543
2590,2018-02-02,109.28235867008682,147.61701938435823,473.3576407209307,0.7065166876768321,18.019692811791348,0.004608126572863777,1688.6942837762247,74.31200389565905,34.97035477442778,0.000493625730994152,9.912865497076023e-5,0.0005971929824561403,0.04842105263157895,0.006604093567251461,8.742690058479532
2593,2018-02-05,207.16888100526862,104.69670570004503,468.91825594633207,0.6358189913090476,12.780385913422956,0.008193699128628829,3589.4031158451107,140.87483908358266,66.29404192168596,0.0005410897435897436,0.00010866025641025641,0.0006546153846153846,0.053076923076923084,0.007239102564102564,9.583333333333334
2595,2018-02-07,265.61984038717077,123.26163778478944,411.90305419485526,0.6067847811651196,15.046617643572032,0.010334751347240134,3542.8883930742795,180.62149146327613,84.99834892389465,0.00042205,8.4755e-5,0.0005105999999999999,0.0414,0.0056465,7.4750000000000005
2597,2018-02-09,230.88965932790785,179.1244854984948,531.1825063130706,0.8136096009490715,21.86582697045752,0.00906258863175987,3872.701957759277,157.00496834297735,73.88469098493051,0.0005342405063291139,0.00010728481012658228,0.0006463291139240506,0.052405063291139246,0.00714746835443038,9.462025316455696
2601,2018-02-13,88.07789880200814,141.39710149368346,534.4204375099212,0.7586880361723598,17.260423926862213,0.003831409538189045,1619.0978494847436,59.89297118536554,28.184927616642604,0.0005781506849315068,0.00011610273972602742,0.0006994520547945205,0.056712328767123295,0.007734931506849316,10.239726027397262
2602,2018-02-14,72.58595058838625,79.077998922342,478.85224815703293,0.6063489644590361,9.653095928197299,0.0032639411776328184,1426.205680070143,49.35844640010266,23.2275041882836,0.0005902797202797202,0.00011853846153846152,0.000714125874125874,0.0579020979020979,0.007897202797202796,10.454545454545453
2603,2018-02-15,147.1136750840728,94.0167770287735,553.0580694651775,0.7044532564165313,11.476680997074077,0.005993883535584054,3226.948481602924,100.03729905716952,47.0763760269033,0.00067528,0.000135608,0.0008169599999999999,0.06624000000000001,0.0090344,11.96
2604,2018-02-16,223.8611067664925,124.54233677148547,713.7011648131073,0.914033726006911,15.202953291188283,0.00880513352384758,6276.851919032607,152.2255526012149,71.6355541652776,0.0008702061855670103,0.00017475257731958764,0.001052783505154639,0.08536082474226805,0.011642268041237113,15.412371134020619
2608,2018-02-20,178.87243224644098,110.40944254688198,542.5092183445406,0.7190696150392252,13.477742922282273,0.007157203320269738,3798.5330469310434,121.63325392757987,57.239178318861114,0.000659453125,0.0001324296875,0.0007978124999999999,0.06468750000000001,0.00882265625,11.6796875
2609,2018-02-21,239.92467416336467,160.6829898382405,753.5474251832394,1.010087978381479,19.614663194263713,0.009393540232267397,6685.698891572191,163.14877843108798,76.7758957322767,0.0008702061855670103,0.00017475257731958764,0.001052783505154639,0.08536082474226805,0.011642268041237113,15.412371134020619
2610,2018-02-22,280.8870521951387,226.97862183129055,812.7603437702633,1.1722477874503925,27.707408382186895,0.010893987637954971,7836.553600623526,191.00319549269435,89.88385670244439,0.0008792708333333334,0.00017657291666666667,0.0010637499999999998,0.08625000000000001,0.011763541666666665,15.572916666666668
2611,2018-02-23,193.6647194488457,223.95559984035472,656.9095456207441,1.0099391346123194,27.3383863827783,0.007699043174875279,3901.1731714450343,131.6920092252151,61.97271022363062,0.0006443511450381679,0.0001293969465648855,0.0007795419847328243,0.06320610687022901,0.0086206106870229,11.412213740458016
2614,2018-02-26,151.05953912522025,215.33980506122012,601.1556780348425,0.9402528609520823,26.28665145480771,0.006138420101775183,2828.6730297866093,102.72048660514979,48.33905252007048,0.0006029285714285714,0.00012107857142857142,0.0007294285714285713,0.05914285714285714,0.00806642857142857,10.678571428571429
2615,2018-02-27,137.42888184803326,235.30850863983585,684.9783068283472,1.0558436658371706,28.72424236293644,0.005639130623671465,2716.4534110321356,93.45163965666262,43.97724219137064,0.000639469696969697,0.00012841666666666668,0.0007736363636363635,0.06272727272727273,0.00855530303030303,11.325757575757576
2616,2018-02-28,106.50368123928453,164.96243551723927,547.6257197809633,0.8083963396435767,20.137057541893224,0.004506343923940029,1851.8382834732404,72.42250324271349,34.08117799657105,0.000555328947368421,0.00011151973684210528,0.0006718421052631579,0.05447368421052632,0.0074296052631578945,9.835526315789474
2618,2018-03-02,272.1178320181962,162.4086983953315,533.3704315577753,0.7900376036940632,19.8253214111221,0.010572772066578959,4776.116988031636,185.04012577237344,87.0777062458228,0.000555328947368421,0.00011151973684210528,0.0006718421052631579,0.05447368421052632,0.0074296052631578945,9.835526315789474
2622,2018-03-06,127.32867316679244,143.00897144803594,516.3034680788322,0.7428488527719805,17.457185801279685,0.005269161089653799,2179.612888659968,86.58349775341887,40.74517541337358,0.0005410897435897436,0.00010866025641025641,0.0006546153846153846,0.053076923076923084,0.007239102564102564,9.583333333333334
2625,2018-03-09,104.58499578351854,105.35550650223892,427.9818644256,0.5954274475938501,12.86080609890838,0.004436062686551872,1488.7159135135298,71.1177971327926,33.46719865072593,0.0004466137566137566,8.96878306878307e-5,0.0005403174603174603,0.04380952380952381,0.005975132275132275,7.910052910052911
2628,2018-03-12,98.9115894675514,148.6907339639076,484.09759315617634,0.7190365832226495,18.15076175608864,0.004228246436684707,1477.5711550513038,67.25988083793496,31.651708629616447,0.00047960227272727277,9.631250000000002e-5,0.0005802272727272727,0.04704545454545455,0.0064164772727272725,8.494318181818183
2629,2018-03-13,76.27190055881388,156.85168228838495,522.6893616969085,0.7706615038306459,19.146973320807227,0.003398957119977092,1261.2653819720308,51.86489237999344,24.407008178820444,0.000530880503144654,0.00010661006289308176,0.0006422641509433962,0.05207547169811321,0.00710251572327044,9.40251572327044
2630,2018-03-14,89.08951518241531,130.34500577911007,438.80397235888125,0.6449219953109089,15.91128836963641,0.0038684649350304,1313.074285869242,60.580870324042415,28.5086448583729,0.00046894444444444446,9.417222222222222e-5,0.0005673333333333333,0.046000000000000006,0.006273888888888889,8.305555555555557
2631,2018-03-15,131.10470640344553,150.8152712887038,514.0961484646544,0.7526578070275848,18.410105225559,0.0054074767721400884,2148.616274353457,89.15120035434298,41.95350604910257,0.0005210493827160494,0.00010463580246913581,0.0006303703703703703,0.051111111111111114,0.006970987654320987,9.228395061728396
2632,2018-03-16,130.99513756863954,141.94430271078045,504.0670621502085,0.7288292254700682,17.327221088053033,0.0054034632777623616,2155.451762272118,89.07669354667489,41.91844402196465,0.0005210493827160494,0.00010463580246913581,0.0006303703703703703,0.051111111111111114,0.006970987654320987,9.228395061728396
2636,2018-03-20,91.91076149909114,95.10899853624464,475.5295347950236,0.6277167799382669,11.610009092500633,0.00397180687756553,1651.022915977322,62.49931781938198,29.411443679709166,0.0005516993464052287,0.00011079084967320262,0.0006674509803921568,0.054117647058823534,0.007381045751633987,9.77124183006536
2639,2018-03-23,210.27568797039157,135.63617012897745,464.36554573220934,0.678939858799836,16.55718378602506,0.0083075011263345,3206.0546608986865,142.98746781986628,67.2882201505253,0.0004823428571428571,9.686285714285713e-5,0.0005835428571428571,0.04731428571428571,0.006453142857142856,8.542857142857143
2642,2018-03-26,162.41153986830147,220.85610003056803,624.9020679283655,0.9727819163402343,26.960028692889324,0.0065542426414506695,2972.425447826618,110.43984711044502,51.971692757856474,0.0005902797202797202,0.00011853846153846152,0.000714125874125874,0.0579020979020979,0.007897202797202796,10.454545454545453
2643,2018-03-27,147.75129064049824,218.64096131247365,623.2597921156843,0.9677037432955964,26.689625460240155,0.006017239323344288,2659.491880638107,100.47087763553881,47.280413004959435,0.0005821379310344828,0.00011690344827586208,0.0007042758620689656,0.05710344827586208,0.007788275862068966,10.310344827586208
2644,2018-03-28,156.5926203417178,209.24855098136143,584.7606853301099,0.9142729465162872,25.543088633830887,0.006341096258669994,2636.2771873789766,106.48298183236811,50.1096385093497,0.0005445806451612903,0.00010936129032258064,0.0006588387096774193,0.05341935483870968,0.007285806451612903,9.645161290322582
2646,2018-03-30,182.38018007212125,181.14369758037122,590.4065340127562,0.8766303649437186,22.112313328121544,0.007285691737635683,3436.1347248466504,124.01852244904246,58.3616576230788,0.0005986524822695035,0.00012021985815602836,0.000724255319148936,0.05872340425531915,0.008009219858156027,10.602836879432624
2649,2018-04-02,117.34188538562955,156.2228019848392,544.6269104462515,0.7918815826911999,19.070205547466852,0.004903346150741444,2066.163862260756,79.7924820622281,37.54940332340146,0.0005590066225165563,0.00011225827814569537,0.0006762913907284768,0.05483443708609272,0.0074788079470198675,9.90066225165563
2651,2018-04-04,141.2186776186581,172.1873830422394,530.79428157144,0.802516003780461,21.01901096111807,0.005777950426264686,2295.1962791194683,96.02870078068752,45.18997683797059,0.0005210493827160494,0.00010463580246913581,0.0006303703703703703,0.051111111111111114,0.006970987654320987,9.228395061728396
2652,2018-04-05,146.00752241977435,173.45572335612417,535.5592446951491,0.8092923285851352,21.173837978574007,0.005953365285052955,2437.5932601519003,99.28511524544656,46.72240717432779,0.0005342405063291139,0.00010728481012658228,0.0006463291139240506,0.052405063291139246,0.00714746835443038,9.462025316455696
2653,2018-04-06,174.87101068286384,179.54835932623962,552.0136633023346,0.8353344848766863,21.917569487673855,0.007010631688137578,3022.7252672496425,118.91228726434743,55.95872341851643,0.0005516993464052287,0.00011079084967320262,0.0006674509803921568,0.054117647058823534,0.007381045751633987,9.77124183006536
2658,2018-04-11,159.54321861587593,156.94454120360905,489.68131330187765,0.7374166002917829,19.158308660960778,0.006449176349192391,2546.7260200714527,108.48938865879563,51.053829957080296,0.0005084939759036145,0.0001021144578313253,0.0006151807228915662,0.04987951807228916,0.006803012048192771,9.006024096385543
2659,2018-04-12,157.10347465664222,156.48269055441745,491.07783160579135,0.738116767160782,19.101930291731616,0.006359808796084646,2370.9468698708242,106.83036276651671,50.27311189012551,0.0004823428571428571,9.686285714285713e-5,0.0005835428571428571,0.04731428571428571,0.006453142857142856,8.542857142857143
2660,2018-04-13,166.7976329135713,195.55334730929908,545.8639398770122,0.8538026120673121,23.871307397529687,0.006714904747683236,2678.117536569396,113.4223903812285,53.37524253234282,0.0005178527607361963,0.00010399386503067485,0.0006265030674846625,0.05079754601226994,0.006928220858895705,9.171779141104295
2666,2018-04-19,160.80502250585866,168.89405339287043,529.9728541515714,0.7966049563914502,20.616992353391858,0.006495396087014802,2588.6310674481188,109.3474153039839,51.45760720187477,0.0005146951219512195,0.00010335975609756098,0.0006226829268292682,0.050487804878048784,0.006885975609756097,9.115853658536585
2667,2018-04-20,150.7220752597713,167.08114051722367,521.926908702269,0.7856698317001487,20.3956890561844,0.0061260588374698385,2409.8423270077,102.49101117664448,48.23106408312681,0.0005115757575757576,0.00010273333333333333,0.0006189090909090909,0.05018181818181818,0.006844242424242424,9.06060606060606
2670,2018-04-23,141.17897955017318,158.06447614971339,557.4272976918826,0.8076702637618127,19.295019751471585,0.005776496290378757,2635.4839175058937,96.00170609411776,45.17727345605542,0.0005902797202797202,0.00011853846153846152,0.000714125874125874,0.0579020979020979,0.007897202797202796,10.454545454545453
2671,2018-04-24,150.42976575782163,178.2448999982232,557.8617908583411,0.8392392898454104,21.75845547235586,0.006115351572537174,2669.9649374329065,102.29224071531871,48.13752504250292,0.000566510067114094,0.00011376510067114094,0.0006853691275167785,0.05557046979865773,0.007579194630872484,10.033557046979867
2672,2018-04-25,177.25946909628405,181.03186083716054,580.8549910079862,0.8667963186411466,22.09866135380224,0.007098120657338271,3468.0968532360025,120.53643898547317,56.723030110810896,0.0006206617647058823,0.00012463970588235293,0.0007508823529411763,0.06088235294117647,0.008303676470588234,10.992647058823529
2673,2018-04-26,230.72182170037135,190.7512536508826,577.5377997983896,0.878433682981052,23.285113116280808,0.009056440757907952,3884.2784316977722,156.89083875625252,73.83098294411883,0.0005376433121019108,0.00010796815286624204,0.0006504458598726114,0.05273885350318472,0.007192993630573248,9.522292993630574
2674,2018-04-27,239.54185070800986,227.15268434199086,597.8175631272592,0.9550983906944358,27.72865629103881,0.009379517451168653,3972.7210984268154,162.88845848144672,76.65339222656316,0.0005342405063291139,0.00010728481012658228,0.0006463291139240506,0.052405063291139246,0.00714746835443038,9.462025316455696
2677,2018-04-30,140.90120904517804,203.03254178983832,567.3470723396618,0.8870702397979551,24.78429688601168,0.005766321587306752,2229.8936908991022,95.81282215072108,45.088386894456974,0.0005146951219512195,0.00010335975609756098,0.0006226829268292682,0.050487804878048784,0.006885975609756097,9.115853658536585
2678,2018-05-01,171.13031795800416,211.3074908128222,640.5158522171183,0.9738461873939103,25.794424580293008,0.006873610524714489,3168.8345511250895,116.36861621144284,54.76170174656133,0.0005944366197183098,0.00011937323943661971,0.0007191549295774647,0.058309859154929575,0.00795281690140845,10.528169014084506
2679,2018-05-02,169.5945333775186,163.24254533484333,544.1513360222577,0.8022289124363945,19.927109577315413,0.00681735490430844,2773.626538223454,115.32428269671264,54.27025068080595,0.0005210493827160494,0.00010463580246913581,0.0006303703703703703,0.051111111111111114,0.006970987654320987,9.228395061728396
2680,2018-05-03,182.74894407531994,164.5751925355121,549.1033222072435,0.8092936111972457,20.08978657270995,0.007299199522547028,3175.3993558348243,124.26928197121757,58.47966210410238,0.0005516993464052287,0.00011079084967320262,0.0006674509803921568,0.054117647058823534,0.007381045751633987,9.77124183006536
2681,2018-05-04,185.4626090080337,180.44863622208902,576.5135709694259,0.8615052467046861,22.027466796103578,0.007398600770810431,3298.3148342856402,126.11457412546292,59.348034882570786,0.000566510067114094,0.00011376510067114094,0.0006853691275167785,0.05557046979865773,0.007579194630872484,10.033557046979867
2684,2018-05-07,152.7464266698699,172.4785800467939,561.1923112279438,0.8337132631690168,21.054557543698248,0.006200210607152896,2641.8443341942548,103.86757013551153,48.87885653435836,0.0005516993464052287,0.00011079084967320262,0.0006674509803921568,0.054117647058823534,0.007381045751633987,9.77124183006536
2685,2018-05-08,173.66787407061025,199.77651938907354,562.8910070973906,0.8775402495500378,24.38683239516375,0.0069665609262510655,2715.6056423494947,118.09415436801498,55.573719702595284,0.0005054491017964072,0.00010150299401197605,0.0006114970059880239,0.0495808383233533,0.0067622754491017956,8.952095808383234
2686,2018-05-09,168.352325664848,174.16847421744532,508.25010834809535,0.7827681824264069,21.260843878204764,0.006771852972307425,2465.8312548503477,114.47958145209664,53.87274421275136,0.0004715642458100559,9.469832402234638e-5,0.0005705027932960894,0.04625698324022347,0.006308938547486034,8.351955307262571
2687,2018-05-10,162.8533412937216,28.23641705286941,385.7214067416418,0.4337194705307282,3.446835354895725,0.006570425779111439,2645.185505865166,110.7402720797307,52.11306921399091,0.000493625730994152,9.912865497076023e-5,0.0005971929824561403,0.04842105263157895,0.006604093567251461,8.742690058479532
2688,2018-05-11,180.8306581897818,26.96962459413488,392.0921957092947,0.4382095163568286,3.292197284990969,0.007228932921372405,3254.500193048644,122.96484756905163,57.86581062073017,0.0005481168831168831,0.00011007142857142857,0.0006631168831168831,0.053766233766233774,0.007333116883116883,9.707792207792208
2692,2018-05-15,174.75696201794702,11.062593892388175,372.4407678892599,0.3937942364802647,1.3504170757125924,0.007006454098075209,3103.57867674062,118.83473417220398,55.922227845743045,0.0005376433121019108,0.00010796815286624204,0.0006504458598726114,0.05273885350318472,0.007192993630573248,9.522292993630574
2693,2018-05-16,174.68982526726782,15.566485207658163,371.13671170362954,0.39942268970979705,1.900209628748383,0.007003994886275914,3098.0406673389916,118.78908118174213,55.9007440855257,0.0005376433121019108,0.00010796815286624204,0.0006504458598726114,0.05273885350318472,0.007192993630573248,9.522292993630574
2694,2018-05-17,179.2568795226212,16.078971226215906,404.3195064306798,0.4337781331583083,1.9627690860742566,0.007171285581746863,3258.978326955191,121.89467807538243,57.36220144723879,0.0005516993464052287,0.00011079084967320262,0.0006674509803921568,0.054117647058823534,0.007381045751633987,9.77124183006536
2695,2018-05-18,160.44937448431392,23.922902518741893,371.0576016003538,0.41223294993796433,2.9202822029059123,0.006482368739070042,2611.692400062032,109.10557464933348,51.34379983498046,0.000493625730994152,9.912865497076023e-5,0.0005971929824561403,0.04842105263157895,0.006604093567251461,8.742690058479532
2699,2018-05-22,167.36374253129375,18.003066050935665,401.58753390823733,0.4339827344555503,2.197644426511333,0.006735641280767022,2989.6877614048985,113.80734492127976,53.556397610014,0.0005410897435897436,0.00010866025641025641,0.0006546153846153846,0.053076923076923084,0.007239102564102564,9.583333333333334
2702,2018-05-25,117.13618196609383,34.94990053195223,351.0770937551777,0.4090321759699512,4.2663540695713,0.004895811257089909,1855.4098904897544,79.6526037369438,37.48357822915003,0.00047689265536723165,9.576836158192091e-5,0.0005769491525423728,0.04677966101694916,0.006380225988700565,8.44632768361582
2706,2018-05-29,108.23262950348325,24.91027921607958,377.32109832605954,0.4200916608761842,3.0408118332273295,0.004569675108852505,1869.3905878766338,73.59818806236862,34.63444144111464,0.0005146951219512195,0.00010335975609756098,0.0006226829268292682,0.050487804878048784,0.006885975609756097,9.115853658536585
2707,2018-05-30,121.04756147459025,23.505650524120764,390.2680983232178,0.4310210236299788,2.8693480165936758,0.005039084658639755,2174.0744011326165,82.31234180272138,38.73521967186888,0.0005376433121019108,0.00010796815286624204,0.0006504458598726114,0.05273885350318472,0.007192993630573248,9.522292993630574
2708,2018-05-31,146.55307127588864,26.626726828791796,394.2329912651757,0.43984602305936926,3.250339561382259,0.005973348679698586,2623.5487898613633,99.65608846760428,46.89698280828436,0.0005410897435897436,0.00010866025641025641,0.0006546153846153846,0.053076923076923084,0.007239102564102564,9.583333333333334
2709,2018-06-01,111.08882629007203,0.5632283634937958,349.3222566861061,0.3542136009284141,0.06875360399074407,0.004674297283259617,1665.5367396674387,75.540401877249,35.54842441282305,0.0004419371727748691,8.874869109947645e-5,0.0005346596858638743,0.04335078534031414,0.005912565445026178,7.827225130890053
2713,2018-06-05,146.31176015279718,34.9032942491792,369.3444559787951,0.42743799826581524,4.260664814347396,0.005964509479778961,2422.3766393878627,99.49199690390209,46.8197632488951,0.0005024404761904762,0.00010089880952380953,0.0006078571428571427,0.04928571428571429,0.006722023809523809,8.898809523809524
2714,2018-06-06,180.69376897086445,42.530025143750684,376.7805186010023,0.44672438462970887,5.1916641561003924,0.007223918684327091,2963.744153535302,122.87176290018783,57.82200607067663,0.0005024404761904762,0.00010089880952380953,0.0006078571428571427,0.04928571428571429,0.006722023809523809,8.898809523809524
2715,2018-06-07,164.08947668705528,21.850658085563886,334.26388611354713,0.3718189830034437,2.6673221562084164,0.00661570528272247,2467.0700203394626,111.5808441471976,52.50863253985769,0.0004562702702702703,9.162702702702703e-5,0.000552,0.04475675675675676,0.006104324324324324,8.081081081081082
2716,2018-06-08,150.25898061929541,23.398839993171336,345.9785643804249,0.386056723259117,2.8563095948398693,0.006109095731681624,2277.51941945101,102.17610682112088,48.08287379817453,0.00045875,9.2125e-5,0.0005549999999999999,0.045000000000000005,0.0061375,8.125
2719,2018-06-11,0.0,24.570848295332993,281.8050997678242,0.32295217967777806,2.999377309293804,0.0006051257845121058,76.66689888057451,0.0,0.0,0.00041787128712871284,8.391584158415841e-5,0.0005055445544554454,0.04099009900990099,0.00559059405940594,7.400990099009901
2720,2018-06-12,0.0,31.17553697078903,300.3750085190196,0.35192405889608425,3.805615380930724,0.0006051257845121058,67.79680867880381,0.0,0.0,0.00040777777777777774,8.188888888888889e-5,0.0004933333333333333,0.04,0.005455555555555555,7.222222222222222
2721,2018-06-13,0.0,47.647071510624244,292.4595985178967,0.36932584360657617,5.816304892102987,0.0006051257845121058,50.79741697877718,0.0,0.0,0.0004038755980861244,8.110526315789474e-5,0.0004886124401913875,0.03961722488038278,0.0054033492822966505,7.153110047846891
2722,2018-06-14,40.12507365713721,39.564174615266424,311.7936765420551,0.37641419876818893,4.829621109357786,0.0020749028229734364,579.4229014094319,27.285050086853303,12.840023570283906,0.00040777777777777774,8.188888888888889e-5,0.0004933333333333333,0.04,0.005455555555555555,7.222222222222222
2723,2018-06-15,43.19169544701075,23.547428680526554,333.8626742615003,0.37403052281100735,2.8744478997088816,0.0021872328421259275,759.5070702744963,29.370352903967312,13.821342543043441,0.0004851149425287356,9.741954022988505e-5,0.0005868965517241378,0.04758620689655173,0.00649022988505747,8.591954022988505
2726,2018-06-18,0.06546875687350162,7.348655863900571,348.7267657410835,0.36407818685358134,0.8970545659255396,0.000607523897881604,120.17359193907565,0.04451875467398111,0.02095000219952052,0.0005242857142857142,0.00010528571428571428,0.0006342857142857142,0.051428571428571435,0.007014285714285714,9.285714285714286
2727,2018-06-19,115.53065556344085,5.282580371823949,330.41740619299264,0.34237094365373577,0.6448475653475539,0.00483700100140224,1849.5328576079357,78.56084578313978,36.96980978030107,0.00047421348314606745,9.523033707865169e-5,0.0005737078651685393,0.04651685393258428,0.006344382022471911,8.398876404494382
2728,2018-06-20,88.39287047214265,20.59884184735026,276.89780813203106,0.31186131817080515,2.51451224198919,0.0038429469158518317,1176.9430749693022,60.107151921057,28.285718551085647,0.0003926046511627907,7.884186046511629e-5,0.0004749767441860465,0.03851162790697675,0.005252558139534884,6.953488372093024
2729,2018-06-21,88.7566667367011,60.50343606658648,230.30379106859363,0.3262860202732223,7.3856885643991745,0.003856272733042722,1148.188362844028,60.35453338095676,28.402133355744354,0.0003944392523364486,7.921028037383179e-5,0.000477196261682243,0.038691588785046735,0.005277102803738318,6.9859813084112155
2730,2018-06-22,90.01860986565895,33.153406079424165,298.2447913557078,0.3528202950103656,4.04705497853388,0.003902497571173489,1208.0564046238956,61.21265470864809,28.805955157010864,0.0004000473933649289,8.033649289099527e-5,0.0004839810426540284,0.039241706161137445,0.005352132701421801,7.085308056872039
2733,2018-06-25,79.50831577135922,27.02975945923662,304.3637186911385,0.3495635863885027,3.2995379818898165,0.0035175066535423705,1159.107498283846,54.06565472452427,25.442661046834953,0.0004284771573604061,8.604568527918781e-5,0.0005183756345177664,0.04203045685279188,0.00573248730964467,7.588832487309645
2734,2018-06-26,0.0,40.14442996264574,329.2944630858431,0.3950115902223601,4.9004532068746025,0.0006051257845121058,63.515454249258205,0.0,0.0,0.0004263131313131313,8.56111111111111e-5,0.0005157575757575757,0.041818181818181824,0.005703535353535353,7.550505050505051
2735,2018-06-27,0.0,62.55481929657105,377.9918895506811,0.47883916617296,7.6361020722571915,0.0006051257845121058,53.84488251715331,0.0,0.0,0.00047689265536723165,9.576836158192091e-5,0.0005769491525423728,0.04677966101694916,0.006380225988700565,8.44632768361582
2736,2018-06-28,139.15929846436714,64.3243672081008,402.0218324004799,0.505875454769689,7.852111783837182,0.005702515594161284,2279.523925822732,94.62832295576966,44.530975508597486,0.0005024404761904762,0.00010089880952380953,0.0006078571428571427,0.04928571428571429,0.006722023809523809,8.898809523809524
2740,2018-07-02,147.17977175960166,-1.3310003182232086,284.7956526712335,0.28602199465645683,-0.16247595952557325,0.005996304649544892,1907.0160335568498,100.08224479652914,47.09752696307253,0.00038720183486238533,7.775688073394495e-5,0.000468440366972477,0.03798165137614679,0.005180275229357798,6.857798165137615
2741,2018-07-03,198.87950170403064,22.66582158727014,285.26966004223675,0.32351801578588096,2.7668296246113946,0.007890060075797107,2494.457213936551,135.23806115874086,63.64144054528981,0.00038368181818181817,7.705e-5,0.0004641818181818181,0.03763636363636364,0.005133181818181818,6.795454545454546
2743,2018-07-05,88.70784808547528,21.04451530117441,277.69118549333473,0.31335130983877557,2.5689158518559547,0.0038544845112133117,1121.9835409274558,60.32133669812319,28.38651138735209,0.0003734955752212389,7.500442477876106e-5,0.00045185840707964595,0.03663716814159292,0.004996902654867256,6.615044247787611
2744,2018-07-06,98.36217224619735,2.9782988822428265,260.07662448487645,0.2676656766617561,0.3635626243067473,0.004208121344245462,1254.151613119925,66.8862771274142,31.47589511878315,0.0003734955752212389,7.500442477876106e-5,0.00045185840707964595,0.03663716814159292,0.004996902654867256,6.615044247787611
2747,2018-07-09,83.62106086262784,4.2306694824076825,248.15879427449053,0.25754246747842485,0.5164402098020194,0.0036681560542598185,1014.8945976480072,56.862321386586935,26.758739476040912,0.0003517083333333333,7.062916666666668e-5,0.0004255,0.0345,0.004705416666666667,6.229166666666667
2748,2018-07-10,89.47475769703591,20.19389718586237,239.18552778526092,0.27309012005583977,2.4650804187738253,0.0038825763260042024,1157.9670072874746,60.842835233984424,28.63192246305149,0.00038194570135746604,7.670135746606335e-5,0.00046208144796380086,0.0374660633484163,0.005109954751131221,6.764705882352942
2749,2018-07-11,78.8653012487419,-26.744833382587345,233.3927560898339,0.19482480005153338,-3.264756895015813,0.003493953102243855,1101.735327262831,53.628404849144495,25.23689639959741,0.00037683035714285715,7.567410714285715e-5,0.0004558928571428571,0.03696428571428572,0.005041517857142857,6.674107142857143
2755,2018-07-17,73.73515899709096,33.86635290294441,298.41261177388617,0.35408981170367565,4.134084799380801,0.003306036555349849,962.6633488682421,50.13990811802186,23.59525087906911,0.0003854337899543379,7.740182648401827e-5,0.00046630136986301366,0.0378082191780822,0.0051566210045662095,6.826484018264841
2757,2018-07-19,137.0261081362389,189.33466332420926,464.2942775899608,0.7617009575952645,23.112189136151216,0.005624377066871802,1653.1995322580685,93.17775353264246,43.84835460359645,0.0004000473933649289,8.033649289099527e-5,0.0004839810426540284,0.039241706161137445,0.005352132701421801,7.085308056872039
2758,2018-07-20,142.32180313667322,-0.7393142066778762,283.2969293395594,0.2854187249314699,-0.09024850218009611,0.0058183577927600994,1943.7658815021857,96.7788261329378,45.54297700373543,0.00040777777777777774,8.188888888888889e-5,0.0004933333333333333,0.04,0.005455555555555555,7.222222222222222
2761,2018-07-23,79.48472496434276,184.22965650826757,444.82660359982043,0.7341343255189083,22.489018074921155,0.0035166425248739017,881.6154347252386,54.04961297575308,25.435111988589682,0.00038368181818181817,7.705e-5,0.0004641818181818181,0.03763636363636364,0.005133181818181818,6.795454545454546
2762,2018-07-24,137.09117276498355,-84.43848529149615,269.5449243382834,0.14239730665696707,-10.30745352257769,0.005626760377072353,2605.8520935818156,93.22199748018882,43.869175284794736,0.0005210493827160494,0.00010463580246913581,0.0006303703703703703,0.051111111111111114,0.006970987654320987,9.228395061728396
2763,2018-07-25,101.3617786213274,65.34335801998076,317.8745298605786,0.4223310309124608,7.976500566951037,0.004317996596120649,1270.2550439941808,68.92600946250263,32.43576915882477,0.0003854337899543379,7.740182648401827e-5,0.00046630136986301366,0.0378082191780822,0.0051566210045662095,6.826484018264841
2764,2018-07-26,112.16550498953198,64.21211023799263,361.7924713970227,0.46500967974838386,7.838408512183493,0.004713735905697763,1559.1590133839202,76.27254339288176,35.89296159665024,0.0004263131313131313,8.56111111111111e-5,0.0005157575757575757,0.041818181818181824,0.005703535353535353,7.550505050505051
2765,2018-07-27,76.5018717196405,56.67621875622339,326.3425211757237,0.4175269444059487,6.918497988784416,0.003407380938325177,964.9842153253317,52.02127276935555,24.48059895028496,0.00038194570135746604,7.670135746606335e-5,0.00046208144796380086,0.0374660633484163,0.005109954751131221,6.764705882352942
2768,2018-07-30,68.75932672832117,62.55336340606517,329.4494428102041,0.42973549561739666,7.635924350882021,0.003123772366170674,895.6056331731907,46.756342175258396,22.002984553062774,0.0003944392523364486,7.921028037383179e-5,0.000477196261682243,0.038691588785046735,0.005277102803738318,6.9859813084112155
2770,2018-08-01,86.71488395943608,-109.3089061450085,169.7471796904708,0.0030862319487145076,-13.343399823006447,0.0037814824542960024,1443.9254813441569,58.966121092416536,27.748762867019547,0.00039078703703703704,7.847685185185186e-5,0.00047277777777777775,0.03833333333333334,0.005228240740740741,6.921296296296297
2771,2018-08-02,97.48720277540994,-106.74487896408928,165.82297788095457,0.0030720096816697407,-13.030407578928232,0.004176071308686481,1565.2410423284957,66.29129788727876,31.19590488813118,0.0003889861751152074,7.81152073732719e-5,0.0004705990783410138,0.038156682027649776,0.005204147465437788,6.889400921658987
2772,2018-08-03,99.31794836743641,-107.90988140075862,167.6566401642128,0.003129700004330205,-13.172620083430232,0.004243131318530131,1615.5847865933017,67.53620488985676,31.781743477579653,0.0003962910798122066,7.958215962441315e-5,0.00047943661971830984,0.03887323943661972,0.0053018779342723,7.018779342723005
2777,2018-08-08,99.31794836743641,-111.26826631805037,172.77817716308263,0.003129700004330205,-13.582580024402748,0.004243131318530131,1623.980748886531,67.53620488985676,31.781743477579653,0.0003962910798122066,7.958215962441315e-5,0.00047943661971830984,0.03887323943661972,0.0053018779342723,7.018779342723005
2783,2018-08-14,136.16462742680247,-113.57707749846469,178.3629813591649,0.0052173330796694275,-13.864417907358295,0.005592821123158742,2137.1437662729018,92.59194665022568,43.57268077657679,0.00040581730769230766,8.14951923076923e-5,0.0004909615384615384,0.03980769230769231,0.005429326923076922,7.1875
2785,2018-08-16,59.49947470473637,63.48333780726453,349.15880770665456,0.4511063606219705,7.749446850539116,0.0027845850041708095,778.6649142975605,40.45964279922074,19.03983190551564,0.0003944392523364486,7.921028037383179e-5,0.000477196261682243,0.038691588785046735,0.005277102803738318,6.9859813084112155
2786,2018-08-17,63.193333365827755,64.66097509577227,363.20010270132565,0.4671259215765408,7.8932016985310485,0.00291989064098496,827.9675850373781,42.971466688762874,20.22186667706488,0.0003962910798122066,7.958215962441315e-5,0.00047943661971830984,0.03887323943661972,0.0053018779342723,7.018779342723005
2790,2018-08-21,73.58441220668851,70.1133517425693,369.93199847904214,0.4823459589385381,8.55877639092914,0.0033005147169839315,958.2920429433542,50.03740030054819,23.547011906140323,0.0003981603773584906,7.995754716981133e-5,0.00048169811320754715,0.039056603773584914,0.00532688679245283,7.051886792452831
2791,2018-08-22,96.70383901487106,83.48326439847554,378.7498803740747,0.5118892832883213,10.190849169425034,0.004147376780226769,1237.6959700054438,65.75861053011234,30.94522848475874,0.0003981603773584906,7.995754716981133e-5,0.00048169811320754715,0.039056603773584914,0.00532688679245283,7.051886792452831
2792,2018-08-23,146.10402475917707,96.8375741244666,397.1081485713366,0.5510587853290327,11.821017289466178,0.00595690015514002,1877.446382160178,99.35073683624042,46.753287922936664,0.0004038755980861244,8.110526315789474e-5,0.0004886124401913875,0.03961722488038278,0.0054033492822966505,7.153110047846891
2800,2018-08-31,115.2458007547587,115.72450787119288,386.16771736761405,0.569126614983401,14.126555944101325,0.00482656680106472,1448.1627854684814,78.36714451323593,36.87865624152278,0.0004000473933649289,8.033649289099527e-5,0.0004839810426540284,0.039241706161137445,0.005352132701421801,7.085308056872039
2805,2018-09-05,133.7914665929333,103.5699184396397,406.13391906470906,0.5705735398075247,12.642838357040747,0.005505892502615856,1904.8497039718666,90.97819728319465,42.81326930973865,0.0004466137566137566,8.96878306878307e-5,0.0005403174603174603,0.04380952380952381,0.005975132275132275,7.910052910052911
2806,2018-09-06,145.5030997669708,98.92508921562478,418.16391398294115,0.5755771318041117,12.075841433995919,0.005934888338714975,2075.5476490108354,98.94210784154015,46.560991925430656,0.0004466137566137566,8.96878306878307e-5,0.0005403174603174603,0.04380952380952381,0.005975132275132275,7.910052910052911
2811,2018-09-11,107.50255907178412,97.44579159849197,376.0655035018434,0.5307120415109841,11.895262739553228,0.004542932709171449,1403.0750561695063,73.10174016881321,34.40081890297092,0.000409757281553398,8.228640776699029e-5,0.0004957281553398058,0.040194174757281556,0.005482038834951456,7.257281553398058
2812,2018-09-12,117.57461303848962,105.39255458337551,398.6545712486515,0.565819592457952,12.865328579067729,0.0049118709390897864,1518.5694529635005,79.95073686617295,37.62387617231668,0.00040777777777777774,8.188888888888889e-5,0.0004933333333333333,0.04,0.005455555555555555,7.222222222222222
2813,2018-09-13,129.2261604423299,131.39136152746002,436.5952220482513,0.6443018780077253,16.0390176059789,0.005338665840029789,1706.1913647001777,87.87378910078434,41.35237134154557,0.00042205,8.4755e-5,0.0005105999999999999,0.0414,0.0056465,7.4750000000000005
2817,2018-09-17,117.49110400194432,93.10734576463197,373.9334904596745,0.5218631615902589,11.365666209743896,0.004908812012258472,1399.846074587779,79.89395072132214,37.59715328062219,0.00037515555555555556,7.533777777777778e-5,0.0004538666666666666,0.036800000000000006,0.0050191111111111105,6.644444444444445
2818,2018-09-18,124.15980690278923,112.51150210176824,403.5573948122497,0.5817602822002634,13.73434251770233,0.005153085866650236,1548.8629024634085,84.42866869389668,39.73113820889255,0.0003962910798122066,7.958215962441315e-5,0.00047943661971830984,0.03887323943661972,0.0053018779342723,7.018779342723005
2819,2018-09-19,133.56585288027327,152.91139576477764,458.435297333694,0.6995894070637835,18.66598032256106,0.005497628297115246,1762.5120643171163,90.82477995858584,42.74107292168745,0.0004263131313131313,8.56111111111111e-5,0.0005157575757575757,0.041818181818181824,0.005703535353535353,7.550505050505051
2820,2018-09-20,121.8225732739054,117.76847236725352,409.44708946299323,0.5958269940726894,14.376063842925104,0.005067473255677694,1484.2821206284534,82.83934982625568,38.98322344764973,0.0003889861751152074,7.81152073732719e-5,0.0004705990783410138,0.038156682027649776,0.005204147465437788,6.889400921658987
2824,2018-09-24,124.11032112881442,111.35812033860758,397.1853711598998,0.5735357217237679,13.593548555369559,0.005151273208187844,1549.364438658743,84.3950183675938,39.71530276122061,0.0003962910798122066,7.958215962441315e-5,0.00047943661971830984,0.03887323943661972,0.0053018779342723,7.018779342723005
2827,2018-09-27,122.95580651366268,150.39179571002487,435.677646881972,0.6726830606278478,18.358411322830747,0.005108983464711792,1481.484137622986,83.60994842929063,39.34585808437206,0.0003926046511627907,7.884186046511629e-5,0.0004749767441860465,0.03851162790697675,0.005252558139534884,6.953488372093024
2831,2018-10-01,103.1005028302363,131.27051138601644,418.07412720586484,0.6253810895943105,16.02426536105377,0.0043816858728135165,1252.4804068158228,70.10834192456069,32.99216090567562,0.0003926046511627907,7.884186046511629e-5,0.0004749767441860465,0.03851162790697675,0.005252558139534884,6.953488372093024
2833,2018-10-03,139.35666428544434,144.7365627343649,447.787000041,0.6762083155318285,17.668073843958013,0.005709745082497557,1838.9100335225196,94.76253171410215,44.594132571342186,0.00042417085427135675,8.518090452261307e-5,0.0005131658291457285,0.04160804020100503,0.005674874371859296,7.5125628140703515
2839,2018-10-09,137.89175058823295,139.80313437166282,408.4467468646516,0.6288049368996645,17.06584746128462,0.00565608545475739,1748.2199000546457,93.76639039999841,44.125360188234545,0.00040777777777777774,8.188888888888889e-5,0.0004933333333333333,0.04,0.005455555555555555,7.222222222222222
2842,2018-10-12,146.53823947027422,157.82865914785566,439.5811571423023,0.688103334349667,19.266233437054748,0.005972805392288893,1862.1354149416188,99.64600283978648,46.89223663048775,0.00041175609756097557,8.268780487804878e-5,0.0004981463414634146,0.040390243902439026,0.005508780487804878,7.2926829268292686
2845,2018-10-15,93.81018172404048,93.99828643287015,373.7376695347438,0.5230394158399485,11.474423839603514,0.004041382431666053,1203.055897678383,63.79092357234753,30.019258151692952,0.000401952380952381,8.071904761904763e-5,0.00048628571428571427,0.03942857142857143,0.005377619047619048,7.1190476190476195
2846,2018-10-16,115.28954111131473,100.04274288541816,390.6069562256324,0.549426897689076,12.212274047820808,0.004828169005518462,1478.9514669208158,78.39688795569403,36.892653155620714,0.0004038755980861244,8.110526315789474e-5,0.0004886124401913875,0.03961722488038278,0.0054033492822966505,7.153110047846891
2847,2018-10-17,137.89175058823295,127.5455608736335,420.253752381653,0.6218398512479649,15.569558551146608,0.00565608545475739,1760.1710342152244,93.76639039999841,44.125360188234545,0.00040777777777777774,8.188888888888889e-5,0.0004933333333333333,0.04,0.005455555555555555,7.222222222222222
2848,2018-10-18,137.2288094796357,127.12645901785258,417.34782361752093,0.6182539699408272,15.51839855123928,0.005631801994804287,1742.9725681117468,93.31559044615227,43.91321903348342,0.00040581730769230766,8.14951923076923e-5,0.0004909615384615384,0.03980769230769231,0.005429326923076922,7.1875
2849,2018-10-19,109.31238495221159,111.93355908970479,403.55704418783864,0.5808684153357283,13.663792688261672,0.004609226432278228,1419.9315542323393,74.33242176750389,34.97996318470771,0.00041175609756097557,8.268780487804878e-5,0.0004981463414634146,0.040390243902439026,0.005508780487804878,7.2926829268292686
2854,2018-10-24,148.60964532243534,159.24899710525628,476.61011025989336,0.7277496423949847,19.43961489258086,0.006048680761013587,2026.1825281206222,101.05455881925604,47.55508650317931,0.0004396354166666667,8.828645833333334e-5,0.0005318749999999999,0.043125000000000004,0.005881770833333333,7.786458333333334
2856,2018-10-26,136.52177943496454,126.63339038131308,410.115349609042,0.6101776239220116,15.458209384687715,0.005605903561968012,1725.449018785182,92.8348100157759,43.68696941918866,0.0004038755980861244,8.110526315789474e-5,0.0004886124401913875,0.03961722488038278,0.0054033492822966505,7.153110047846891
2861,2018-10-31,112.17020945106069,140.73589520221157,409.6274232500369,0.6314380492998246,17.179710101943932,0.004713908229606556,1356.374353543843,76.27574242672127,35.89446702433942,0.0003926046511627907,7.884186046511629e-5,0.0004749767441860465,0.03851162790697675,0.005252558139534884,6.953488372093024
2866,2018-11-05,176.39353741473616,125.2839267977877,387.2836262771161,0.5850013582242178,15.29347960395348,0.007066401675005913,2172.4710048621655,119.9476054420206,56.44593197271557,0.0003926046511627907,7.884186046511629e-5,0.0004749767441860465,0.03851162790697675,0.005252558139534884,6.953488372093024
2867,2018-11-06,161.8503922845726,120.72396757694565,397.6562840105954,0.588459445532723,14.736842810062386,0.006533687867126758,2005.4012533998302,110.05826675350937,51.79212553106323,0.0003944392523364486,7.921028037383179e-5,0.000477196261682243,0.038691588785046735,0.005277102803738318,6.9859813084112155
2870,2018-11-09,143.0706429829341,141.95252572602251,433.98834007086833,0.6579562144560234,17.32822487616139,0.005845787714033861,1776.2173101115059,97.28803722839518,45.782605754538906,0.0004000473933649289,8.033649289099527e-5,0.0004839810426540284,0.039241706161137445,0.005352132701421801,7.085308056872039
2874,2018-11-13,142.83100457902268,144.10830244339328,439.6421717318388,0.6670005678928552,17.591381755902244,0.005837009785633975,1808.0085114386395,97.12508311373543,45.705921465287254,0.00040777777777777774,8.188888888888889e-5,0.0004933333333333333,0.04,0.005455555555555555,7.222222222222222
2877,2018-11-16,204.46513328531745,144.82895803148324,436.79286156869256,0.6652301022540296,17.67935258998791,0.008094661146779054,2553.677400608786,139.03629063401587,65.42884265130158,0.0004000473933649289,8.033649289099527e-5,0.0004839810426540284,0.039241706161137445,0.005352132701421801,7.085308056872039
2882,2018-11-21,134.34307944545938,140.6671992284527,411.49812804525124,0.6332243280008553,17.171324345682866,0.0055260980207836406,1592.7637948535653,91.35329402291238,42.989785422547,0.00038368181818181817,7.705e-5,0.0004641818181818181,0.03763636363636364,0.005133181818181818,6.795454545454546
2887,2018-11-26,90.33233587279368,113.96900836604401,405.9366982468632,0.5864152758366333,13.912261129411503,0.003913989320337488,1157.2941075784615,61.42598839349971,28.906347479293977,0.00040777777777777774,8.188888888888889e-5,0.0004933333333333333,0.04,0.005455555555555555,7.222222222222222
2888,2018-11-27,137.47784255866605,155.02137945639632,441.75108984438583,0.6859678549025832,18.923547221821234,0.00564092404912134,1701.174862902597,93.48493293989293,43.99290961877314,0.000401952380952381,8.071904761904763e-5,0.00048628571428571427,0.03942857142857143,0.005377619047619048,7.1190476190476195
2891,2018-11-30,147.46852711048538,145.71894964838677,411.3667037156545,0.6408840221738997,17.78799436861585,0.0060068817263146,1791.7771786109492,100.27859843513006,47.189928675355326,0.0003926046511627907,7.884186046511629e-5,0.0004749767441860465,0.03851162790697675,0.005252558139534884,6.953488372093024
2895,2018-12-04,141.59050802951333,137.7534231837525,411.7417925323284,0.6289761218004746,16.81563806054563,0.005791570533351505,1651.4756669806536,96.28154546006907,45.30896256944427,0.00037683035714285715,7.567410714285715e-5,0.0004558928571428571,0.03696428571428572,0.005041517857142857,6.674107142857143
2897,2018-12-06,152.4314102343959,108.87417525602866,409.2243587983728,0.5818817050425603,13.290331978201799,0.006188671589740644,1956.7655894568456,103.65335895938922,48.778051275006696,0.00040581730769230766,8.14951923076923e-5,0.0004909615384615384,0.03980769230769231,0.005429326923076922,7.1875
2901,2018-12-10,117.67645332695952,137.72129585907464,429.0951785525681,0.6464797779082784,16.811716259902493,0.0049156013376645625,1488.3682322867858,80.01998826233248,37.65646506462705,0.00040777777777777774,8.188888888888889e-5,0.0004933333333333333,0.04,0.005455555555555555,7.222222222222222
2902,2018-12-11,157.32264079040812,141.4835073879197,425.9523332281184,0.6491041817742399,17.270971543104288,0.006367836827478929,1918.8130152782073,106.97939573747753,50.3432450529306,0.0003926046511627907,7.884186046511629e-5,0.0004749767441860465,0.03851162790697675,0.005252558139534884,6.953488372093024
2904,2018-12-13,196.5964558780288,158.08683272897088,434.32141036256917,0.6831812687448815,19.297748831710585,0.007806432358089088,2323.3321997510216,133.6855899970596,62.91086588096921,0.00038194570135746604,7.670135746606335e-5,0.00046208144796380086,0.0374660633484163,0.005109954751131221,6.764705882352942
2922,2018-12-31,41.63485593370335,58.26214271352014,253.20363925310588,0.3459922346066166,7.112092620707841,0.002130205981844475,414.53091562009234,28.31170203491828,13.323153898785073,0.0003014642857142857,6.053928571428571e-5,0.00036471428571428565,0.02957142857142857,0.004033214285714285,5.339285714285714
2924,2019-01-02,51.0702765311739,65.8188656988446,222.81645577440787,0.32691183958959463,8.03454605749481,0.002475824401411427,443.16951483041,34.72778804119826,16.34248848997565,0.00027229032258064515,5.468064516129032e-5,0.00032941935483870964,0.02670967741935484,0.0036429032258064515,4.822580645161291
2926,2019-01-04,57.78139393707886,61.942364333720576,275.7778160250446,0.3745033238843089,7.561339349519329,0.0027216518944623404,579.2882181694604,39.291347877213624,18.490046059865236,0.0003080656934306569,6.186496350364963e-5,0.00037270072992700724,0.03021897810218978,0.004121532846715328,5.456204379562044
2929,2019-01-07,68.50757849936274,47.73223922282539,295.2420565613378,0.3722717186968877,5.826701362765705,0.0031145508562101408,836.7349854341116,46.58515337956666,21.922425119796078,0.0003654112554112554,7.338095238095239e-5,0.000442077922077922,0.035844155844155845,0.004888744588744588,6.471861471861472
2930,2019-01-08,72.55166832940444,84.12237343457912,332.74941102777024,0.4663449719211549,10.26886556991772,0.00326268542225381,885.9128063456069,49.33513446399502,23.21653386540942,0.00038022522522522523,7.635585585585585e-5,0.00045999999999999996,0.0372972972972973,0.005086936936936937,6.7342342342342345
2932,2019-01-10,100.2470225016481,113.17213930823691,368.27648512233515,0.5470921773222436,13.814986874093304,0.004277163201964438,1198.0234920690223,68.16797530112072,32.07904720052739,0.00038194570135746604,7.670135746606335e-5,0.00046208144796380086,0.0374660633484163,0.005109954751131221,6.764705882352942
2933,2019-01-11,97.1600170126882,113.2107632668314,364.3169261098213,0.5431466028322728,13.819701722502728,0.004164086530154509,1121.5090937320851,66.06881156862798,31.091205444060225,0.000370219298245614,7.434649122807018e-5,0.0004478947368421052,0.03631578947368421,0.004953070175438596,6.557017543859649
2936,2019-01-14,126.59806995807588,125.93607177233807,355.2718658775491,0.5536269478977728,15.373087308804598,0.005242399174409147,1476.3771533340364,86.08668757149161,40.51138238658428,0.00037515555555555556,7.533777777777778e-5,0.0004538666666666666,0.036800000000000006,0.0050191111111111105,6.644444444444445
2944,2019-01-22,72.49373527841134,63.22931666430599,291.738349563927,0.3926328489717706,7.718438346351028,0.0032605633409625648,836.7847933313999,49.29573998931971,23.19799528909163,0.0003531799163179916,7.092468619246862e-5,0.0004272803347280334,0.03464435146443515,0.00472510460251046,6.2552301255230125
2945,2019-01-23,67.49414198197819,53.77814998804683,260.5281336249543,0.3464842411487041,6.564729099751274,0.003077428787951331,765.9347500043987,45.89601654774517,21.598125434233022,0.000343130081300813,6.890650406504065e-5,0.0004151219512195122,0.033658536585365856,0.004590650406504065,6.077235772357724
2952,2019-01-30,51.988451084581946,92.47550175287213,338.1103128926157,0.4846528136999073,11.288536654870303,0.0025094570343987214,607.3843514674812,35.352146737515724,16.636304347066222,0.00036860262008733623,7.402183406113537e-5,0.0004459388646288209,0.03615720524017468,0.0049314410480349345,6.528384279475983
2953,2019-01-31,117.6961865652342,83.45315020061669,328.5437664251819,0.46105858081412515,10.18717311230809,0.004916324164013953,1398.5483388633886,80.03340686435926,37.66277970087494,0.00037185022026431716,7.467400881057268e-5,0.0004498678414096916,0.03647577092511013,0.0049748898678414095,6.58590308370044
2954,2019-02-01,188.0916634378489,114.02807897945598,499.88502938473937,0.6815365647409195,13.919471912506346,0.007494902745651044,3230.947935419193,127.90233113773726,60.189332300111644,0.0005376433121019108,0.00010796815286624204,0.0006504458598726114,0.05273885350318472,0.007192993630573248,9.522292993630574
2960,2019-02-07,174.1307465849279,164.61334584296503,468.59285132240007,0.7279148965608133,20.09444396846908,0.006983515895582515,2364.2480797734333,118.40890767775097,55.721838907176924,0.00043735751295336786,8.782901554404145e-5,0.0005291191709844559,0.04290155440414508,0.005851295336787564,7.746113989637306
2961,2019-02-08,222.33775570672324,222.21324636044386,475.87208616141254,0.8241292989383726,27.125696310803605,0.008749333341938972,3062.8537886019335,151.1896738805718,71.14808182615144,0.0004489893617021277,9.016489361702128e-5,0.000543191489361702,0.044042553191489364,0.006006914893617021,7.952127659574469
2965,2019-02-12,166.408507070989,162.5479846965005,504.4768108237183,0.7610261235088767,19.84232416846285,0.00670065111083296,2813.2863645416064,113.15778480827252,53.25072226271648,0.0005376433121019108,0.00010796815286624204,0.0006504458598726114,0.05273885350318472,0.007192993630573248,9.522292993630574
2966,2019-02-13,163.64948172467044,146.50500001173017,440.0801994391826,0.6711406911790272,17.883947979799153,0.006599588315604159,2380.066268323568,111.28164757277591,52.36783415189454,0.0004637912087912088,9.313736263736264e-5,0.0005610989010989011,0.045494505494505504,0.0062049450549450545,8.214285714285715
2968,2019-02-15,235.5344317005155,191.28695380308145,578.0895661548078,0.8798181530857876,23.350506335992947,0.009232726133324905,4309.608914851875,160.16341355635055,75.37101814416496,0.0005821379310344828,0.00011690344827586208,0.0007042758620689656,0.05710344827586208,0.007788275862068966,10.310344827586208
2973,2019-02-20,148.2305712276916,168.33105947813112,456.999315258672,0.7219226572356278,20.548267368692805,0.006034795318581987,2070.219090233498,100.79678843483029,47.433782792861315,0.0004513903743315508,9.064705882352942e-5,0.000546096256684492,0.04427807486631016,0.00603903743315508,7.994652406417113
2975,2019-02-22,172.71911909892782,170.81113212883517,445.0911892267704,0.7137030689650653,20.85101123591756,0.006931808135903057,2364.8233714307003,117.44900098727092,55.270118111656906,0.0004419371727748691,8.874869109947645e-5,0.0005346596858638743,0.04335078534031414,0.005912565445026178,7.827225130890053
2978,2019-02-25,203.04549104537278,243.9280871384687,579.6335724797719,0.9625820848126843,29.776439171680185,0.008042659807543399,3406.131068465505,138.0709339108535,64.97455713451929,0.0005445806451612903,0.00010936129032258064,0.0006588387096774193,0.05341935483870968,0.007285806451612903,9.645161290322582
2981,2019-02-28,187.373529660299,210.2950460171219,555.9144991210807,0.8867088716566279,25.670834873066134,0.007468597584299682,3103.7466479114873,127.41400016900333,59.95952949129568,0.0005342405063291139,0.00010728481012658228,0.0006463291139240506,0.052405063291139246,0.00714746835443038,9.462025316455696
2985,2019-03-04,167.44505605870233,160.37947410864362,450.5724676990639,0.7031559995294117,19.577612857969893,0.006738619786339937,2541.0300585367213,113.86263811991759,53.58241793878475,0.0004851149425287356,9.741954022988505e-5,0.0005868965517241378,0.04758620689655173,0.00649022988505747,8.591954022988505
2987,2019-03-06,179.45629043185184,194.9991053088592,511.21244019470475,0.8178971400322642,23.803650763945214,0.007178589981437448,2849.6153029061284,122.03027749365926,57.42601293819259,0.0005115757575757576,0.00010273333333333333,0.0006189090909090909,0.05018181818181818,0.006844242424242424,9.06060606060606
2989,2019-03-08,187.29373901178278,220.33488465179374,548.7603646703737,0.894959416569863,26.896403637638485,0.007465674861613234,3010.9386425738076,127.35974252801229,59.93399648377049,0.0005210493827160494,0.00010463580246913581,0.0006303703703703703,0.051111111111111114,0.006970987654320987,9.228395061728396
2993,2019-03-12,168.57231002932528,213.94105998919974,491.3435825564529,0.8270186033944076,26.11590585497829,0.006779910975402746,2344.7612987870516,114.6291708199412,53.94313920938409,0.0004562702702702703,9.162702702702703e-5,0.000552,0.04475675675675676,0.006104324324324324,8.081081081081082
2996,2019-03-15,142.61773328384507,168.66334574374093,413.9361550211633,0.678876186041027,20.58882974054422,0.0058291976815293585,1633.6358737264454,96.98005863301465,45.63767465083043,0.00037683035714285715,7.567410714285715e-5,0.0004558928571428571,0.03696428571428572,0.005041517857142857,6.674107142857143
3007,2019-03-26,152.30634161111502,148.85939010277744,405.24109001492917,0.6395321907131453,18.171349706082022,0.0061840903398144515,1858.3739665153175,103.56831229555821,48.73802931555681,0.0003944392523364486,7.921028037383179e-5,0.000477196261682243,0.038691588785046735,0.005277102803738318,6.9859813084112155
3008,2019-03-27,153.07088063209036,148.50945617086296,417.66549429654384,0.6515598706689302,18.12863307365157,0.0062120953201327215,1877.7466276500224,104.08819882982145,48.98268180226892,0.0003962910798122066,7.958215962441315e-5,0.00047943661971830984,0.03887323943661972,0.0053018779342723,7.018779342723005
3010,2019-03-29,158.41661019238325,153.5457266575341,436.1887289236626,0.6780651579713509,18.743413452400507,0.006407908806450022,2011.151525370472,107.72329493082061,50.69331526156264,0.000409757281553398,8.228640776699029e-5,0.0004957281553398058,0.040194174757281556,0.005482038834951456,7.257281553398058
3013,2019-04-01,209.01647878711086,182.5778907741598,453.3120839693751,0.7401695692678725,22.28738610016785,0.008261376432333434,2683.197316560333,142.13120557523538,66.88527321187547,0.00041581280788177336,8.350246305418719e-5,0.0005030541871921181,0.04078817733990148,0.005563054187192117,7.364532019704433
3017,2019-04-05,153.24221560798313,180.6044464502209,426.4999198146128,0.7100044988132995,22.04648663852813,0.006218371301470583,1897.281750758632,104.20470661342853,49.0375089945546,0.00040581730769230766,8.14951923076923e-5,0.0004909615384615384,0.03980769230769231,0.005429326923076922,7.1875
3028,2019-04-16,257.4755706779451,190.88848166246234,462.88316950128115,0.7626704594273122,23.30186461705052,0.010036427642816807,3198.5217090560795,175.08338806100267,82.39218261694243,0.000401952380952381,8.071904761904763e-5,0.00048628571428571427,0.03942857142857143,0.005377619047619048,7.1190476190476195
3029,2019-04-17,172.09964766636304,179.66227883208816,463.9576784902437,0.7464402418584005,21.931475706003035,0.006909116965405867,2130.2330519086136,117.02776041312687,55.07188725323618,0.0004038755980861244,8.110526315789474e-5,0.0004886124401913875,0.03961722488038278,0.0054033492822966505,7.153110047846891
3030,2019-04-18,260.35111844495776,183.5449754944141,450.63000660244364,0.7389483940567807,22.40543867740209,0.010141758641510241,3258.7712165833477,177.03876054257128,83.31235790238648,0.0004038755980861244,8.110526315789474e-5,0.0004886124401913875,0.03961722488038278,0.0054033492822966505,7.153110047846891
3031,2019-04-19,198.91465174138108,172.86975307697733,456.7165349731175,0.7286378312406904,21.102308256113126,0.007891347617802393,2455.796371542948,135.26196318413915,63.652688557241945,0.0004000473933649289,8.033649289099527e-5,0.0004839810426540284,0.039241706161137445,0.005352132701421801,7.085308056872039
3036,2019-04-24,204.9153488200547,227.7015860262148,511.1096782957274,0.8682387577867022,27.79566102921087,0.008111152492339431,2517.54946129543,139.3424371976372,65.57291162241751,0.00040581730769230766,8.14951923076923e-5,0.0004909615384615384,0.03980769230769231,0.005429326923076922,7.1875
3041,2019-04-29,295.5802172934577,232.87468045074226,522.172956017492,0.8874092442109655,28.427143583222207,0.011432196660781008,3777.6546951654445,200.99454775955124,94.58566953390645,0.00041581280788177336,8.350246305418719e-5,0.0005030541871921181,0.04078817733990148,0.005563054187192117,7.364532019704433
3044,2019-05-02,153.10387194111482,199.09535202636408,471.3966412197694,0.7839415618851862,24.30368191102152,0.006213303788156663,1877.4695447153292,104.11063291995808,48.99323902115674,0.00040581730769230766,8.14951923076923e-5,0.0004909615384615384,0.03980769230769231,0.005429326923076922,7.1875
3049,2019-05-07,207.97153953060447,182.83524368576641,464.912156580884,0.7523002020200632,22.318801315233916,0.00822310042220263,2587.3991250651006,141.42064688081106,66.55089264979344,0.0004038755980861244,8.110526315789474e-5,0.0004886124401913875,0.03961722488038278,0.0054033492822966505,7.153110047846891
3051,2019-05-09,153.24221560798313,164.98105783029825,449.95716330470873,0.7096318321647518,20.139330778151265,0.006218371301470583,1912.5145546630565,104.20470661342853,49.0375089945546,0.00040581730769230766,8.14951923076923e-5,0.0004909615384615384,0.03980769230769231,0.005429326923076922,7.1875
3055,2019-05-13,164.48704367558602,165.34653640926328,443.30221326172705,0.7034640216709767,20.18394495441432,0.006630268117821185,2036.00324240116,111.8511896993985,52.635853976187526,0.000401952380952381,8.071904761904763e-5,0.00048628571428571427,0.03942857142857143,0.005377619047619048,7.1190476190476195
3056,2019-05-14,244.86066238531632,211.64517085055758,490.86267292485945,0.8229906075145537,25.835645372949855,0.009574344938390338,3032.6208954720464,166.5052504220151,78.35541196330122,0.0004038755980861244,8.110526315789474e-5,0.0004886124401913875,0.03961722488038278,0.0054033492822966505,7.153110047846891
3059,2019-05-17,189.77558548174747,186.7816982417883,475.51168186085835,0.7691094292729832,22.80054724867567,0.007556584625062144,2362.2594283259245,129.04739812758828,60.72818735415919,0.00040581730769230766,8.14951923076923e-5,0.0004909615384615384,0.03980769230769231,0.005429326923076922,7.1875
3066,2019-05-24,153.98608057657225,208.03992542779204,417.74209983020745,0.7434667232733407,25.39555103084559,0.006245618993521949,1890.1849309477022,104.71053479206914,49.27554578450312,0.00040777777777777774,8.188888888888889e-5,0.0004933333333333333,0.04,0.005455555555555555,7.222222222222222
3072,2019-05-30,157.73604418277043,180.65260636129582,436.1981059223085,0.7198886514680509,22.052365546035077,0.006382979748309632,2018.4768946169704,107.2605100442839,50.47553413848654,0.00041787128712871284,8.391584158415841e-5,0.0005055445544554454,0.04099009900990099,0.00559059405940594,7.400990099009901
3073,2019-05-31,157.0125005363151,165.03100098931654,449.4182011714522,0.7091637041086941,20.14542736774042,0.006356476424054788,2013.3391314588953,106.76850036469426,50.244000171620826,0.00041581280788177336,8.350246305418719e-5,0.0005030541871921181,0.04078817733990148,0.005563054187192117,7.364532019704433
3076,2019-06-03,156.2108120782831,162.6730999730486,438.8685063365185,0.6948553214403914,19.8575970608357,0.006327110663939721,2026.5767722198245,106.22335221323253,49.987459865050596,0.0004199502487562189,8.433333333333333e-5,0.0005080597014925373,0.04119402985074627,0.005618407960199004,7.437810945273632
3077,2019-06-04,170.16547159866738,175.19692231819656,524.2015439255638,0.8004897463101636,21.386387117905016,0.006838268308605087,2683.3308485439106,115.71252068709383,54.452950911573566,0.0005054491017964072,0.00010150299401197605,0.0006114970059880239,0.0495808383233533,0.0067622754491017956,8.952095808383234
3078,2019-06-05,164.90030429189048,164.0848784996392,452.6398407473385,0.7109629902320768,20.029933661815345,0.00664540580878058,2074.4307042328314,112.13220691848554,52.768097373404956,0.00040777777777777774,8.188888888888889e-5,0.0004933333333333333,0.04,0.005455555555555555,7.222222222222222
3079,2019-06-06,177.18992581336516,201.5976693377209,391.74849245424963,0.7072362218747209,24.60914119651808,0.0070955732945275065,2220.41548753161,120.48914955308832,56.700776260276854,0.00041175609756097557,8.268780487804878e-5,0.0004981463414634146,0.040390243902439026,0.005508780487804878,7.2926829268292686
3083,2019-06-10,161.94469103336638,157.43358114063977,437.22475583860836,0.6851103666903053,19.218006041891126,0.006537142019931986,2032.068586043595,110.12238990268915,51.822301130677246,0.00040581730769230766,8.14951923076923e-5,0.0004909615384615384,0.03980769230769231,0.005429326923076922,7.1875
3087,2019-06-14,181.566906046685,194.32873324347997,478.25747154135075,0.7835285973119631,23.721818067836594,0.007255901599459809,2237.4043440717824,123.46549611174581,58.101409934939205,0.0004038755980861244,8.110526315789474e-5,0.0004886124401913875,0.03961722488038278,0.0054033492822966505,7.153110047846891
3090,2019-06-17,166.7782392112753,145.3428079583015,432.20649108975425,0.661383563335033,17.742078540364385,0.0067141943584994295,2117.0321531278005,113.4092026636672,53.3690365476081,0.00040777777777777774,8.188888888888889e-5,0.0004933333333333333,0.04,0.005455555555555555,7.222222222222222
3091,2019-06-18,184.19778078443903,160.12487677117633,448.02918902371704,0.7001907025266869,19.546534017393142,0.007352270251980178,2340.3433664648005,125.25449093341855,58.943289851020495,0.000409757281553398,8.228640776699029e-5,0.0004957281553398058,0.040194174757281556,0.005482038834951456,7.257281553398058
3092,2019-06-19,192.8941800894559,164.880665090019,467.8582911044974,0.7275842338809123,20.127075779724187,0.007670818402820302,2448.9118927262616,131.16804246083,61.726137628625885,0.000409757281553398,8.228640776699029e-5,0.0004957281553398058,0.040194174757281556,0.005482038834951456,7.257281553398058
3097,2019-06-24,213.15704723710726,133.21826276398636,422.95308810723645,0.6333207577250346,16.26202847028832,0.008413044999623396,2702.3091194658173,144.94679212123296,68.21025511587433,0.0004038755980861244,8.110526315789474e-5,0.0004886124401913875,0.03961722488038278,0.0054033492822966505,7.153110047846891
3098,2019-06-25,215.68963467629663,150.55212134561157,464.45397060382476,0.7020380627093954,18.377982363589975,0.008505813399198758,3004.3725191499707,146.66895157988174,69.02068309641493,0.00044426315789473686,8.921578947368421e-5,0.0005374736842105262,0.04357894736842106,0.005943684210526315,7.86842105263158
3099,2019-06-26,197.9026681734435,192.98687774334948,412.784617296886,0.7152319136960215,23.558017010133316,0.00785427877092215,2473.784282831838,134.5738143579416,63.328853815501915,0.00040777777777777774,8.188888888888889e-5,0.0004933333333333333,0.04,0.005455555555555555,7.222222222222222
3100,2019-06-27,197.97039196527598,154.20098594825666,433.28380655073056,0.6761375619735793,18.823401323583223,0.007856759485974375,2512.4778632066696,134.6198665363877,63.35052542888832,0.00040777777777777774,8.188888888888889e-5,0.0004933333333333333,0.04,0.005455555555555555,7.222222222222222
3101,2019-06-28,202.8673822363507,150.8565023256821,435.42251221817037,0.6731418262094073,18.41513832149712,0.008036135701442428,2579.177374634767,137.94981992071848,64.91756231563222,0.00040777777777777774,8.188888888888889e-5,0.0004933333333333333,0.04,0.005455555555555555,7.222222222222222
3104,2019-07-01,199.90798045460943,156.61786897083246,431.85792951802966,0.6784234544950942,19.11843159726361,0.007927733139404735,2561.445775693524,135.93742670913443,63.970553745475016,0.00041175609756097557,8.268780487804878e-5,0.0004981463414634146,0.040390243902439026,0.005508780487804878,7.2926829268292686
3105,2019-07-02,197.97446557681474,174.21655818809847,454.9588203643563,0.7289374048171073,21.2667135156216,0.007856908701917365,2493.015452355507,134.62263659223404,63.35182898458072,0.00040777777777777774,8.188888888888889e-5,0.0004933333333333333,0.04,0.005455555555555555,7.222222222222222
3106,2019-07-03,232.84736359769852,196.56548263288488,532.0456009269362,0.8413864318195208,23.994859327321,0.009134299124017725,3471.5919943157023,158.336207246435,74.51115635126352,0.00047960227272727277,9.631250000000002e-5,0.0005802272727272727,0.04704545454545455,0.0064164772727272725,8.494318181818183
3108,2019-07-05,197.97955759123826,157.25146676095258,436.25802534310907,0.6838515815663216,19.195775236850768,0.007857095221846105,2509.6223816003294,134.62609916204204,63.353458429196245,0.00040777777777777774,8.188888888888889e-5,0.0004933333333333333,0.04,0.005455555555555555,7.222222222222222
3112,2019-07-09,198.17311346377093,206.33503751247238,489.82862250292874,0.8137534465198909,25.187434401471002,0.00786418515218589,2477.212420260572,134.75771715536425,63.4153963084067,0.000409757281553398,8.228640776699029e-5,0.0004957281553398058,0.040194174757281556,0.005482038834951456,7.257281553398058
3114,2019-07-11,197.5513191782224,197.54989646951088,466.90967078983346,0.7770189638320651,24.115027279564302,0.007841408895839178,2464.7837474423663,134.33489704119125,63.21642213703117,0.00040777777777777774,8.188888888888889e-5,0.0004933333333333333,0.04,0.005455555555555555,7.222222222222222
3115,2019-07-12,199.92289136318706,197.69311397801388,465.36358619835653,0.7756759974090047,24.132509921601486,0.00792827932434728,2521.5924614788523,135.94756612696722,63.97532523621986,0.00041175609756097557,8.268780487804878e-5,0.0004981463414634146,0.040390243902439026,0.005508780487804878,7.2926829268292686
3119,2019-07-16,195.1517801242138,126.18345673180897,411.5051390349871,0.6108893671242872,15.403285730331561,0.007753514043991454,2465.7622023907916,132.7032104844654,62.44856963974841,0.000401952380952381,8.071904761904763e-5,0.00048628571428571427,0.03942857142857143,0.005377619047619048,7.1190476190476195
3120,2019-07-17,206.10731923809396,148.4559149176285,429.3522803175517,0.6632986422223244,18.122097262672135,0.008154814237758996,2650.497261550618,140.1529770819039,65.95434215619007,0.00041175609756097557,8.268780487804878e-5,0.0004981463414634146,0.040390243902439026,0.005508780487804878,7.2926829268292686
3125,2019-07-22,213.68960610466507,147.82670626087605,432.7829995326223,0.6657982744253652,18.04528940707063,0.008432552572415757,2736.2440609779073,145.30893215117226,68.38067395349283,0.000409757281553398,8.228640776699029e-5,0.0004957281553398058,0.040194174757281556,0.005482038834951456,7.257281553398058
3127,2019-07-24,212.64965114532612,201.37472231666345,481.4380303897072,0.7976146472107465,24.581925927916163,0.008394459136542437,2656.6476701980205,144.60176277882178,68.04788836650435,0.00040777777777777774,8.188888888888889e-5,0.0004933333333333333,0.04,0.005455555555555555,7.222222222222222
3129,2019-07-26,211.6278038066398,191.4444036136521,420.948024967908,0.7211099649400244,23.369726323170514,0.008357028980823663,2639.4394426075382,143.90690658851508,67.72089721812473,0.00040581730769230766,8.14951923076923e-5,0.0004909615384615384,0.03980769230769231,0.005429326923076922,7.1875
3132,2019-07-29,199.42619401621204,130.66703099248744,407.6306612798491,0.6138864594673678,15.95059816905461,0.007910085355112815,2528.620789170715,135.60981193102418,63.816382085187854,0.0004038755980861244,8.110526315789474e-5,0.0004886124401913875,0.03961722488038278,0.0054033492822966505,7.153110047846891
3133,2019-07-30,214.71914019559435,170.35167243690123,448.51974149828425,0.7164623573611105,20.794924732189337,0.008470264293024445,2741.8001696284678,146.00901533300416,68.71012486259019,0.00041175609756097557,8.268780487804878e-5,0.0004981463414634146,0.040390243902439026,0.005508780487804878,7.2926829268292686
3134,2019-07-31,211.1281449951667,185.64013446934848,464.72614533409933,0.7564387632223576,22.661195915135508,0.008338726533470089,2638.6568354881733,143.56713859671336,67.56100639845334,0.00040581730769230766,8.14951923076923e-5,0.0004909615384615384,0.03980769230769231,0.005429326923076922,7.1875
3135,2019-08-01,212.64455913090262,184.24711031825623,456.0992851721402,0.7455637383082612,22.49114867135036,0.008394272616613699,2673.2811267931133,144.5983002090138,68.04625892188884,0.00040777777777777774,8.188888888888889e-5,0.0004933333333333333,0.04,0.005455555555555555,7.222222222222222
3136,2019-08-02,211.37544063411076,202.54883691056804,472.61434190439496,0.790500494899628,24.725250758591105,0.008347784945547717,2625.359069201402,143.73529963119532,67.64014100291544,0.00040581730769230766,8.14951923076923e-5,0.0004909615384615384,0.03980769230769231,0.005429326923076922,7.1875
3139,2019-08-05,210.38424803750095,136.35834660019069,400.34471814718387,0.6152958169746031,16.64534027517136,0.00831147766966236,2663.6707197781448,143.06128866550065,67.32295937200031,0.0004038755980861244,8.110526315789474e-5,0.0004886124401913875,0.03961722488038278,0.0054033492822966505,7.153110047846891
3140,2019-08-06,209.6047720062028,187.86527085434497,404.5821589872907,0.6990346123625225,22.932819568622076,0.008282925548297489,2590.180670036876,142.53124496421793,67.0735270419849,0.000401952380952381,8.071904761904763e-5,0.00048628571428571427,0.03942857142857143,0.005377619047619048,7.1190476190476195
3142,2019-08-08,211.03751937884775,200.92831716229546,475.60320816474837,0.7910240285295685,24.527432998951337,0.00833540692710375,2636.198363501473,143.50551317761648,67.53200620123128,0.00040777777777777774,8.188888888888889e-5,0.0004933333333333333,0.04,0.005455555555555555,7.222222222222222
3143,2019-08-09,212.5865101664748,214.90721952727108,489.2326379705996,0.826373710546796,26.233845494701644,0.008392146289426078,2642.6355181360814,144.55882691320286,68.02768325327193,0.00040777777777777774,8.188888888888889e-5,0.0004933333333333333,0.04,0.005455555555555555,7.222222222222222
3146,2019-08-12,201.89387435154742,109.71117298901738,386.1291184056178,0.5598116372160735,13.392504763531868,0.00800047621460706,2580.714695106874,137.28783455905227,64.60603979249518,0.0004038755980861244,8.110526315789474e-5,0.0004886124401913875,0.03961722488038278,0.0054033492822966505,7.153110047846891
3148,2019-08-14,210.61069162437312,138.10756843183913,419.163510566609,0.6370295932703908,16.85886877071639,0.008319772273364162,2664.870647055105,143.21527030457372,67.3954213197994,0.0004038755980861244,8.110526315789474e-5,0.0004886124401913875,0.03961722488038278,0.0054033492822966505,7.153110047846891
3149,2019-08-15,207.4826856321688,165.29816025555826,431.10381469563606,0.6910505324392335,20.178039650047545,0.008205193757626194,2559.1774794910916,141.08822622987478,66.39445940229402,0.0003981603773584906,7.995754716981133e-5,0.00048169811320754715,0.039056603773584914,0.00532688679245283,7.051886792452831
3153,2019-08-19,236.03965514111866,122.85153139369827,439.47004929822816,0.6340366028652406,14.996555725112797,0.009251232412431979,3392.538552340332,160.50696549596069,75.53268964515797,0.00045381720430107527,9.113440860215054e-5,0.0005490322580645161,0.04451612903225807,0.006071505376344086,8.037634408602152
3154,2019-08-20,199.9679157810972,124.51334861366597,410.50114681849226,0.6072975704735214,15.199414690414029,0.007929928563827307,2554.374021199842,135.9781827311461,63.989733049951106,0.00040581730769230766,8.14951923076923e-5,0.0004909615384615384,0.03980769230769231,0.005429326923076922,7.1875
3155,2019-08-21,293.74873606427695,199.00223008947788,619.425207878985,0.9335310670500365,24.29231446366534,0.011365109704629242,5836.154267503001,199.74914052370835,93.99959554056862,0.0006299253731343283,0.0001265,0.0007620895522388059,0.06179104477611941,0.008427611940298507,11.156716417910449
3156,2019-08-22,279.8405040809824,237.0835000140043,643.3624336120929,1.016486607789374,28.940916561070836,0.010855652695545254,5235.140856765787,190.29154277506802,89.54896130591436,0.0005986524822695035,0.00012021985815602836,0.000724255319148936,0.05872340425531915,0.008009219858156027,10.602836879432624
3157,2019-08-23,193.46257387302987,175.94957369236266,461.93691991459286,0.738669140556895,21.47826369564252,0.007691638604648208,2471.176320852623,131.5545502336603,61.90802363936956,0.0004137745098039215,8.309313725490196e-5,0.0005005882352941176,0.04058823529411765,0.005535784313725489,7.328431372549019
3160,2019-08-26,197.3034066221462,111.40174866427421,408.46457225520214,0.5850121048903619,13.598874289689922,0.007832327886154795,2532.8060824533873,134.16631650305942,63.13709011908679,0.00040581730769230766,8.14951923076923e-5,0.0004909615384615384,0.03980769230769231,0.005429326923076922,7.1875
3161,2019-08-27,181.10920460475845,113.18380674306968,411.65061930380324,0.5909837728769953,13.816411124443738,0.007239136045941763,2334.039366193747,123.15425913123575,57.954945473522706,0.00040777777777777774,8.188888888888889e-5,0.0004933333333333333,0.04,0.005455555555555555,7.222222222222222
3162,2019-08-28,167.83316505904352,100.87525481050568,387.45400536041103,0.5475218400464517,12.313899248050397,0.006752836176370669,2163.129142853825,114.1265522401496,53.70661281889393,0.00040581730769230766,8.14951923076923e-5,0.0004909615384615384,0.03980769230769231,0.005429326923076922,7.1875
3163,2019-08-29,171.1358952958239,140.52576505674855,430.6860961427696,0.6524150793910437,17.154059396574507,0.006873814821985897,2212.227499585946,116.37240880116026,54.76348649466365,0.0004137745098039215,8.309313725490196e-5,0.0005005882352941176,0.04058823529411765,0.005535784313725489,7.328431372549019
3164,2019-08-30,167.23063531579652,151.56826858848405,431.5060761002565,0.6702782340781024,18.502024030631326,0.006730765578091357,2105.935438216252,113.71683201474164,53.513803301054885,0.00040581730769230766,8.14951923076923e-5,0.0004909615384615384,0.03980769230769231,0.005429326923076922,7.1875
3168,2019-09-03,156.42576502212808,100.19183426179971,386.2000136121233,0.5451991905698866,12.230473716222782,0.0063349843666502155,2068.8066122638425,106.3695202150471,50.05624480708099,0.00041581280788177336,8.350246305418719e-5,0.0005030541871921181,0.04078817733990148,0.005563054187192117,7.364532019704433
3170,2019-09-05,197.0125301943718,146.28524990466286,423.13096226732085,0.6536573015528697,17.857122960291065,0.00782167311457168,2495.044591955849,133.96852053217285,63.04400966219898,0.00040581730769230766,8.14951923076923e-5,0.0004909615384615384,0.03980769230769231,0.005429326923076922,7.1875
3171,2019-09-06,239.90613722399715,166.73648744287587,447.07670660236977,0.7094260631157449,20.3536170610155,0.009392861226215507,3012.8370801439364,163.13617331231808,76.76996391167908,0.0004038755980861244,8.110526315789474e-5,0.0004886124401913875,0.03961722488038278,0.0054033492822966505,7.153110047846891
3174,2019-09-09,221.59547506682958,140.22882797263168,429.78838918566555,0.6510489916318375,17.11781211924476,0.008722143683673607,2803.7443381937624,150.68492304544412,70.91055202138547,0.0004038755980861244,8.110526315789474e-5,0.0004886124401913875,0.03961722488038278,0.0054033492822966505,7.153110047846891
3175,2019-09-10,193.46722408031957,167.98733117575935,427.87461627770114,0.6919323585154866,20.50630826096058,0.007691808941230189,2479.000634873648,131.55771237461732,61.909511705702265,0.0004137745098039215,8.309313725490196e-5,0.0005005882352941176,0.04058823529411765,0.005535784313725489,7.328431372549019
3176,2019-09-11,194.97690195330944,170.97648568299428,456.8774289998241,0.7258800980414366,20.871196037532652,0.007747108275809702,2444.7266327896828,132.58429332825042,62.39260862505902,0.00040581730769230766,8.14951923076923e-5,0.0004909615384615384,0.03980769230769231,0.005429326923076922,7.1875
3177,2019-09-12,197.4043402528032,177.4480098640096,455.3812783212792,0.734349437980539,21.66117864422883,0.007836025073953522,2457.0676353982967,134.2349513719062,63.169388880897024,0.0004038755980861244,8.110526315789474e-5,0.0004886124401913875,0.03961722488038278,0.0054033492822966505,7.153110047846891
3178,2019-09-13,195.95439523663947,159.59428979256975,433.69557596823336,0.6848735718054866,19.48176496566522,0.0077829137473551255,2455.8712744543645,133.24898876091484,62.70540647572463,0.0004038755980861244,8.110526315789474e-5,0.0004886124401913875,0.03961722488038278,0.0054033492822966505,7.153110047846891
3181,2019-09-16,195.93422208858846,102.74137049711423,393.2381181470361,0.5562511550925314,12.541697042398184,0.0077821748071589735,2511.044036151592,133.23527102024016,62.69895106834831,0.0004038755980861244,8.110526315789474e-5,0.0004886124401913875,0.03961722488038278,0.0054033492822966505,7.153110047846891
3182,2019-09-17,200.88970014019415,144.28102249990613,421.176840547683,0.6485890351326193,17.612465790614348,0.007963693423600282,2546.9844933030263,136.60499609533204,64.28470404486212,0.00040581730769230766,8.14951923076923e-5,0.0004909615384615384,0.03980769230769231,0.005429326923076922,7.1875
3183,2019-09-18,203.35188862693153,141.1410191445884,423.19070633238744,0.6457824451574317,17.22916381007852,0.008053883117283916,2568.7778669651148,138.27928426631345,65.07260436061809,0.0004038755980861244,8.110526315789474e-5,0.0004886124401913875,0.03961722488038278,0.0054033492822966505,7.153110047846891
3185,2019-09-20,203.3488626547239,169.45442656175948,454.0050225266733,0.7206267464627208,20.68539742216688,0.008053772276254492,2541.133469540997,138.27722660521226,65.07163604951164,0.0004038755980861244,8.110526315789474e-5,0.0004886124401913875,0.03961722488038278,0.0054033492822966505,7.153110047846891
3188,2019-09-23,201.378450418845,118.0131174819484,381.3885384360496,0.567822721994043,14.405927810054994,0.007981596292595386,2566.007074791523,136.93734628481462,64.4411041340304,0.0004038755980861244,8.110526315789474e-5,0.0004886124401913875,0.03961722488038278,0.0054033492822966505,7.153110047846891
3189,2019-09-24,204.32548791076997,157.05115483107195,423.9552077219395,0.6710981007049076,19.171323046594928,0.0080895459520559,2578.8289463772144,138.94133177932358,65.38415613144639,0.00040581730769230766,8.14951923076923e-5,0.0004909615384615384,0.03980769230769231,0.005429326923076922,7.1875
3190,2019-09-25,205.88065191655028,179.08330003946116,475.7042734522949,0.7574289917456416,21.860799438244808,0.008146511438680766,2745.887313911386,139.9988433032542,65.88180861329609,0.0004306632653061224,8.648469387755102e-5,0.0005210204081632652,0.04224489795918367,0.005761734693877551,7.627551020408164
3191,2019-09-26,203.44023385899388,186.64603212241514,458.43823393119516,0.751630103230709,22.783986408968527,0.00805711919342554,2551.7036572103416,138.33935902411585,65.10087483487804,0.00040777777777777774,8.188888888888889e-5,0.0004933333333333333,0.04,0.005455555555555555,7.222222222222222
3192,2019-09-27,199.20778574335915,187.80972070972362,452.87008591488825,0.7477928969760481,22.92603853113804,0.007902085084080489,2482.860206172319,135.46129430548424,63.74649143787493,0.00040581730769230766,8.14951923076923e-5,0.0004909615384615384,0.03980769230769231,0.005429326923076922,7.1875
3195,2019-09-30,193.31171997868879,106.16049640516573,386.0979412749315,0.5543029667607822,12.959071670370474,0.007686112843076789,2437.586954468248,131.45196958550838,61.85975039318041,0.0003981603773584906,7.995754716981133e-5,0.00048169811320754715,0.039056603773584914,0.00532688679245283,7.051886792452831
3196,2019-10-01,217.72093379581077,142.39927821062906,449.90636748844037,0.6747466846544995,17.38276020392433,0.008580219662714177,3057.815217026107,148.05023498115133,69.67069881465945,0.0004466137566137566,8.96878306878307e-5,0.0005403174603174603,0.04380952380952381,0.005975132275132275,7.910052910052911
3197,2019-10-02,196.10800004914114,133.40323135854757,414.3794805114495,0.6249337482568367,16.28460769094812,0.007788540274756452,2521.4383074312336,133.35344003341598,62.75456001572517,0.000409757281553398,8.228640776699029e-5,0.0004957281553398058,0.040194174757281556,0.005482038834951456,7.257281553398058
3198,2019-10-03,203.36096654355444,158.49968206057466,424.0716828627542,0.6734503583257893,19.3481455824652,0.008054215640372182,2551.9696461991566,138.28545724961702,65.07550929393742,0.0004038755980861244,8.110526315789474e-5,0.0004886124401913875,0.03961722488038278,0.0054033492822966505,7.153110047846891
3199,2019-10-04,205.33955523895733,179.7222947045272,467.8863215471044,0.7505067023191446,21.938801877400437,0.008126691126845092,2583.059284744036,139.630897562491,65.70865767646634,0.00040777777777777774,8.188888888888889e-5,0.0004933333333333333,0.04,0.005455555555555555,7.222222222222222
3203,2019-10-08,206.1659619895222,150.24235698870035,432.9679434965497,0.6697116360473975,18.340169253835683,0.008156962315299188,2635.9497279831653,140.1928541528751,65.9731078366471,0.000409757281553398,8.228640776699029e-5,0.0004957281553398058,0.040194174757281556,0.005482038834951456,7.257281553398058
3204,2019-10-09,204.31940687046804,138.21872719031126,423.8638909307215,0.6419555687884684,16.872437983056283,0.008089323204217923,2597.112164509085,138.9371966719183,65.38221019854977,0.00040581730769230766,8.14951923076923e-5,0.0004909615384615384,0.03980769230769231,0.005429326923076922,7.1875
3205,2019-10-10,204.32751492420394,168.0147228804584,447.54136903493145,0.7118678320560387,20.50965198180203,0.008089620201335223,2568.1656004683527,138.9427101484587,65.38480477574527,0.00040581730769230766,8.14951923076923e-5,0.0004909615384615384,0.03980769230769231,0.005429326923076922,7.1875
3206,2019-10-11,368.5574579653252,203.5620091391932,472.77148064277367,0.7922223228352372,24.848929263965385,0.014105344966658285,4674.241196566544,250.61907141642118,117.93838654890408,0.00040777777777777774,8.188888888888889e-5,0.0004933333333333333,0.04,0.005455555555555555,7.222222222222222
3210,2019-10-15,201.11216486457218,84.44765679333261,371.12342200245706,0.5491496251437052,10.308573092979566,0.007971842282006184,2595.31678203382,136.7562721079091,64.3558927566631,0.0004038755980861244,8.110526315789474e-5,0.0004886124401913875,0.03961722488038278,0.0054033492822966505,7.153110047846891
3211,2019-10-16,196.08299905546443,115.93690006263242,395.4079462649364,0.6304588533206382,14.152482778698884,0.007787624491105593,2500.087300117041,133.33643935771582,62.746559697748616,0.0004038755980861244,8.110526315789474e-5,0.0004886124401913875,0.03961722488038278,0.0054033492822966505,7.153110047846891
3212,2019-10-17,197.92660064123393,147.75690710261833,428.0807451161232,0.7117159808986336,18.0367689844556,0.007855155414587223,2518.1935401923174,134.59008843603908,63.33651220519486,0.00040777777777777774,8.188888888888889e-5,0.0004933333333333333,0.04,0.005455555555555555,7.222222222222222
3213,2019-10-18,215.7518184051638,150.78653544646653,434.7342473684147,0.7145829269602895,18.406597425090172,0.008508091182353397,2718.472656062974,146.7112365155114,69.04058188965242,0.0004038755980861244,8.110526315789474e-5,0.0004886124401913875,0.03961722488038278,0.0054033492822966505,7.153110047846891
3216,2019-10-21,241.9447170732657,181.64141974925576,469.0078184273444,0.7998775692916159,22.173070553991042,0.009467534182061706,3071.0857585586805,164.5224076098207,77.42230946344503,0.000409757281553398,8.228640776699029e-5,0.0004957281553398058,0.040194174757281556,0.005482038834951456,7.257281553398058
3217,2019-10-22,326.50930681800685,200.28827184577477,496.2455963266819,0.8575445265798209,24.449302306180083,0.012565125811070835,4174.939696283621,222.02632863624467,104.48297818176219,0.00041175609756097557,8.268780487804878e-5,0.0004981463414634146,0.040390243902439026,0.005508780487804878,7.2926829268292686
3218,2019-10-23,365.11717958484746,246.40489453547622,539.0391975951198,0.9810155581279778,30.07878444754461,0.01397932794765546,4707.410470705017,248.2796821176963,116.8374974671512,0.00041787128712871284,8.391584158415841e-5,0.0005055445544554454,0.04099009900990099,0.00559059405940594,7.400990099009901
3219,2019-10-24,314.02240489778865,277.30092357075466,570.9945158687954,1.06622900377169,33.850280137145944,0.012107731965998333,3977.9582253819462,213.5352353304963,100.48716956729237,0.00041581280788177336,8.350246305418719e-5,0.0005030541871921181,0.04078817733990148,0.005563054187192117,7.364532019704433
3220,2019-10-25,323.593494697119,303.2131420638212,595.2024528985646,1.135572577230363,37.01339926300573,0.012458319933519858,4212.368185551393,220.04357639404094,103.54991830307809,0.0004284771573604061,8.604568527918781e-5,0.0005183756345177664,0.04203045685279188,0.00573248730964467,7.588832487309645
3223,2019-10-28,224.08293127241822,175.99703288944718,454.1885643471059,0.7792663017435223,21.484057066597465,0.008813258931121934,2758.723994681878,152.3763932652444,71.70653800717383,0.0003981603773584906,7.995754716981133e-5,0.00048169811320754715,0.039056603773584914,0.00532688679245283,7.051886792452831
3224,2019-10-29,303.4651464438463,231.61516466065956,507.91412580683846,0.9496550019882887,28.273393780363804,0.011721020749034718,3746.0794883164363,206.3562995818155,97.10884686203083,0.000401952380952381,8.071904761904763e-5,0.00048628571428571427,0.03942857142857143,0.005377619047619048,7.1190476190476195
3225,2019-10-30,252.92108384560726,200.69454904577194,479.895501735249,0.8437654630849405,24.498896793122817,0.009869597290669803,3130.802035335656,171.98633701501294,80.93474683059432,0.000401952380952381,8.071904761904763e-5,0.00048628571428571427,0.03942857142857143,0.005377619047619048,7.1190476190476195
3226,2019-10-31,291.25587693034817,215.71743447610683,496.97229260146594,0.8936554714949216,26.332748890464757,0.01127379654850958,3623.9312296795197,198.05399631263677,93.20188061771141,0.0004038755980861244,8.110526315789474e-5,0.0004886124401913875,0.03961722488038278,0.0054033492822966505,7.153110047846891
3227,2019-11-01,284.70111679988554,218.3896001774306,492.09058491432074,0.8911134108865643,26.65894166471854,0.011033696405275024,3537.224030568528,193.59675942392218,91.10435737596337,0.0004038755980861244,8.110526315789474e-5,0.0004886124401913875,0.03961722488038278,0.0054033492822966505,7.153110047846891
3230,2019-11-04,210.37037661930697,160.6783581953307,429.76284489527126,0.7268209411688591,19.61409780700148,0.008310969561138333,2600.208434881845,143.05185610112875,67.31852051817823,0.0003981603773584906,7.995754716981133e-5,0.00048169811320754715,0.039056603773584914,0.00532688679245283,7.051886792452831
3231,2019-11-05,235.62995567754274,177.9961807061489,450.0609277095241,0.7836371479852949,21.728094168095435,0.009236225166105677,2917.4141191513254,160.22836986072906,75.40158581681368,0.0004000473933649289,8.033649289099527e-5,0.0004839810426540284,0.039241706161137445,0.005352132701421801,7.085308056872039
3232,2019-11-06,311.18168343228524,223.57000294383633,505.5530091046673,0.9193215908121837,27.291316352144843,0.012003676650901898,4077.4594950895043,211.60354473395398,99.57813869833127,0.00042417085427135675,8.518090452261307e-5,0.0005131658291457285,0.04160804020100503,0.005674874371859296,7.5125628140703515
3233,2019-11-07,323.7173116822659,236.08891521191248,507.76078696191956,0.9330168426793545,28.819507033336727,0.012462855336078753,3980.2788298718733,220.12777194394084,103.5895397383251,0.0004000473933649289,8.033649289099527e-5,0.0004839810426540284,0.039241706161137445,0.005352132701421801,7.085308056872039
3234,2019-11-08,326.12667632256,274.11283683516734,537.86409008883,1.020233714045913,33.461108591261734,0.012551110098072318,4014.4107584571398,221.76613989934083,104.3605364232192,0.0004038755980861244,8.110526315789474e-5,0.0004886124401913875,0.03961722488038278,0.0054033492822966505,7.153110047846891
3238,2019-11-12,258.622951263032,123.52910255986839,395.99573399711096,0.6562763968552338,15.079267219515224,0.010078456067555587,3413.473967456437,175.86360685886177,82.75934440417025,0.00041787128712871284,8.391584158415841e-5,0.0005055445544554454,0.04099009900990099,0.00559059405940594,7.400990099009901
3240,2019-11-14,309.34230881048893,88.34561661397784,350.9977535176216,0.5160886763677641,10.784399246723023,0.011936300560646075,3941.636158089716,210.35276999113248,98.98953881935645,0.0004000473933649289,8.033649289099527e-5,0.0004839810426540284,0.039241706161137445,0.005352132701421801,7.085308056872039
3241,2019-11-15,310.8038230997435,101.86908269484415,367.5733508961494,0.5446373386671178,12.435216378407448,0.01198983566844637,3966.2935339522182,211.3465997078256,99.45722339191792,0.000401952380952381,8.071904761904763e-5,0.00048628571428571427,0.03942857142857143,0.005377619047619048,7.1190476190476195
3244,2019-11-18,255.0619688114341,106.85313562092858,368.8476869962771,0.5667013639642682,13.043622530085024,0.009948017671692573,3217.9957696198617,173.4421387917752,81.61983001965892,0.0003981603773584906,7.995754716981133e-5,0.00048169811320754715,0.039056603773584914,0.00532688679245283,7.051886792452831
3245,2019-11-19,269.89797232329454,11.008630582885006,278.772521465134,0.31677741562109735,1.3438297440864004,0.010491458849909215,3515.7403397862768,183.5306211798403,86.36735114345426,0.0004000473933649289,8.033649289099527e-5,0.0004839810426540284,0.039241706161137445,0.005352132701421801,7.085308056872039
3246,2019-11-20,316.4832983094357,96.90604671148591,360.0057030670756,0.5423554607036895,11.829375776781955,0.012197874221223733,3985.37318460203,215.2086428504163,101.27465545901943,0.0003962910798122066,7.958215962441315e-5,0.00047943661971830984,0.03887323943661972,0.0053018779342723,7.018779342723005
3247,2019-11-21,316.7785853169273,16.984007755938748,288.8362866459653,0.3328731333194169,2.0732474056953305,0.012208690551857184,4105.721611300422,215.4094380155106,101.36914730141675,0.0004000473933649289,8.033649289099527e-5,0.0004839810426540284,0.039241706161137445,0.005352132701421801,7.085308056872039
3248,2019-11-22,0.8978656966431268,11.722956544318704,278.4095461682559,0.3107877302647086,1.4310279170762465,0.0006380145063079702,96.31260162830989,0.6105486737173262,0.2873170229258006,0.0004000473933649289,8.033649289099527e-5,0.0004839810426540284,0.039241706161137445,0.005352132701421801,7.085308056872039
3251,2019-11-25,0.7778676925828629,11.900129560147688,271.16618809375734,0.30822877286368927,1.452655527043524,0.0006336189926065868,94.61479932728933,0.5289500309563469,0.24891766162651613,0.0004000473933649289,8.033649289099527e-5,0.0004839810426540284,0.039241706161137445,0.005352132701421801,7.085308056872039
3252,2019-11-26,386.8106493087936,66.86640195765288,333.4457371773879,0.46274609947063616,8.162419399414748,0.014773957359610214,4970.994293717435,263.03124152997964,123.77940777881395,0.000401952380952381,8.071904761904763e-5,0.00048628571428571427,0.03942857142857143,0.005377619047619048,7.1190476190476195
3253,2019-11-27,253.8245526904616,41.66054273681698,307.80553636060995,0.3948015198932181,5.085525948300605,0.009902691255168877,3297.397084195621,172.60069582951388,81.2238568609477,0.000401952380952381,8.071904761904763e-5,0.00048628571428571427,0.03942857142857143,0.005377619047619048,7.1190476190476195
3255,2019-11-29,164.60864607883192,15.103215984838629,287.3639134867929,0.33061104868848695,1.8436580934363922,0.006634722400488422,2142.944803514528,111.93387933360572,52.674766745226215,0.0003944392523364486,7.921028037383179e-5,0.000477196261682243,0.038691588785046735,0.005277102803738318,6.9859813084112155
3258,2019-12-02,204.37274983248744,0.6020139210173274,262.0895061305066,0.280623823394377,0.07348817887257614,0.008091277151054496,2680.418380288892,138.97346988609146,65.39927994639598,0.0003981603773584906,7.995754716981133e-5,0.00048169811320754715,0.039056603773584914,0.00532688679245283,7.051886792452831
3259,2019-12-03,227.18491200050968,-7.751017353583866,264.4897579989605,0.2672717459865247,-0.9461710599018164,0.008926884144295528,2988.9358626357175,154.4857401603466,72.6991718401631,0.0003981603773584906,7.995754716981133e-5,0.00048169811320754715,0.039056603773584914,0.00532688679245283,7.051886792452831
3261,2019-12-05,187.04461514176103,-0.6992880010500294,260.8207367564909,0.2777876337871977,-0.08536248068444863,0.007456549481632144,2463.568517478391,127.19033829639751,59.85427684536353,0.0003981603773584906,7.995754716981133e-5,0.00048169811320754715,0.039056603773584914,0.00532688679245283,7.051886792452831
3262,2019-12-06,196.13587543366557,-8.316233695337239,255.31498909711567,0.25870020173700353,-1.0151673375199204,0.007789561347028179,2585.509275071188,133.3723952948926,62.763480138772984,0.0003962910798122066,7.958215962441315e-5,0.00047943661971830984,0.03887323943661972,0.0053018779342723,7.018779342723005
3265,2019-12-09,261.94824338711,-14.095401204392624,268.9724935451555,0.26240503067730386,-1.7206335747829264,0.010200261152623059,3578.2185101860346,178.1248055032348,83.8234378838752,0.0004137745098039215,8.309313725490196e-5,0.0005005882352941176,0.04058823529411765,0.005535784313725489,7.328431372549019
3266,2019-12-10,273.88963449685895,0.8933015494813222,267.645740248854,0.2790217379100054,0.10904582396449826,0.010637672996657728,3559.459349046613,186.2449514578641,87.64468303899487,0.0003981603773584906,7.995754716981133e-5,0.00048169811320754715,0.039056603773584914,0.00532688679245283,7.051886792452831
3267,2019-12-11,296.990286389057,45.1053436767574,311.1642172770518,0.40261254943429675,5.506034741896217,0.011483847336791348,3845.245499363147,201.95339474455878,95.03689164449825,0.000401952380952381,8.071904761904763e-5,0.00048628571428571427,0.03942857142857143,0.005377619047619048,7.1190476190476195
3268,2019-12-12,322.9261873530013,32.132317844885804,288.6137695118023,0.3592899081080394,3.9224101618531733,0.012433876538839476,4149.268827093624,219.5898074000409,103.33637995296041,0.0003981603773584906,7.995754716981133e-5,0.00048169811320754715,0.039056603773584914,0.00532688679245283,7.051886792452831
3269,2019-12-13,298.08049115892726,50.18664356486133,318.03052723183686,0.41683574875062823,6.126311885074496,0.011523781417702158,3835.7143430386614,202.69473398807054,95.38575717085672,0.0004000473933649289,8.033649289099527e-5,0.0004839810426540284,0.039241706161137445,0.005352132701421801,7.085308056872039
3272,2019-12-16,175.07868195464795,153.45905616520693,421.2162665595808,0.7020566950152939,18.73283353652024,0.007018238664000714,2139.2465086439406,119.05350372916061,56.025178225487345,0.0003944392523364486,7.921028037383179e-5,0.000477196261682243,0.038691588785046735,0.005277102803738318,6.9859813084112155
3273,2019-12-17,172.47754116222788,185.28247636502354,430.6115691380736,0.7541422987319901,22.6175363886225,0.006922959162630275,2014.0893590946896,117.28472799031496,55.192813171912924,0.00038368181818181817,7.705e-5,0.0004641818181818181,0.03763636363636364,0.005133181818181818,6.795454545454546
3274,2019-12-18,174.5720572727274,163.38958410319282,429.24295294707974,0.7197347603175781,19.945058682697244,0.006999681057578172,2144.749009911853,118.70899894545464,55.86305832727277,0.0003981603773584906,7.995754716981133e-5,0.00048169811320754715,0.039056603773584914,0.00532688679245283,7.051886792452831
3275,2019-12-19,177.3118824373572,159.67838070967352,419.96797026893756,0.7107694699013408,19.4920299913431,0.007100040552261746,2161.166610194227,120.57208005740291,56.73980237995431,0.0003944392523364486,7.921028037383179e-5,0.000477196261682243,0.038691588785046735,0.005277102803738318,6.9859813084112155
3276,2019-12-20,177.99439069450162,165.6951607305875,427.07508923569964,0.7351459696159741,20.226501721941403,0.007125040754715771,2174.770067814702,121.03618567226111,56.95820502224052,0.0003962910798122066,7.958215962441315e-5,0.00047943661971830984,0.03887323943661972,0.0053018779342723,7.018779342723005
3279,2019-12-23,178.99060234894924,164.77059026849716,427.42609674989444,0.7163801304630685,20.113638884179153,0.007161531878138151,2199.2930805830356,121.7136095972855,57.276992751663755,0.0003981603773584906,7.995754716981133e-5,0.00048169811320754715,0.039056603773584914,0.00532688679245283,7.051886792452831
3280,2019-12-24,177.9963701254606,183.48528846788568,437.0739967729897,0.7549355540334708,22.398152648410463,0.007125113261054266,2157.449613711786,121.03753168531321,56.958838440147396,0.0003962910798122066,7.958215962441315e-5,0.00047943661971830984,0.03887323943661972,0.0053018779342723,7.018779342723005
3282,2019-12-26,178.9891107730261,172.13969469887144,436.7198650417474,0.7493681771812201,21.013189618147074,0.007161477241876005,2192.089336692975,121.71259532565776,57.276515447368354,0.0003981603773584906,7.995754716981133e-5,0.00048169811320754715,0.039056603773584914,0.00532688679245283,7.051886792452831
3283,2019-12-27,169.8666324272942,180.38904370441932,435.2729686970855,0.7611201679104735,22.02019230386164,0.006827321862599025,2068.6552185693295,115.50931005056007,54.357322376734146,0.0003981603773584906,7.995754716981133e-5,0.00048169811320754715,0.039056603773584914,0.00532688679245283,7.051886792452831
3286,2019-12-30,142.49725530689346,142.73691318908652,400.4928167361215,0.6617599026404072,17.423975496169717,0.005824784586473712,1750.2560916131335,96.89813360868756,45.59912169820591,0.0003962910798122066,7.958215962441315e-5,0.00047943661971830984,0.03887323943661972,0.0053018779342723,7.018779342723005
3287,2019-12-31,183.88825634328762,154.86253215379247,413.8603855098388,0.6956465858916204,18.904156642002995,0.007340932405716411,2226.054366311504,125.0440143134356,58.84424202985204,0.00039078703703703704,7.847685185185186e-5,0.00047277777777777775,0.03833333333333334,0.005228240740740741,6.921296296296297
3289,2020-01-02,141.85305227619267,139.87802278561523,402.75180349912307,0.6469958023178698,17.07498913221262,0.005801187500254711,1736.1419990565319,96.46007554781102,45.392976728381655,0.0003944392523364486,7.921028037383179e-5,0.000477196261682243,0.038691588785046735,0.005277102803738318,6.9859813084112155
3290,2020-01-03,143.86992031803425,152.91474373977616,422.4281973394827,0.6882628802120186,18.666389011757378,0.005875065154980908,1775.6871896896107,97.8315458162633,46.03837450177096,0.0004000473933649289,8.033649289099527e-5,0.0004839810426540284,0.039241706161137445,0.005352132701421801,7.085308056872039
3293,2020-01-06,211.42606387382034,53.51052154928885,316.45430758756254,0.42351184091853356,6.5320595452904735,0.00834963926925497,2692.1606157994624,143.76972343419783,67.65634043962251,0.0003944392523364486,7.921028037383179e-5,0.000477196261682243,0.038691588785046735,0.005277102803738318,6.9859813084112155
3294,2020-01-07,160.4328792263223,-18.368904951626877,254.9590922021162,0.24132479875831195,-2.2423025874507183,0.006481764519582579,2161.1509597985914,109.09435787389918,51.33852135242314,0.0003962910798122066,7.958215962441315e-5,0.00047943661971830984,0.03887323943661972,0.0053018779342723,7.018779342723005
3295,2020-01-08,216.32822804817687,-24.63974546752287,260.67659692129814,0.23860846291135493,-3.0077876259608147,0.008529205004231643,2893.830566172967,147.1031950727603,69.2250329754166,0.0003981603773584906,7.995754716981133e-5,0.00048169811320754715,0.039056603773584914,0.00532688679245283,7.051886792452831
3296,2020-01-09,226.96488364190827,8.999195892041424,276.1895383809598,0.3180803808433079,1.0985369180601685,0.008918824529700276,2930.274075203022,154.33612087649763,72.62876276541066,0.0003944392523364486,7.921028037383179e-5,0.000477196261682243,0.038691588785046735,0.005277102803738318,6.9859813084112155
3300,2020-01-13,178.16165261053644,-8.795695442311708,250.64953274720088,0.2542460199692128,-1.0736955033880375,0.00713116754031865,2360.4178653930703,121.14992377516478,57.01172883537166,0.0003962910798122066,7.958215962441315e-5,0.00047943661971830984,0.03887323943661972,0.0053018779342723,7.018779342723005
3301,2020-01-14,179.01098721989837,-16.499018525702404,262.28713127285897,0.2562868761935591,-2.0140444968279523,0.007162278573720795,2401.449802371828,121.7274713095309,57.28351591036748,0.0003981603773584906,7.995754716981133e-5,0.00048169811320754715,0.039056603773584914,0.00532688679245283,7.051886792452831
3302,2020-01-15,178.06762963998435,-16.443324277592634,264.1830003658753,0.25496107150586095,-2.007245868549809,0.00712772348924011,2378.3532165361526,121.08598815518937,56.98164148479499,0.0003962910798122066,7.958215962441315e-5,0.00047943661971830984,0.03887323943661972,0.0053018779342723,7.018779342723005
3303,2020-01-16,177.33798733933855,-15.499361951688519,254.39262668946543,0.24788493736105288,-1.892015855034859,0.007100996771952488,2355.9285533756574,120.58983139075022,56.74815594858834,0.0003944392523364486,7.921028037383179e-5,0.000477196261682243,0.038691588785046735,0.005277102803738318,6.9859813084112155
3304,2020-01-17,177.33798733933855,-3.8446984623354816,267.84510579772694,0.2808544831657757,-0.4693245096953434,0.007100996771952488,2326.7918946522746,120.58983139075022,56.74815594858834,0.0003944392523364486,7.921028037383179e-5,0.000477196261682243,0.038691588785046735,0.005277102803738318,6.9859813084112155
3308,2020-01-21,296.48510733073704,10.336638161385652,278.7490155906888,0.31068880698315887,1.2617992501923254,0.011465342683402428,3818.007143021553,201.6098729849012,94.87523434583585,0.0003962910798122066,7.958215962441315e-5,0.00047943661971830984,0.03887323943661972,0.0053018779342723,7.018779342723005
3309,2020-01-22,211.40602750191866,49.90617690957122,322.8144138777747,0.4240606485362797,6.092075162280906,0.008348905339154136,2721.311347547956,143.7560987013047,67.64992880061398,0.0003981603773584906,7.995754716981133e-5,0.00048169811320754715,0.039056603773584914,0.00532688679245283,7.051886792452831
3310,2020-01-23,213.77854357116357,43.58482953108865,309.0670116028419,0.40179505342394084,5.320424722569153,0.008435810342039694,2744.3393722264796,145.36940962839122,68.40913394277234,0.0003962910798122066,7.958215962441315e-5,0.00047943661971830984,0.03887323943661972,0.0053018779342723,7.018779342723005
3311,2020-01-24,204.892812637678,-9.056538122771498,252.67241788781246,0.25677287850452113,-1.10553671650623,0.008110326994455616,2710.2250077307285,139.32711259362105,65.56570004405695,0.0003981603773584906,7.995754716981133e-5,0.00048169811320754715,0.039056603773584914,0.00532688679245283,7.051886792452831
3314,2020-01-27,192.77440808076892,-27.22316788093547,250.02626690317283,0.22310973315252575,-3.3231474570083477,0.007666431167304606,2566.9925715565428,131.08659749492287,61.68781058584606,0.0003926046511627907,7.884186046511629e-5,0.0004749767441860465,0.03851162790697675,0.005252558139534884,6.953488372093024
3315,2020-01-28,329.15689349595715,25.99174236972806,284.9055105830982,0.34696471736815176,3.1728266503350757,0.012662106620124014,4254.25539894235,223.82668757725088,105.33020591870628,0.0004000473933649289,8.033649289099527e-5,0.0004839810426540284,0.039241706161137445,0.005352132701421801,7.085308056872039
3322,2020-02-04,286.4322964342788,39.62203335189571,295.9162421311369,0.3792763387597901,4.836683957970272,0.011097109325032503,3680.352030913488,194.77396157530958,91.65833485896921,0.0003981603773584906,7.995754716981133e-5,0.00048169811320754715,0.039056603773584914,0.00532688679245283,7.051886792452831
3323,2020-02-05,287.7897954695123,-25.43610503166402,247.4766766780526,0.22380784739599302,-3.104999687099857,0.011146834365508902,3817.4517905215585,195.69706091926838,92.09273455024393,0.0004000473933649289,8.033649289099527e-5,0.0004839810426540284,0.039241706161137445,0.005352132701421801,7.085308056872039
3324,2020-02-06,287.7897954695123,-20.99070965049743,251.81093717469003,0.23413323521288293,-2.562347765731594,0.011146834365508902,3806.3383020686424,195.69706091926838,92.09273455024393,0.0004000473933649289,8.033649289099527e-5,0.0004839810426540284,0.039241706161137445,0.005352132701421801,7.085308056872039
3325,2020-02-07,281.75869187520533,-25.657476507813016,231.21427428180192,0.20381917530803229,-3.132022628046194,0.010925915703645782,3724.010383972623,191.59591047513965,90.16278140006571,0.0003981603773584906,7.995754716981133e-5,0.00048169811320754715,0.039056603773584914,0.00532688679245283,7.051886792452831
3328,2020-02-10,232.42520440936545,-20.897149704330737,245.79680922735176,0.2271756356037327,-2.550926850335506,0.009118835479342845,3045.7254938419437,158.0491389983685,74.37606541099694,0.0003926046511627907,7.884186046511629e-5,0.0004749767441860465,0.03851162790697675,0.005252558139534884,6.953488372093024
3329,2020-02-11,266.9044910795567,-23.38399883197895,246.92088980881198,0.22523242721395378,-2.854497925922746,0.010381807960923792,3514.1342927535666,181.49505393409856,85.40943714545814,0.0003962910798122066,7.958215962441315e-5,0.00047943661971830984,0.03887323943661972,0.0053018779342723,7.018779342723005
3330,2020-02-12,248.00785342953716,-19.46190551965108,241.2994732084487,0.22581221627037606,-2.3757257832383756,0.009689626200475303,3266.4260699445404,168.64534033208528,79.3625130974519,0.0003962910798122066,7.958215962441315e-5,0.00047943661971830984,0.03887323943661972,0.0053018779342723,7.018779342723005
3331,2020-02-13,237.46236730270192,-18.016122680117043,241.82793147216253,0.2286203878070326,-2.1992382565994015,0.009303346202559884,3144.5990303434032,161.47440976583732,75.98795753686461,0.0003981603773584906,7.995754716981133e-5,0.00048169811320754715,0.039056603773584914,0.00532688679245283,7.051886792452831
3332,2020-02-14,244.85708495088386,-9.646847855442557,238.16241476881066,0.2367037007906599,-1.1775961585062509,0.009574213897360224,3187.37024381672,166.50281776660103,78.35426718428283,0.0003944392523364486,7.921028037383179e-5,0.000477196261682243,0.038691588785046735,0.005277102803738318,6.9859813084112155
3336,2020-02-18,255.67221010275514,28.56131382279452,281.82514034741115,0.34805284572574674,3.486495686841258,0.009970370743130366,3286.415972526195,173.8571028698735,81.81510723288164,0.0003962910798122066,7.958215962441315e-5,0.00047943661971830984,0.03887323943661972,0.0053018779342723,7.018779342723005
3337,2020-02-19,241.79049778605201,-22.1546690314059,239.54697346217162,0.22254352863675214,-2.7044329438285852,0.009461885146519204,3180.2127943303863,164.41753849451538,77.37295929153665,0.0003944392523364486,7.921028037383179e-5,0.000477196261682243,0.038691588785046735,0.005277102803738318,6.9859813084112155
3338,2020-02-20,240.95317074136616,-22.756267801607752,238.9604146612248,0.22184660299586992,-2.7778704450069727,0.00943121394889156,3171.2243556432013,163.848156104129,77.10501463723718,0.0003944392523364486,7.921028037383179e-5,0.000477196261682243,0.038691588785046735,0.005277102803738318,6.9859813084112155
3339,2020-02-21,242.2828442383918,2.913684777038274,264.16516903437446,0.2875961759990765,0.35567514404227196,0.009479919742961328,3142.8543181504556,164.75233408210642,77.53051015628537,0.0003962910798122066,7.958215962441315e-5,0.00047943661971830984,0.03887323943661972,0.0053018779342723,7.018779342723005
3342,2020-02-24,264.8265834303547,-9.193727624211117,248.16246079654167,0.2464301764781664,-1.1222835163214189,0.010305694432088014,3452.4983818469914,180.08207673264118,84.7445066977135,0.0003962910798122066,7.958215962441315e-5,0.00047943661971830984,0.03887323943661972,0.0053018779342723,7.018779342723005
3343,2020-02-25,373.3958972423812,-3.5664768801490343,247.3520585520802,0.2584223984044485,-0.4353618442417312,0.01428257646564997,4805.285290537588,253.90921012481923,119.48668711756198,0.0003962910798122066,7.958215962441315e-5,0.00047943661971830984,0.03887323943661972,0.0053018779342723,7.018779342723005
3344,2020-02-26,243.42519065131555,51.96994270129041,307.95545374679676,0.4177470183040416,6.344000216433596,0.009521763766527011,3124.3122881260383,165.5291296428946,77.89606100842097,0.0003981603773584906,7.995754716981133e-5,0.00048169811320754715,0.039056603773584914,0.00532688679245283,7.051886792452831
3345,2020-02-27,242.28234938065208,-13.628981342738149,251.18455542755342,0.24756105354368452,-1.6636974392114041,0.009479901616376706,3179.7613840546765,164.75199757884343,77.53035180180866,0.0003962910798122066,7.958215962441315e-5,0.00047943661971830984,0.03887323943661972,0.0053018779342723,7.018779342723005
3346,2020-02-28,243.42519065131555,-17.847555551848753,244.10117589446216,0.23184928180937464,-2.1786611721803526,0.009521763766527011,3219.601871139418,165.5291296428946,77.89606100842097,0.0003981603773584906,7.995754716981133e-5,0.00048169811320754715,0.039056603773584914,0.00532688679245283,7.051886792452831
3350,2020-03-03,248.3522196965556,-31.190931961893373,230.74666125016816,0.19523374668561885,-3.8074946561775582,0.009702240298991588,3377.5385936277644,168.87950939365783,79.4727103028978,0.00040581730769230766,8.14951923076923e-5,0.0004909615384615384,0.03980769230769231,0.005429326923076922,7.1875
3351,2020-03-04,239.28657431087672,-16.37054862170074,245.56173232584416,0.2360416183576572,-1.9983621031898402,0.009370166704795615,3254.510128146005,162.71487053139617,76.57170377948056,0.000409757281553398,8.228640776699029e-5,0.0004957281553398058,0.040194174757281556,0.005482038834951456,7.257281553398058
3352,2020-03-05,239.8509499541712,-26.02806786080893,242.65659755481744,0.21785854732283014,-3.177260923518783,0.009390839722586662,3286.000688900823,163.09864596883642,76.75230398533479,0.000409757281553398,8.228640776699029e-5,0.0004957281553398058,0.040194174757281556,0.005482038834951456,7.257281553398058
3357,2020-03-10,241.38175520025752,-28.66543464004909,233.73364921711743,0.2047164451343172,-3.4992057737273417,0.009446912950520876,3235.723792700819,164.1395935361751,77.2421616640824,0.0004000473933649289,8.033649289099527e-5,0.0004839810426540284,0.039241706161137445,0.005352132701421801,7.085308056872039
3358,2020-03-11,217.81956608038857,-30.658225535921407,235.3643976727786,0.20343773964984993,-3.742466882314382,0.008583832552458932,2968.665640086805,148.11730493466425,69.70226114572435,0.0004038755980861244,8.110526315789474e-5,0.0004886124401913875,0.03961722488038278,0.0054033492822966505,7.153110047846891
3359,2020-03-12,214.55937198551607,-2.2015368405450473,270.8332804195863,0.28834504298082025,-0.2687428437853084,0.008464412001047222,2869.396341680822,145.90037295015094,68.65899903536514,0.00040581730769230766,8.14951923076923e-5,0.0004909615384615384,0.03980769230769231,0.005429326923076922,7.1875
3360,2020-03-13,204.3229541439775,-20.1432420940339,243.6676059488045,0.2283792525629913,-2.4588969231450095,0.008089453140456743,2782.279261398481,138.9396088179047,65.3833453260728,0.00040581730769230766,8.14951923076923e-5,0.0004909615384615384,0.03980769230769231,0.005429326923076922,7.1875
3363,2020-03-16,225.87720149407656,-13.357052856645218,253.50831107146857,0.24726089277830945,-1.6305029755472145,0.008878982852157508,3043.1983982485153,153.59649701597206,72.2807044781045,0.00040581730769230766,8.14951923076923e-5,0.0004909615384615384,0.03980769230769231,0.005429326923076922,7.1875
3364,2020-03-17,183.61498490256014,-7.470195463469343,251.5552390683314,0.25240294862144746,-0.9118909733928584,0.007330922502874101,2471.828532016127,124.8581897337409,58.756795168819245,0.0004038755980861244,8.110526315789474e-5,0.0004886124401913875,0.03961722488038278,0.0054033492822966505,7.153110047846891
3365,2020-03-18,183.1826728780054,4.985331490003555,266.2002346561338,0.29126515291989824,0.6085622266962876,0.00731508696092418,2466.393869651466,124.56421755704369,58.61845532096173,0.00040777777777777774,8.188888888888889e-5,0.0004933333333333333,0.04,0.005455555555555555,7.222222222222222
3367,2020-03-20,174.1280503582957,2.320956944331982,269.21173899197925,0.2921466310205847,0.28332052320714896,0.0069834171330972845,2363.119423934505,118.40707424364108,55.720976114654626,0.000409757281553398,8.228640776699029e-5,0.0004957281553398058,0.040194174757281556,0.005482038834951456,7.257281553398058
3371,2020-03-24,175.530494008296,0.0670783086060189,254.04326072107736,0.2690473781311646,0.008188286963495483,0.00703478848987334,2305.237729303747,119.36073592564128,56.16975808265472,0.0003962910798122066,7.958215962441315e-5,0.00047943661971830984,0.03887323943661972,0.0053018779342723,7.018779342723005
3373,2020-03-26,143.1912886184209,-10.965114275136955,250.81155613925617,0.24998614069612388,-1.338517683856533,0.005850206950403227,1934.5286340258729,97.37007626052623,45.821212357894694,0.0003981603773584906,7.995754716981133e-5,0.00048169811320754715,0.039056603773584914,0.00532688679245283,7.051886792452831
3377,2020-03-30,139.44537291625193,-8.431762347519555,266.6614311691023,0.27090968565339835,-1.0292699852496188,0.005712994469895283,1907.5075869765474,94.82285358305131,44.622519333200614,0.0004038755980861244,8.110526315789474e-5,0.0004886124401913875,0.03961722488038278,0.0054033492822966505,7.153110047846891
3381,2020-04-03,145.2673434437629,-12.071914039995159,270.5993525148745,0.2713559327462156,-1.4736253553844205,0.005926252610504632,1991.3076363395066,98.78179354175879,46.48554990200413,0.0004038755980861244,8.110526315789474e-5,0.0004886124401913875,0.03961722488038278,0.0054033492822966505,7.153110047846891
3384,2020-04-06,158.79836411193446,-27.83820140028144,245.72652816467803,0.21940728521151434,-3.3982249455919145,0.006421892410569815,2164.246146805849,107.98288759611545,50.81547651581903,0.0003962910798122066,7.958215962441315e-5,0.00047943661971830984,0.03887323943661972,0.0053018779342723,7.018779342723005
3385,2020-04-07,130.36541776842307,-20.670603724238955,255.61821257965576,0.2429400633061429,-2.5232722547744695,0.005380396710684347,1780.2495359979375,88.6484840825277,41.716933685895384,0.0003944392523364486,7.921028037383179e-5,0.000477196261682243,0.038691588785046735,0.005277102803738318,6.9859813084112155
3386,2020-04-08,93.43647415639619,-21.99645862373136,265.2012468291237,0.24990679103435642,-2.6851201101335733,0.004027693564532344,1351.09521931805,63.53680242634941,29.89967173004678,0.0004038755980861244,8.110526315789474e-5,0.0004886124401913875,0.03961722488038278,0.0054033492822966505,7.153110047846891
3387,2020-04-09,104.88785910235289,-21.293039294163233,263.25704737926117,0.24774107537525308,-2.5992533158468634,0.004447156536637197,1510.207736909794,71.32374418959998,33.56411491275293,0.00040777777777777774,8.188888888888889e-5,0.0004933333333333333,0.04,0.005455555555555555,7.222222222222222
3388,2020-04-10,106.89809597780086,-12.622728937049667,258.2419349818095,0.2555841899188066,-1.540863640525764,0.004520791292467137,1466.0639109319388,72.6907052649046,34.20739071289628,0.0003944392523364486,7.921028037383179e-5,0.000477196261682243,0.038691588785046735,0.005277102803738318,6.9859813084112155
3395,2020-04-17,0.0,-94.02232524327364,177.83273748016995,0.03706386546941837,-11.477358270747281,0.0006051257845121058,330.0368511719312,0.0,0.0,0.0003944392523364486,7.921028037383179e-5,0.000477196261682243,0.038691588785046735,0.005277102803738318,6.9859813084112155
3400,2020-04-22,39.08921534699455,-94.38264706696376,169.27325894549503,0.026955810150163868,-11.521342958985532,0.0020369594469099705,792.1691344723848,26.580666435956296,12.508548911038256,0.00037515555555555556,7.533777777777778e-5,0.0004538666666666666,0.036800000000000006,0.0050191111111111105,6.644444444444445
3402,2020-04-24,65.63574002992189,-91.90782326060985,173.6732565660877,0.0355128088167939,-11.219239821150932,0.003009355728679122,1102.3701624346838,44.63230322034689,21.003436809575007,0.00037515555555555556,7.533777777777778e-5,0.0004538666666666666,0.036800000000000006,0.0050191111111111105,6.644444444444445
3405,2020-04-27,63.72184585025137,-93.72327759696901,177.07039112596837,0.036397592477194186,-11.440853355900927,0.0029392499952077974,1087.8922380172992,43.330855178170935,20.390990672080438,0.00037683035714285715,7.567410714285715e-5,0.0004558928571428571,0.03696428571428572,0.005041517857142857,6.674107142857143
3406,2020-04-28,95.32638777264854,-82.87846322494394,163.97758906088202,0.03996299428185749,-10.117020749066038,0.004096920892601038,1455.8556824340071,64.82194368540101,30.504444087247535,0.00038194570135746604,7.670135746606335e-5,0.00046208144796380086,0.0374660633484163,0.005109954751131221,6.764705882352942
3407,2020-04-29,108.34982984980881,-91.29864271505475,173.97499518485722,0.03710397174896618,-11.144876808379076,0.004573968144658518,1634.9321054731813,73.67788429787,34.67194555193882,0.00038194570135746604,7.670135746606335e-5,0.00046208144796380086,0.0374660633484163,0.005109954751131221,6.764705882352942
3408,2020-04-30,115.0132950651917,-81.25972234296337,195.11937951312058,0.0761232042310523,-9.919420136637815,0.00481805014320741,1697.4505943351598,78.20904064433036,36.80425442086135,0.00038368181818181817,7.705e-5,0.0004641818181818181,0.03763636363636364,0.005133181818181818,6.795454545454546
3409,2020-05-01,115.53606342853583,-56.30142973807046,222.74792759244357,0.14608009868761915,-6.87274728195864,0.004837199090906364,1648.2793380035805,78.56452313140437,36.97154029713146,0.0003854337899543379,7.740182648401827e-5,0.00046630136986301366,0.0378082191780822,0.0051566210045662095,6.826484018264841
3413,2020-05-05,109.69719760297578,-94.16535765247488,175.22596614905774,0.03426709292218782,-11.494818317608315,0.00462332207738621,1658.4478043173817,74.59409437002353,35.10310323295225,0.00038194570135746604,7.670135746606335e-5,0.00046208144796380086,0.0374660633484163,0.005109954751131221,6.764705882352942
3415,2020-05-07,86.81678892620957,-100.67433362558202,163.79100027110712,0.011144673503771208,-12.289372685687837,0.00378521522202993,1366.8151892253989,59.03541646982251,27.78137245638706,0.00037185022026431716,7.467400881057268e-5,0.0004498678414096916,0.03647577092511013,0.0049748898678414095,6.58590308370044
3416,2020-05-08,93.31984092366139,-93.41537383024513,156.09695549509166,0.014569262204621493,-11.403267369440172,0.0040234213020348365,1425.4899184112528,63.45749182808975,29.862349095571645,0.00037185022026431716,7.467400881057268e-5,0.0004498678414096916,0.03647577092511013,0.0049748898678414095,6.58590308370044
3422,2020-05-14,96.29145091604907,-103.48841793757599,194.89744890982467,0.039870482461967685,-12.632889544787798,0.004132271049486871,1665.4971761322395,65.47818662291337,30.813264293135703,0.0004263131313131313,8.56111111111111e-5,0.0005157575757575757,0.041818181818181824,0.005703535353535353,7.550505050505051
3426,2020-05-18,89.76883569844013,-94.257169848269,176.13836604475887,0.03493200120336281,-11.506025884130697,0.0038933483708775357,1472.8495120027833,61.04280827493929,28.72602742350084,0.0004000473933649289,8.033649289099527e-5,0.0004839810426540284,0.039241706161137445,0.005352132701421801,7.085308056872039
3427,2020-05-19,81.64320832918477,-90.5893809373641,150.63457350931617,0.013492563068136836,-11.058296823154926,0.0035957075333185964,1257.7702578929316,55.51738166384565,26.12582666533913,0.0003638362068965517,7.306465517241379e-5,0.00044017241379310337,0.03568965517241379,0.004867672413793103,6.443965517241379
3428,2020-05-20,83.8573663815376,-101.33217309773413,162.33041865939413,0.008467162144870007,-12.369675521072875,0.0036768118994483664,1338.2789211960537,57.02300913944558,26.834357242092032,0.0003734955752212389,7.500442477876106e-5,0.00045185840707964595,0.03663716814159292,0.004996902654867256,6.615044247787611
3429,2020-05-21,87.67700739437674,-89.5344455037399,186.3867846385,0.054403992151169096,-10.929520259792099,0.0038167249299840143,1417.4862568488777,59.62036502817619,28.05664236620056,0.0003944392523364486,7.921028037383179e-5,0.000477196261682243,0.038691588785046735,0.005277102803738318,6.9859813084112155
3430,2020-05-22,90.89871826260446,-82.12594013396753,217.59778602071938,0.10052687195573101,-10.025159830929852,0.003934735845032893,1573.6075435631815,61.81112841857104,29.087589844033428,0.00043735751295336786,8.782901554404145e-5,0.0005291191709844559,0.04290155440414508,0.005851295336787564,7.746113989637306
3437,2020-05-29,113.75709400197869,-85.46850652114053,184.0205381098317,0.0588694001439435,-10.433188795009173,0.004772035636313844,1848.7348198988443,77.35482392134551,36.40227008063318,0.00042417085427135675,8.518090452261307e-5,0.0005131658291457285,0.04160804020100503,0.005674874371859296,7.5125628140703515
3442,2020-06-03,104.22759025747494,-97.05201057549037,179.97979245970765,0.035012035414485096,-11.847193667984143,0.004422970961410462,1764.5755737188972,70.87476137508297,33.35282888239198,0.0004284771573604061,8.604568527918781e-5,0.0005183756345177664,0.04203045685279188,0.00573248730964467,7.588832487309645
3447,2020-06-08,116.14036230920532,-66.75549663562367,189.50345573433475,0.09867645296042908,-8.148881124204383,0.004859334492495039,1702.8546385388108,78.97544637025962,37.164915938945704,0.00039078703703703704,7.847685185185186e-5,0.00047277777777777775,0.03833333333333334,0.005228240740740741,6.921296296296297
3449,2020-06-10,101.50269770594913,-93.04738134802493,179.03441140858337,0.04092058681046326,-11.358346319588932,0.004323158446703848,1638.9462640325105,69.02183444004541,32.48086326590372,0.00040581730769230766,8.14951923076923e-5,0.0004909615384615384,0.03980769230769231,0.005429326923076922,7.1875
3450,2020-06-11,147.56657799287265,-72.09254152763705,187.15444756461525,0.08473465167719293,-8.800377204249283,0.00601047331936101,2151.991363559491,100.34527303515341,47.22130495771925,0.0004000473933649289,8.033649289099527e-5,0.0004839810426540284,0.039241706161137445,0.005352132701421801,7.085308056872039
3451,2020-06-12,144.35424432227953,-104.92364342081609,167.01493100984368,0.007711896899972389,-12.808088328989653,0.0058928058900309666,2202.4383887077674,98.16088613915008,46.19335818312945,0.000401952380952381,8.071904761904763e-5,0.00048628571428571427,0.03942857142857143,0.005377619047619048,7.1190476190476195
3455,2020-06-16,140.51275892909297,-84.53251638498409,176.31053733161994,0.05275865667770108,-10.31893195119301,0.005752092702243811,2049.8766547605132,95.54867607178322,44.96408285730975,0.00039078703703703704,7.847685185185186e-5,0.00047277777777777775,0.03833333333333334,0.005228240740740741,6.921296296296297
3456,2020-06-17,141.85305227619267,-87.64018838290337,168.38645437296339,0.03855204436861117,-10.69828722469642,0.005801187500254711,2091.623542229765,96.46007554781102,45.392976728381655,0.0003944392523364486,7.921028037383179e-5,0.000477196261682243,0.038691588785046735,0.005277102803738318,6.9859813084112155
3457,2020-06-18,142.4114136961784,-62.86141921482536,185.68064684405732,0.09930798371163174,-7.673528897199904,0.0058216402177069,1913.560720885973,96.83976131340133,45.571652382777096,0.00036860262008733623,7.402183406113537e-5,0.0004459388646288209,0.03615720524017468,0.0049314410480349345,6.528384279475983
3458,2020-06-19,132.8852092639899,-110.28056808796013,176.46665794204668,0.009153492980812472,-13.462011144396884,0.005472696396251043,2197.495888009026,90.36194229951315,42.52326696447677,0.0004306632653061224,8.648469387755102e-5,0.0005210204081632652,0.04224489795918367,0.005761734693877551,7.627551020408164
3461,2020-06-22,136.9927708362272,-41.51644927731892,202.81887626806468,0.15475363798707312,-5.067936378431411,0.0056231559252360236,1906.9845065203867,93.1550841686345,43.837686667592706,0.0003926046511627907,7.884186046511629e-5,0.0004749767441860465,0.03851162790697675,0.005252558139534884,6.953488372093024
3462,2020-06-23,107.6917816484374,-80.47367514467614,178.8229263469794,0.0621185933001631,-9.823466911814702,0.004549863911359386,1659.2637596024283,73.23041152093744,34.46137012749997,0.0003981603773584906,7.995754716981133e-5,0.00048169811320754715,0.039056603773584914,0.00532688679245283,7.051886792452831
3463,2020-06-24,100.04546627460859,-80.48705263359072,159.8298600451455,0.040877942495555465,-9.82509990943137,0.004269780219518276,1562.5783111988078,68.03091706673385,32.01454920787475,0.0003981603773584906,7.995754716981133e-5,0.00048169811320754715,0.039056603773584914,0.00532688679245283,7.051886792452831
3464,2020-06-25,130.80772811279934,-79.02773070105573,137.00044699862985,0.01807488371995109,-9.646959658073763,0.005396598489990552,1948.044467230603,88.94925511670355,41.85847299609579,0.0003981603773584906,7.995754716981133e-5,0.00048169811320754715,0.039056603773584914,0.00532688679245283,7.051886792452831
3465,2020-06-26,136.299498894733,-104.8314205853774,171.00797122142737,0.012235534030629373,-12.796830635454258,0.005597761450207154,2048.3169552701415,92.68365924841845,43.61583964631456,0.00039078703703703704,7.847685185185186e-5,0.00047277777777777775,0.03833333333333334,0.005228240740740741,6.921296296296297
3468,2020-06-29,122.68378309214557,-94.19638198902054,175.997462928815,0.036003429560541485,-11.498605475868075,0.005099019276676004,1845.2398495683308,83.424972502659,39.258810589486586,0.0003889861751152074,7.81152073732719e-5,0.0004705990783410138,0.038156682027649776,0.005204147465437788,6.889400921658987
3469,2020-06-30,102.91445240020869,-88.71651456612955,166.64541209799225,0.03493006561536705,-10.829674968927483,0.004374870866007872,1574.7682474497374,69.98182763214191,32.93262476806678,0.0003854337899543379,7.740182648401827e-5,0.00046630136986301366,0.0378082191780822,0.0051566210045662095,6.826484018264841
3470,2020-07-01,95.47948690495531,-82.04897318131177,171.86687340274744,0.052264582975264186,-10.015764431610037,0.004102528896992397,1455.6396566494252,64.92605109536962,30.5534358095857,0.00038194570135746604,7.670135746606335e-5,0.00046208144796380086,0.0374660633484163,0.005109954751131221,6.764705882352942
3471,2020-07-02,97.72764206476634,-64.28421402002853,189.7095804273451,0.10208228637117202,-7.8472102615229264,0.004184878573432202,1462.060640057222,66.45479660404112,31.27284546072523,0.0003889861751152074,7.81152073732719e-5,0.0004705990783410138,0.038156682027649776,0.005204147465437788,6.889400921658987
3475,2020-07-06,90.9431739230361,-77.35199365543197,170.99841811880768,0.05874832695702154,-9.442401491803954,0.003936364250988988,1422.21580906179,61.84135826766455,29.101815655371553,0.0003926046511627907,7.884186046511629e-5,0.0004749767441860465,0.03851162790697675,0.005252558139534884,6.953488372093024
3476,2020-07-07,89.1773235645191,-87.54550038350492,168.6209964962692,0.038916388140665836,-10.686728607206112,0.00387168134641704,1437.0064150638373,60.64058002387299,28.536743540646114,0.0003962910798122066,7.958215962441315e-5,0.00047943661971830984,0.03887323943661972,0.0053018779342723,7.018779342723005
3477,2020-07-08,93.56869114704341,-88.01374696684023,177.60991365740026,0.047908046579656936,-10.74388773172348,0.004032536658369585,1493.4630297695255,63.62670997998952,29.941981167053893,0.0003962910798122066,7.958215962441315e-5,0.00047943661971830984,0.03887323943661972,0.0053018779342723,7.018779342723005
3478,2020-07-09,102.86449302532259,-95.75464151665956,153.44632424055186,0.008190862190000018,-11.68882309526053,0.004373040859596148,1579.5132241872886,69.94785525721936,32.91663776810323,0.00038194570135746604,7.670135746606335e-5,0.00046208144796380086,0.0374660633484163,0.005109954751131221,6.764705882352942
3479,2020-07-10,128.32597434367332,-98.92719721239602,162.05010138125124,0.01235968238507157,-12.076098758350687,0.005305692122163175,1974.5485333197742,87.26166255369786,41.06431178997546,0.0004000473933649289,8.033649289099527e-5,0.0004839810426540284,0.039241706161137445,0.005352132701421801,7.085308056872039
3482,2020-07-13,140.00086296244442,-98.0173257584162,158.21323575969447,0.009723371909863625,-11.965030236798684,0.005733342009240979,2156.8940162725194,95.20058681446221,44.80027614798222,0.00040777777777777774,8.188888888888889e-5,0.0004933333333333333,0.04,0.005455555555555555,7.222222222222222
3483,2020-07-14,143.7947431912341,-86.06883912060361,185.648832985248,0.06005914609259304,-10.506471734011361,0.005872311425087912,2205.009290186856,97.78042537003918,46.01431782119491,0.0004137745098039215,8.309313725490196e-5,0.0005005882352941176,0.04058823529411765,0.005535784313725489,7.328431372549019
3484,2020-07-15,140.79419880962485,-115.92803371339527,188.26657485874992,0.012574881720339097,-14.151400458446913,0.005762401814138475,2211.9481492626082,95.74005519054491,45.05414361907995,0.00040777777777777774,8.188888888888889e-5,0.0004933333333333333,0.04,0.005455555555555555,7.222222222222222
3485,2020-07-16,141.73891437021456,-103.32874897288919,166.86063089686732,0.010252059501550427,-12.613398664215678,0.0057970066413020735,2183.388528007314,96.38246177174591,45.35645259846866,0.00040581730769230766,8.14951923076923e-5,0.0004909615384615384,0.03980769230769231,0.005429326923076922,7.1875
3486,2020-07-17,142.39867772335802,-112.28879325835885,178.08522975351767,0.0075421516143187,-13.707156323580248,0.005821173700422126,2233.0670788806474,96.83110085188346,45.567576871474564,0.000409757281553398,8.228640776699029e-5,0.0004957281553398058,0.040194174757281556,0.005482038834951456,7.257281553398058
3489,2020-07-20,142.68231775785665,-101.34737040257876,166.84551207042603,0.013787424494236169,-12.371530664646494,0.0058315634037148035,2199.956351309441,97.02397607534253,45.65834168251413,0.00040777777777777774,8.188888888888889e-5,0.0004933333333333333,0.04,0.005455555555555555,7.222222222222222
3490,2020-07-21,139.71236253336514,-96.5262112842888,171.48198881828998,0.027567591002912995,-11.783009051957997,0.005722774270228954,2196.6593440960405,95.0044065226883,44.707956010676845,0.00041787128712871284,8.391584158415841e-5,0.0005055445544554454,0.04099009900990099,0.00559059405940594,7.400990099009901
3492,2020-07-23,130.90285580199856,-33.22910864749034,257.976407761594,0.23048332397844729,-4.056296033713733,0.005400083006791733,1997.2780539011146,89.01394194535902,41.88891385663954,0.00043510309278350516,8.737628865979382e-5,0.0005263917525773195,0.04268041237113403,0.005821134020618557,7.706185567010309
3493,2020-07-24,116.7270510377097,-79.70382186080107,211.44822132193715,0.09856608347841722,-9.729490487257202,0.004880824836145198,1857.6769763013504,79.3743947056426,37.352656332067106,0.0004199502487562189,8.433333333333333e-5,0.0005080597014925373,0.04119402985074627,0.005618407960199004,7.437810945273632
3497,2020-07-28,136.10706224233536,-110.73893041386673,173.9353506821989,0.00565441463827645,-13.517963692035236,0.005590712516777917,2174.933315896282,92.55280232478805,43.55425991754731,0.00041581280788177336,8.350246305418719e-5,0.0005030541871921181,0.04078817733990148,0.005563054187192117,7.364532019704433
3498,2020-07-29,371.1677812361754,-297.4566959003005,500.9762460074065,0.05310123762565402,-36.31070663320691,0.014200960821204497,13764.81723603954,252.3940912405993,118.77368999557613,0.0010821794871794872,0.00021732051282051282,0.0013092307692307691,0.10615384615384617,0.014478205128205128,19.166666666666668
3499,2020-07-30,218.57175865500238,-179.40546797918685,292.9593116307748,0.021588684876295772,-21.900126660348846,0.00861138528380381,5149.6708796501725,148.62879588540164,69.94296276960077,0.0006543410852713178,0.0001314031007751938,0.0007916279069767441,0.06418604651162792,0.008754263565891473,11.589147286821706
3500,2020-07-31,134.84532126934914,-105.0583949846009,171.76551079272514,0.012842213137194913,-12.824537528380331,0.005544495083598174,2144.064528284934,91.69481846315742,43.150502806191724,0.00041581280788177336,8.350246305418719e-5,0.0005030541871921181,0.04078817733990148,0.005563054187192117,7.364532019704433
3504,2020-08-04,151.01670992955223,-83.5479898554237,225.14817716071494,0.10905408732007164,-10.198750242459651,0.006136851273044636,2532.8768409402196,102.69136275209553,48.32534717745671,0.0004612568306010929,9.262841530054646e-5,0.0005580327868852458,0.04524590163934427,0.00617103825136612,8.169398907103826
3507,2020-08-07,146.92523497622273,-97.79500154417835,182.6878039138667,0.03732761655552189,-11.937890994576495,0.005986980995142388,2305.788661961034,99.90915978383146,47.01607519239127,0.0004199502487562189,8.433333333333333e-5,0.0005080597014925373,0.04119402985074627,0.005618407960199004,7.437810945273632
3511,2020-08-11,148.89744539901326,-107.3269978576258,177.60680342370156,0.015568702596593475,-13.10146716057549,0.006059222846190457,2387.561050540002,101.25026287132903,47.647182527684244,0.0004263131313131313,8.56111111111111e-5,0.0005157575757575757,0.041818181818181824,0.005703535353535353,7.550505050505051
3513,2020-08-13,145.34425232851834,-95.74871379303804,170.93169889777442,0.027990812064389248,-11.688099494694832,0.005929069774501217,2259.4799629817735,98.83409158339248,46.510160745125866,0.00041581280788177336,8.350246305418719e-5,0.0005030541871921181,0.04078817733990148,0.005563054187192117,7.364532019704433
3518,2020-08-18,143.81314238538843,-84.96627865542884,187.58977598019155,0.06453802771227737,-10.37188155618678,0.00587298538554778,2192.7870460820895,97.79293682206414,46.020205563324296,0.00041175609756097557,8.268780487804878e-5,0.0004981463414634146,0.040390243902439026,0.005508780487804878,7.2926829268292686
3524,2020-08-24,181.0759717223886,-108.06241098036105,175.16306591498596,0.011314898937457447,-13.19123945523851,0.007237918729112729,2750.0597191249153,123.13166077122426,57.944310951164354,0.0004137745098039215,8.309313725490196e-5,0.0005005882352941176,0.04058823529411765,0.005535784313725489,7.328431372549019
3526,2020-08-26,211.51763362944607,-97.24694072576195,183.78645694252623,0.03905211627536311,-11.870988901367799,0.008352993459340357,3137.368071557292,143.83199086802333,67.68564276142274,0.00041581280788177336,8.350246305418719e-5,0.0005030541871921181,0.04078817733990148,0.005563054187192117,7.364532019704433
3527,2020-08-27,229.92118543181707,-108.09202643045434,199.44095067198464,0.03765313899087363,-13.194854629934422,0.009027113539377822,3486.8157777589886,156.3464060936356,73.57477933818146,0.0004263131313131313,8.56111111111111e-5,0.0005157575757575757,0.041818181818181824,0.005703535353535353,7.550505050505051
3528,2020-08-28,214.04532137866178,-99.70895382166685,175.50561521369573,0.02561309254670532,-12.171528228552688,0.008445582383810442,3220.828178176622,145.55081853749002,68.49450284117177,0.00042205,8.4755e-5,0.0005105999999999999,0.0414,0.0056465,7.4750000000000005
3531,2020-08-31,178.26697563355347,-93.77944799510223,177.68415967173215,0.03847150553665601,-11.447710108080983,0.007135025511077147,2653.7094566645246,121.22154343081637,57.04543220273711,0.000409757281553398,8.228640776699029e-5,0.0004957281553398058,0.040194174757281556,0.005482038834951456,7.257281553398058
3533,2020-09-02,156.77093195218663,-95.29842423678612,177.85382032577866,0.03628127778198118,-11.633132394601242,0.00634762779336567,2307.371942254177,106.60423372748691,50.16669822469972,0.0003962910798122066,7.958215962441315e-5,0.00047943661971830984,0.03887323943661972,0.0053018779342723,7.018779342723005
3534,2020-09-03,146.29781773235192,-94.0669006043193,172.18910753390776,0.031836725452115675,-11.482799610210494,0.005963998770450272,2145.5332095522513,99.4825160579993,46.81530167435261,0.00039078703703703704,7.847685185185186e-5,0.00047277777777777775,0.03833333333333334,0.005228240740740741,6.921296296296297
3535,2020-09-04,154.29178575416043,-113.16889438455732,233.88834337606764,0.0671845421557462,-13.81459076442961,0.0062568169405811174,2945.9634598383545,104.9184143128291,49.37337144133134,0.0005178527607361963,0.00010399386503067485,0.0006265030674846625,0.05079754601226994,0.006928220858895705,9.171779141104295
3539,2020-09-08,263.19768343644233,-140.35072927530456,243.33235197907854,0.03223284669166222,-17.132692680014003,0.010246028004321188,5290.457961881273,178.9744247367808,84.22325869966154,0.00057421768707483,0.00011531292517006803,0.0006946938775510204,0.05632653061224491,0.007682312925170068,10.170068027210885
3541,2020-09-10,163.33409255987416,191.91410920996378,456.45770294867015,0.8400955978411865,23.427063550224783,0.0065880356451577925,2048.6087367521463,111.06718294071445,52.26690961915973,0.00041175609756097557,8.268780487804878e-5,0.0004981463414634146,0.040390243902439026,0.005508780487804878,7.2926829268292686
3542,2020-09-11,163.6159934186941,90.57081734084926,360.06409113376475,0.5547753618262513,11.05603075445855,0.006598361642636488,2162.083505273897,111.258875524712,52.357117893982114,0.0004137745098039215,8.309313725490196e-5,0.0005005882352941176,0.04058823529411765,0.005535784313725489,7.328431372549019
3546,2020-09-15,169.45851987714812,-82.1606758160652,190.09762029414384,0.07222386069908679,-10.02940003523433,0.0068123727447372585,2509.998410948503,115.23179351646073,54.2267263606874,0.000409757281553398,8.228640776699029e-5,0.0004957281553398058,0.040194174757281556,0.005482038834951456,7.257281553398058
3547,2020-09-16,163.94677515405792,-32.642803679772776,245.9736498619834,0.204984986111411,-3.9847254556302594,0.006610478141251156,2314.454567106668,111.48380710475939,52.46296804929853,0.000409757281553398,8.228640776699029e-5,0.0004957281553398058,0.040194174757281556,0.005482038834951456,7.257281553398058
3553,2020-09-22,122.2302418258907,148.1867129027543,422.0203131319157,0.7114547901866949,18.089235620887337,0.005082406109935623,1537.1570425991877,83.11656444160569,39.113677384285026,0.00040777777777777774,8.188888888888889e-5,0.0004933333333333333,0.04,0.005455555555555555,7.222222222222222
3554,2020-09-23,108.44157596850975,148.65045577310016,426.792124190063,0.7187923082050428,18.145844974620005,0.004577328794903969,1358.0779899267666,73.74027165858664,34.701304309923124,0.00040777777777777774,8.188888888888889e-5,0.0004933333333333333,0.04,0.005455555555555555,7.222222222222222
3555,2020-09-24,95.28013591931784,135.8299647865242,381.30418664683174,0.6490884657185182,16.580840409171383,0.0040952266922964446,1226.3329057077985,64.79049242513614,30.48964349418171,0.00041581280788177336,8.350246305418719e-5,0.0005030541871921181,0.04078817733990148,0.005563054187192117,7.364532019704433
3556,2020-09-25,91.73365824213937,60.54338475124766,314.96975938639673,0.4500631704771635,7.390565122866699,0.003965319604726391,1227.5376870460652,62.37888760465478,29.3547706374846,0.00040777777777777774,8.188888888888889e-5,0.0004933333333333333,0.04,0.005455555555555555,7.222222222222222
3559,2020-09-28,122.86043299153472,-105.0461828010487,167.78425098378494,0.008315253762707161,-12.82304678024648,0.005105489943077448,1960.6213577606109,83.54509443424362,39.31533855729111,0.000409757281553398,8.228640776699029e-5,0.0004957281553398058,0.040194174757281556,0.005482038834951456,7.257281553398058
3560,2020-09-29,119.7377298628154,-98.16930618806202,156.56860058837086,0.0075252096015357975,-11.98358257356204,0.004991105670646171,1871.2106756219043,81.42165630671448,38.31607355610093,0.000401952380952381,8.071904761904763e-5,0.00048628571428571427,0.03942857142857143,0.005377619047619048,7.1190476190476195
3561,2020-09-30,123.36838257702843,-102.03020340257154,167.9158818944907,0.013629970629184248,-12.454884474071312,0.005124096080572271,1935.2254425195322,83.89050015237933,39.477882424649096,0.0004038755980861244,8.110526315789474e-5,0.0004886124401913875,0.03961722488038278,0.0054033492822966505,7.153110047846891
3562,2020-10-01,128.09180511490172,-96.474697246809,176.31714160596357,0.032386364393646505,-11.776720704349076,0.0052971145290476186,1973.6519545155343,87.10242747813318,40.98937763676855,0.000401952380952381,8.071904761904763e-5,0.00048628571428571427,0.03942857142857143,0.005377619047619048,7.1190476190476195
3566,2020-10-05,107.84147385577444,-105.57718462407028,195.11890640117187,0.03764662134383524,-12.887866472266113,0.004555347120463513,1927.9982558039083,73.33220222192662,34.509271633847824,0.00045381720430107527,9.113440860215054e-5,0.0005490322580645161,0.04451612903225807,0.006071505376344086,8.037634408602152
3568,2020-10-07,134.57147816962555,-93.323139448028,150.92579093572326,0.00930791824699744,-11.392008266383021,0.005534464240949658,1973.9180061077457,91.50860515534538,43.06287301428018,0.0003854337899543379,7.740182648401827e-5,0.00046630136986301366,0.0378082191780822,0.0051566210045662095,6.826484018264841
3569,2020-10-08,132.53664875285784,-90.58693645037413,162.12812606204136,0.026056422349611776,-11.057998423249378,0.005459928663033807,1965.990552843991,90.12492115194334,42.41172760091451,0.00039078703703703704,7.847685185185186e-5,0.00047277777777777775,0.03833333333333334,0.005228240740740741,6.921296296296297
3570,2020-10-09,137.71567158480372,-94.73780004569254,164.60005631095748,0.021783316662194598,-11.564696683404136,0.005649635700212218,2057.522595418149,93.64665667766653,44.06901490713719,0.0003944392523364486,7.921028037383179e-5,0.000477196261682243,0.038691588785046735,0.005277102803738318,6.9859813084112155
3574,2020-10-13,123.91857336355018,-94.40949349652983,179.24018080354148,0.038953601585708666,-11.524620117783968,0.005144249508618596,1947.8039818925815,84.26462988721413,39.65394347633606,0.000409757281553398,8.228640776699029e-5,0.0004957281553398058,0.040194174757281556,0.005482038834951456,7.257281553398058
3575,2020-10-14,144.06971284677672,-93.72341085596494,176.8706696841105,0.03759498962581054,-11.440869622901722,0.005882383533352273,2218.0360760316303,97.96740473580817,46.10230811096855,0.00041175609756097557,8.268780487804878e-5,0.0004981463414634146,0.040390243902439026,0.005508780487804878,7.2926829268292686
3576,2020-10-15,140.41261052303452,-90.73214932404008,160.62636430140324,0.02469460285015545,-11.07572464063739,0.005748424277135835,2116.6267543315553,95.48057515566347,44.93203536737104,0.000401952380952381,8.071904761904763e-5,0.00048628571428571427,0.03942857142857143,0.005377619047619048,7.1190476190476195
3577,2020-10-16,132.23498547413263,-92.23228055967859,164.63388081613542,0.026357952453737857,-11.258846506641166,0.005448878770285799,2024.4949199399034,89.91979012241019,42.315195351722444,0.0004038755980861244,8.110526315789474e-5,0.0004886124401913875,0.03961722488038278,0.0054033492822966505,7.153110047846891
3580,2020-10-19,102.55317048918064,-88.49604851907799,173.97597370738927,0.04309008280804311,-10.802762554221728,0.004361637149310481,1647.9702600840121,69.73615593264284,32.817014556537806,0.00040777777777777774,8.188888888888889e-5,0.0004933333333333333,0.04,0.005455555555555555,7.222222222222222
3581,2020-10-20,91.06357852101378,-83.54308591314506,163.58245806664752,0.04043233138975752,-10.19815161545989,0.003940774658180883,1480.600888100217,61.923233394289376,29.140345126724412,0.00040581730769230766,8.14951923076923e-5,0.0004909615384615384,0.03980769230769231,0.005429326923076922,7.1875
3582,2020-10-21,92.94667400117008,-88.47818701054673,170.5926934227844,0.039867927750531856,-10.80058218980148,0.004009752238673667,1517.2161414444188,63.20373832079566,29.742935680374426,0.00040581730769230766,8.14951923076923e-5,0.0004909615384615384,0.03980769230769231,0.005429326923076922,7.1875
3584,2020-10-23,109.4597963092954,-88.04026452380916,167.22771875784863,0.036096969716683025,-10.747124744858498,0.0046146260940882365,1700.5440005513813,74.43266149032088,35.02713481897453,0.0003981603773584906,7.995754716981133e-5,0.00048169811320754715,0.039056603773584914,0.00532688679245283,7.051886792452831
3587,2020-10-26,124.0947999509867,-95.17415554774217,163.5904307857368,0.020360567103603174,-11.61796284564249,0.005150704669149736,1911.3917935714956,84.38446396667096,39.71033598431574,0.0004000473933649289,8.033649289099527e-5,0.0004839810426540284,0.039241706161137445,0.005352132701421801,7.085308056872039
3588,2020-10-27,159.9335534232139,-97.32893094210334,162.12416702526954,0.014963700142038234,-11.880997493318821,0.0064634742702888055,2413.393426313193,108.75481632778546,51.17873709542845,0.00040777777777777774,8.188888888888889e-5,0.0004933333333333333,0.04,0.005455555555555555,7.222222222222222
3589,2020-10-28,175.13801472170584,-99.18225927078238,162.30567004652804,0.011993344416890097,-12.10723432767212,0.007020412016737588,2603.6147444384774,119.09385001075998,56.04416471094587,0.00040581730769230766,8.14951923076923e-5,0.0004909615384615384,0.03980769230769231,0.005429326923076922,7.1875
3590,2020-10-29,176.85987407502228,-87.43689468626049,163.2501519386908,0.032323125258240645,-10.673471048490203,0.0070834835356234915,2619.536122071585,120.26471437101516,56.59515970400713,0.000409757281553398,8.228640776699029e-5,0.0004957281553398058,0.040194174757281556,0.005482038834951456,7.257281553398058
3591,2020-10-30,163.94839381284376,-83.18221394394708,167.15847885282562,0.043929385530843766,-10.154099770649218,0.006610537432544596,2419.3542730040567,111.48490779273376,52.463486020110004,0.00040581730769230766,8.14951923076923e-5,0.0004909615384615384,0.03980769230769231,0.005429326923076922,7.1875
3594,2020-11-02,160.80797897911114,-87.23833271815907,172.28910886567948,0.04392434544165791,-10.649232477055731,0.006495504382305135,2420.776721041268,109.34942570579558,51.458553273315566,0.00041175609756097557,8.268780487804878e-5,0.0004981463414634146,0.040390243902439026,0.005508780487804878,7.2926829268292686
3596,2020-11-04,169.42065605339127,-105.8620433603861,165.90362919058035,0.00484504271589296,-12.922639338867631,0.006810985797034141,2568.7589373010355,115.20604611630607,54.21460993708521,0.000409757281553398,8.228640776699029e-5,0.0004957281553398058,0.040194174757281556,0.005482038834951456,7.257281553398058
3601,2020-11-09,162.37342850576294,-87.60494268255432,187.0941284590379,0.05887001796740129,-10.693984762176342,0.006552846626429184,2389.2385525529776,110.41393138391881,51.959497121844144,0.000401952380952381,8.071904761904763e-5,0.00048628571428571427,0.03942857142857143,0.005377619047619048,7.1190476190476195
3609,2020-11-17,153.32081408807576,-80.57588064126253,149.54310418826927,0.029102721991844153,-9.835943194426589,0.006221250355158689,2402.8272324866048,104.25815357989153,49.062660508184244,0.0004306632653061224,8.648469387755102e-5,0.0005210204081632652,0.04224489795918367,0.005761734693877551,7.627551020408164
3610,2020-11-18,149.66470833597668,-100.37190411046724,173.50241358166846,0.022613610989427383,-12.252454944208466,0.00608732760325202,2348.7791182729334,101.77200166846416,47.89270666751254,0.0004199502487562189,8.433333333333333e-5,0.0005080597014925373,0.04119402985074627,0.005618407960199004,7.437810945273632
3611,2020-11-19,150.92746711283112,-100.00589945709639,173.85926811870502,0.02354337558944108,-12.207776549745994,0.006133582318475604,2364.710979792262,102.63067763672517,48.296789476105964,0.0004199502487562189,8.433333333333333e-5,0.0005080597014925373,0.04119402985074627,0.005618407960199004,7.437810945273632
3615,2020-11-23,161.40514559160383,-103.12145077920466,157.55637562398573,0.0003203190465840717,-12.588093656797065,0.006517378529694304,2446.9386407754164,109.7554990022906,51.64964658931323,0.00040777777777777774,8.188888888888889e-5,0.0004933333333333333,0.04,0.005455555555555555,7.222222222222222
3639,2020-12-17,148.76323133541987,-113.05615203510884,172.48576148520715,8.242899119931881e-5,-13.800828242246094,0.0060543065997906665,2337.788982196208,101.15899730808552,47.604234027334364,0.0004137745098039215,8.309313725490196e-5,0.0005005882352941176,0.04058823529411765,0.005535784313725489,7.328431372549019
3640,2020-12-18,146.54970271250076,-100.94502054519263,166.15788774148749,0.013301722110121284,-12.32241559063129,0.005973225289591882,2249.05097266377,99.65379784450053,46.895904868000244,0.00040777777777777774,8.188888888888889e-5,0.0004933333333333333,0.04,0.005455555555555555,7.222222222222222
3643,2020-12-21,133.237194849725,-109.40909159766565,168.11983816262733,0.001378494296555591,-13.355629517716594,0.005485589589574584,2115.550057495722,90.601292497813,42.635902351912,0.00041175609756097557,8.268780487804878e-5,0.0004981463414634146,0.040390243902439026,0.005508780487804878,7.2926829268292686
3644,2020-12-22,123.62984595391617,-100.31330327642583,155.46927853288858,0.00276946907782939,-12.245301507346342,0.005133673455333796,1984.0466964528684,84.068295248663,39.561550705253175,0.00041581280788177336,8.350246305418719e-5,0.0005030541871921181,0.04078817733990148,0.005563054187192117,7.364532019704433
3650,2020-12-28,114.30023204337454,-100.0348954198746,172.25864462090016,0.020937264124898713,-12.211316103275964,0.0047919307230812795,1860.1075803842994,77.72415778949468,36.57607425387985,0.00041581280788177336,8.350246305418719e-5,0.0005030541871921181,0.04078817733990148,0.005563054187192117,7.364532019704433
3651,2020-12-29,113.19539121354319,-104.99258475061221,163.70232273627104,0.003807822737792552,-12.816504036000568,0.004751460524902544,1842.3418599343795,76.97286602520937,36.22252518833382,0.00041175609756097557,8.268780487804878e-5,0.0004981463414634146,0.040390243902439026,0.005508780487804878,7.2926829268292686
3652,2020-12-30,113.74407030585077,-106.22630660164627,169.2826918391318,0.007767710171357751,-12.967105158171602,0.004771558579755935,1860.383034857131,77.34596780797852,36.398102497872244,0.0004137745098039215,8.309313725490196e-5,0.0005005882352941176,0.04058823529411765,0.005535784313725489,7.328431372549019
3653,2020-12-31,116.336749608837,-105.19945524884515,180.0438422099106,0.019840540658852445,-12.841756834394182,0.004866528137698298,1984.7357733593374,79.10898973400916,37.22775987482784,0.00043735751295336786,8.782901554404145e-5,0.0005291191709844559,0.04290155440414508,0.005851295336787564,7.746113989637306
3658,2021-01-05,127.46734870742884,45.841767470475766,331.7944192003527,0.44083291235029787,5.5959304097361615,0.005274240759467374,1730.5157882312462,86.67779712105161,40.78955158637723,0.0004137745098039215,8.309313725490196e-5,0.0005005882352941176,0.04058823529411765,0.005535784313725489,7.328431372549019
3659,2021-01-06,140.12007690012638,81.45488749833615,355.23214228696287,0.5264773446629458,9.943244057226718,0.005737708802677092,1891.0928284610927,95.28165229208594,44.83842460804044,0.0004199502487562189,8.433333333333333e-5,0.0005080597014925373,0.04119402985074627,0.005618407960199004,7.437810945273632
3660,2021-01-07,154.2070740025519,86.33224765256548,363.60206153278915,0.5436270068911052,10.538626162069546,0.006253713958429211,2085.068838294525,104.8608103217353,49.34626368081661,0.00042205,8.4755e-5,0.0005105999999999999,0.0414,0.0056465,7.4750000000000005
3665,2021-01-12,149.5214976485488,52.98374055953203,333.5649548812627,0.4478824645123639,6.46775509276801,0.00608208181150987,2023.6299481253147,101.67461840101319,47.84687924753562,0.00041581280788177336,8.350246305418719e-5,0.0005030541871921181,0.04078817733990148,0.005563054187192117,7.364532019704433
3666,2021-01-13,164.81915031201606,79.80806673474399,379.10927279568574,0.5385405805676567,9.742215717813199,0.006642433147416307,2434.719544610799,112.07702221217093,52.74212809984514,0.00045875,9.2125e-5,0.0005549999999999999,0.045000000000000005,0.0061375,8.125
3668,2021-01-15,153.9074464330232,106.25606955047354,386.1483049601905,0.5871707082622759,12.970738338121159,0.006242738633485355,2094.5986716047573,104.65706357445579,49.25038285856743,0.0004284771573604061,8.604568527918781e-5,0.0005183756345177664,0.04203045685279188,0.00573248730964467,7.588832487309645
3672,2021-01-19,162.1451187614275,141.9488778217558,420.517958386941,0.6924346977462029,17.327779574430142,0.006544483665584587,2295.4782631030293,110.25868075777072,51.88643800365681,0.0004513903743315508,9.064705882352942e-5,0.000546096256684492,0.04427807486631016,0.00603903743315508,7.994652406417113
3673,2021-01-20,159.54278760725092,135.1011082381084,416.2322118777215,0.6757946735757322,16.49186847923342,0.006449160561393824,2131.6947908332663,108.48909557293064,51.05369203432029,0.0004263131313131313,8.56111111111111e-5,0.0005157575757575757,0.041818181818181824,0.005703535353535353,7.550505050505051
3674,2021-01-21,164.43081052851835,142.23385592027546,413.97664998683786,0.6828184176023956,17.362567011643204,0.006628208303823915,2133.561345600191,111.81295115939248,52.617859369125874,0.00041581280788177336,8.350246305418719e-5,0.0005030541871921181,0.04078817733990148,0.005563054187192117,7.364532019704433
3675,2021-01-22,166.04963274744543,152.5321012370954,422.30812223889757,0.711538462968238,18.61967962564595,0.0066875055838005425,2167.7271338993396,112.9137502682629,53.13588247918254,0.0004199502487562189,8.433333333333333e-5,0.0005080597014925373,0.04119402985074627,0.005618407960199004,7.437810945273632
3679,2021-01-26,173.6781011556271,105.7066357687934,381.1019002940141,0.5730968681769381,12.903668646512509,0.006966935543251314,2315.1558264157916,118.10110878582644,55.57699236980068,0.0004199502487562189,8.433333333333333e-5,0.0005080597014925373,0.04119402985074627,0.005618407960199004,7.437810945273632
3680,2021-01-27,165.94537104046623,141.32691363798284,403.6573890204382,0.6704136799524233,17.2518560557311,0.006683686488931875,2121.07054869536,112.84285230751705,53.10251873294919,0.000409757281553398,8.228640776699029e-5,0.0004957281553398058,0.040194174757281556,0.005482038834951456,7.257281553398058
3682,2021-01-29,173.65856075273655,161.0356162232262,447.7371250614751,0.763657417646084,19.657708495959113,0.006966219780440852,2498.7814184056706,118.08782131186086,55.5707394408757,0.0004612568306010929,9.262841530054646e-5,0.0005580327868852458,0.04524590163934427,0.00617103825136612,8.169398907103826
3685,2021-02-01,145.76709681686754,98.32630669211119,349.5029041666658,0.5454916602184913,12.00274771363912,0.0059445585216403776,1881.1311901549507,99.12162583546993,46.645470981397615,0.00040581730769230766,8.14951923076923e-5,0.0004909615384615384,0.03980769230769231,0.005429326923076922,7.1875
3687,2021-02-03,128.51722021085578,96.28998613073666,349.1977700453708,0.5370837241668066,11.754172914233628,0.005312697437260845,1758.6984313626483,87.39170974338194,41.12551046747385,0.0004284771573604061,8.604568527918781e-5,0.0005183756345177664,0.04203045685279188,0.00573248730964467,7.588832487309645
3688,2021-02-04,136.76520541701527,91.4259544927208,365.80181065172735,0.5476690293515067,11.160417828882222,0.005614820228938901,1827.0791826041018,93.00033968357039,43.764865733444886,0.00041787128712871284,8.391584158415841e-5,0.0005055445544554454,0.04099009900990099,0.00559059405940594,7.400990099009901
3689,2021-02-05,146.6764938716458,93.07870189518994,358.57076344053047,0.5436174457757337,11.362169636446055,0.005977869635817477,1907.5792180265075,99.74001583271914,46.93647803892665,0.00040777777777777774,8.188888888888889e-5,0.0004933333333333333,0.04,0.005455555555555555,7.222222222222222
3692,2021-02-08,156.35030287340078,87.66379869116541,339.6970031615207,0.506408371062621,10.701169348342109,0.00633222019643535,2069.4094204700173,106.31820595391254,50.032096919488254,0.0004137745098039215,8.309313725490196e-5,0.0005005882352941176,0.04058823529411765,0.005535784313725489,7.328431372549019
3693,2021-02-09,162.80329679553134,96.3072078372401,342.89488216050125,0.521742050259147,11.756275177659491,0.006568592654642438,2167.982841219187,110.70624182096132,52.09705497457003,0.00041787128712871284,8.391584158415841e-5,0.0005055445544554454,0.04099009900990099,0.00559059405940594,7.400990099009901
3694,2021-02-10,169.4661949765583,106.84507682619568,358.1008629025887,0.5559388348434355,13.042638788466844,0.00681265388278519,2200.522682146368,115.23701258405966,54.229182392498664,0.000409757281553398,8.228640776699029e-5,0.0004957281553398058,0.040194174757281556,0.005482038834951456,7.257281553398058
3695,2021-02-11,172.5037871658842,116.51173659033546,369.85497524118244,0.5857323507776855,14.222653397841619,0.0069239205508598665,2242.0748696138176,117.30257527280126,55.20121189308295,0.00041175609756097557,8.268780487804878e-5,0.0004981463414634146,0.040390243902439026,0.005508780487804878,7.2926829268292686
3696,2021-02-12,197.4409963388958,136.86213782267438,374.43029963880457,0.617976781772277,16.706838353836638,0.007837367782358723,2548.436982395711,134.25987751044914,63.18111882844665,0.00041175609756097557,8.268780487804878e-5,0.0004981463414634146,0.040390243902439026,0.005508780487804878,7.2926829268292686
3701,2021-02-17,224.56471029558227,172.92946601763242,416.7383999907172,0.7232795978700937,21.109597448456807,0.00883090644379467,2943.9938460658927,152.70400300099595,71.86070729458633,0.00042205,8.4755e-5,0.0005105999999999999,0.0414,0.0056465,7.4750000000000005
3703,2021-02-19,234.38962351297957,175.36644221669337,479.793564374357,0.8168023322323475,21.407080507523222,0.009190791935225718,3173.690714977491,159.3849439888261,75.00467952415346,0.00043510309278350516,8.737628865979382e-5,0.0005263917525773195,0.04268041237113403,0.005821134020618557,7.706185567010309
3706,2021-02-22,219.25698606725982,178.69190625169531,446.162902768116,0.7724988346442287,21.813021777827345,0.0086364850886108,2961.274308862585,149.09475052573669,70.16223554152315,0.00043510309278350516,8.737628865979382e-5,0.0005263917525773195,0.04268041237113403,0.005821134020618557,7.706185567010309
3707,2021-02-23,221.2599787184504,202.30327913650478,462.7733320687108,0.8450512957495296,24.695275382617375,0.008709854489302308,2917.7696687514613,150.4567855285463,70.80319318990414,0.0004284771573604061,8.604568527918781e-5,0.0005183756345177664,0.04203045685279188,0.00573248730964467,7.588832487309645
3708,2021-02-24,204.99783757152017,188.64271363739005,452.4023068903147,0.8190982803125691,23.027722447623713,0.008114174046240397,2680.643062373641,139.39852954863372,65.59930802288645,0.00042417085427135675,8.518090452261307e-5,0.0005131658291457285,0.04160804020100503,0.005674874371859296,7.5125628140703515
3709,2021-02-25,210.43486267076437,179.36936723223457,435.8738340319513,0.7877845291189864,21.89571982180767,0.008313331678116436,2792.77644570988,143.0957066161198,67.3391560546446,0.0004284771573604061,8.604568527918781e-5,0.0005183756345177664,0.04203045685279188,0.00573248730964467,7.588832487309645
3710,2021-02-26,213.21711867353062,195.42978265010117,450.39800558184726,0.818493720349667,23.856223789891313,0.008415245409737952,2814.990202459334,144.98764069800083,68.2294779755298,0.0004284771573604061,8.604568527918781e-5,0.0005183756345177664,0.04203045685279188,0.00573248730964467,7.588832487309645
3714,2021-03-02,183.7053317870455,141.69335374920882,424.42227761142146,0.6986848142634298,17.29658760677955,0.007334231899324006,2478.9472495261084,124.91962561519095,58.785706171854564,0.0004306632653061224,8.648469387755102e-5,0.0005210204081632652,0.04224489795918367,0.005761734693877551,7.627551020408164
3716,2021-03-04,181.31737541259892,124.65022453385836,387.97856018064493,0.6375470884676772,15.21612321118951,0.007246761319755745,2436.7877618062294,123.29581528056727,58.02156013203165,0.0004263131313131313,8.56111111111111e-5,0.0005157575757575757,0.041818181818181824,0.005703535353535353,7.550505050505051
3717,2021-03-05,180.67855905765143,114.24907811276543,383.48245494677707,0.6078549141501276,13.946449401352256,0.007223361546877611,2438.277092870622,122.86142015920298,57.817138898448455,0.0004263131313131313,8.56111111111111e-5,0.0005157575757575757,0.041818181818181824,0.005703535353535353,7.550505050505051
3720,2021-03-08,172.62549103003377,96.52861017557562,361.2486777095764,0.5453398122236518,11.783301885970346,0.006928378550028853,2322.082072245306,117.38533390042298,55.24015712961081,0.00042205,8.4755e-5,0.0005105999999999999,0.0414,0.0056465,7.4750000000000005
3722,2021-03-10,195.20463691261574,120.76797582420623,397.463489443802,0.621131842917351,14.742214921625997,0.007755450182341849,2670.9069484352585,132.7391531005787,62.465483812037036,0.00043287179487179483,8.692820512820513e-5,0.0005236923076923076,0.04246153846153847,0.005791282051282051,7.666666666666667
3724,2021-03-12,225.4303855179662,169.95665820559395,431.3027865709257,0.7385979857531328,20.74670512218685,0.008862616032056035,2927.566589689832,153.29266215221702,72.13772336574918,0.00041787128712871284,8.391584158415841e-5,0.0005055445544554454,0.04099009900990099,0.00559059405940594,7.400990099009901
3735,2021-03-23,227.67414890328922,190.5362339616697,456.2592483418765,0.8249891256636983,23.25886554154814,0.008944804838278987,2968.518693346644,154.81842125423668,72.85572764905255,0.00042205,8.4755e-5,0.0005105999999999999,0.0414,0.0056465,7.4750000000000005
3737,2021-03-25,216.82097844090868,166.86312058571284,419.23316899865335,0.7340430234247078,20.369075240182305,0.008547254396965933,2702.8054923673863,147.43826533981792,69.38271310109077,0.000401952380952381,8.071904761904763e-5,0.00048628571428571427,0.03942857142857143,0.005377619047619048,7.1190476190476195
3741,2021-03-29,224.12919486195366,157.03662831113746,433.3729464661551,0.7385664723064894,19.169549786113613,0.008814953561322418,2938.1934380919743,152.4078525061285,71.72134235582517,0.0004199502487562189,8.433333333333333e-5,0.0005080597014925373,0.04119402985074627,0.005618407960199004,7.437810945273632
3743,2021-03-31,215.07749291683373,190.54491462702595,465.49024411436704,0.8278717326377674,23.25992519526405,0.008483390713821783,2814.6158746056776,146.25269518344695,68.8247977333868,0.00042417085427135675,8.518090452261307e-5,0.0005131658291457285,0.04160804020100503,0.005674874371859296,7.5125628140703515
3745,2021-04-02,221.11808420827788,197.8180514225157,475.7222890256931,0.8438155452910616,24.147761105916157,0.008704656908988377,2936.0943484106597,150.36029726162897,70.75778694664892,0.0004306632653061224,8.648469387755102e-5,0.0005210204081632652,0.04224489795918367,0.005761734693877551,7.627551020408164
3749,2021-04-06,189.60322411418036,167.56202642887692,421.22149844802954,0.7348607429143734,20.45439107063808,0.007550271047110048,2454.285856999174,128.93019239764266,60.673031716537714,0.00041787128712871284,8.391584158415841e-5,0.0005055445544554454,0.04099009900990099,0.00559059405940594,7.400990099009901
3757,2021-04-14,226.54144169481512,169.80053085278323,436.9205376708376,0.7571396257076848,20.7276465681739,0.008903313897712982,2957.931198106675,154.0481803524743,72.49326134234084,0.0004199502487562189,8.433333333333333e-5,0.0005080597014925373,0.04119402985074627,0.005618407960199004,7.437810945273632
3758,2021-04-15,245.1963755263467,181.09646417745043,423.3511150520357,0.7647153579977757,22.10654751998751,0.00958664207385263,3179.1042752222324,166.73353535791577,78.46284016843094,0.00041787128712871284,8.391584158415841e-5,0.0005055445544554454,0.04099009900990099,0.00559059405940594,7.400990099009901
3769,2021-04-26,227.62091953051322,140.4526076396565,423.0756874019198,0.7011682024437154,17.145129029409524,0.008942855052203916,3016.636527985413,154.782225280749,72.83869424976423,0.00042205,8.4755e-5,0.0005105999999999999,0.0414,0.0056465,7.4750000000000005
3771,2021-04-28,241.591764325929,168.74655235435426,439.22936379990267,0.7605451135148703,20.59898681843006,0.009454605561714985,3159.7500478586267,164.28239974163174,77.30936458429728,0.0004199502487562189,8.433333333333333e-5,0.0005080597014925373,0.04119402985074627,0.005618407960199004,7.437810945273632
3772,2021-04-29,226.6738798250576,192.63292916175445,464.9641801261134,0.8266252140752361,23.514810307152104,0.008908165091869296,3017.162367215624,154.13823828103918,72.53564154401843,0.0004306632653061224,8.648469387755102e-5,0.0005210204081632652,0.04224489795918367,0.005761734693877551,7.627551020408164
3773,2021-04-30,211.39203616997654,206.7792648649654,479.0720773445266,0.8708562911709972,25.24166148493268,0.008348392838202691,2749.124353479217,143.74658459558407,67.6454515743925,0.00042417085427135675,8.518090452261307e-5,0.0005131658291457285,0.04160804020100503,0.005674874371859296,7.5125628140703515
3777,2021-05-04,207.18167461769607,169.9825101187137,433.0852793336896,0.7599212819908395,20.749860879801776,0.008194167757246075,2728.264853823055,140.88353874003334,66.29813587766274,0.00042417085427135675,8.518090452261307e-5,0.0005131658291457285,0.04160804020100503,0.005674874371859296,7.5125628140703515
3778,2021-05-05,209.80778766036894,172.398353277518,452.2906633022597,0.7793793814179517,21.044764216725092,0.008290361989398913,2761.2973488210127,142.6692956090509,67.13849205131807,0.00042417085427135675,8.518090452261307e-5,0.0005131658291457285,0.04160804020100503,0.005674874371859296,7.5125628140703515
3780,2021-05-07,216.8621006141248,166.18738206390253,432.3366340713028,0.7472551744435522,20.28658745771048,0.008548760697651663,2908.7053167898207,147.4662284176049,69.39587219651995,0.0004306632653061224,8.648469387755102e-5,0.0005210204081632652,0.04224489795918367,0.005761734693877551,7.627551020408164
3784,2021-05-11,151.78276593552613,154.74681432041035,423.599989152221,0.7205033443309404,18.89003090081754,0.006164911820356693,1985.8594405865176,103.21228083615777,48.57048509936836,0.00042205,8.4755e-5,0.0005105999999999999,0.0414,0.0056465,7.4750000000000005
3786,2021-05-13,149.53967087243956,149.63937400173666,430.0065866111288,0.7227107470020968,18.26656278053649,0.006082747494703817,1929.630771657575,101.6869761932589,47.85269467918066,0.00041581280788177336,8.350246305418719e-5,0.0005030541871921181,0.04078817733990148,0.005563054187192117,7.364532019704433
3787,2021-05-14,151.78276593552613,150.43005814786304,424.97971428541814,0.7214938473640271,18.363082040197547,0.006164911820356693,1990.0682778547512,103.21228083615777,48.57048509936836,0.00042205,8.4755e-5,0.0005105999999999999,0.0414,0.0056465,7.4750000000000005
3790,2021-05-17,165.33300956112345,141.138393653344,429.7644831145291,0.710493951072011,17.22884331488155,0.006661255755239848,2157.8550732303456,112.42644650156396,52.9065630595595,0.00041787128712871284,8.391584158415841e-5,0.0005055445544554454,0.04099009900990099,0.00559059405940594,7.400990099009901
3791,2021-05-18,178.4285467096035,136.25801582819366,423.4568103068882,0.6973694781785409,16.633092841247436,0.007140943841836787,2361.153446173725,121.33141176253038,57.09713494707312,0.00042205,8.4755e-5,0.0005105999999999999,0.0414,0.0056465,7.4750000000000005
3793,2021-05-20,186.9916060670807,147.379315593843,421.7327631234375,0.7193782252721366,17.990676176018948,0.007454607765052109,2452.144737507531,127.15429212561489,59.83731394146583,0.0004199502487562189,8.433333333333333e-5,0.0005080597014925373,0.04119402985074627,0.005618407960199004,7.437810945273632
3794,2021-05-21,189.79486237950448,127.20187570716915,419.09792361003383,0.683394894455844,15.527604709038936,0.007557290735708521,2522.3830838844015,129.06050641806306,60.73435596144144,0.00042205,8.4755e-5,0.0005105999999999999,0.0414,0.0056465,7.4750000000000005
3797,2021-05-24,186.00829158765458,141.55854429164012,414.1603111079865,0.7014993018045953,17.28013134026202,0.007418589063733414,2406.7200840779146,126.48563827960513,59.52265330804947,0.0004137745098039215,8.309313725490196e-5,0.0005005882352941176,0.04058823529411765,0.005535784313725489,7.328431372549019
3798,2021-05-25,189.67729009000655,135.6342431471045,399.1921930396824,0.6838671380149576,16.55694855826102,0.00755298407566498,2435.5512730463884,128.98055726120447,60.6967328288021,0.000409757281553398,8.228640776699029e-5,0.0004957281553398058,0.040194174757281556,0.005482038834951456,7.257281553398058
3799,2021-05-26,178.26697563355347,120.39459991202868,393.0148028682886,0.651205823055619,14.696636713443626,0.007135025511077147,2301.8761017625407,121.22154343081637,57.04543220273711,0.000409757281553398,8.228640776699029e-5,0.0004957281553398058,0.040194174757281556,0.005482038834951456,7.257281553398058
3800,2021-05-27,196.47851200739976,144.53596881903303,418.42359918684303,0.7120017908462416,17.6435872315791,0.007802112087069549,2554.663132061228,133.60538816503185,62.873123842367924,0.00041581280788177336,8.350246305418719e-5,0.0005030541871921181,0.04078817733990148,0.005563054187192117,7.364532019704433
3801,2021-05-28,201.8785556777934,149.89915720093038,437.9682371633506,0.7304267780174237,18.298274662178986,0.007999915093270917,2620.767961659292,137.27741786089953,64.6011378168939,0.00041581280788177336,8.350246305418719e-5,0.0005030541871921181,0.04078817733990148,0.005563054187192117,7.364532019704433
3805,2021-06-01,174.2970078178154,164.68562688325807,436.52046698995844,0.773548139403587,20.10326735582393,0.00698960602627168,2173.028848089227,118.52196531611447,55.77504250170093,0.0004038755980861244,8.110526315789474e-5,0.0004886124401913875,0.03961722488038278,0.0054033492822966505,7.153110047846891
3806,2021-06-02,177.64805062518278,164.17449144341876,438.1351852285222,0.7806394824747397,20.04087276440394,0.007112354356038136,2262.895818861013,120.8006744251243,56.84737620005849,0.00041175609756097557,8.268780487804878e-5,0.0004981463414634146,0.040390243902439026,0.005508780487804878,7.2926829268292686
3807,2021-06-03,176.80359001268104,134.10426689641483,411.8075169173182,0.6935475830309016,16.37018349443745,0.007081421856605347,2269.459547079096,120.22644120862311,56.577148804057934,0.000409757281553398,8.228640776699029e-5,0.0004957281553398058,0.040194174757281556,0.005482038834951456,7.257281553398058
3808,2021-06-04,168.0613014269215,108.637798560765,384.52407774689004,0.6062028827910467,13.26147734169524,0.006761192786454682,2214.275856947515,114.28168497030661,53.779616456614875,0.00041581280788177336,8.350246305418719e-5,0.0005030541871921181,0.04078817733990148,0.005563054187192117,7.364532019704433
3811,2021-06-07,175.38724838325018,137.4189389326897,391.32994872525705,0.6702154306220339,16.774807379370312,0.007029541418370085,2259.4089174813425,119.26332890061013,56.12391948264006,0.00041175609756097557,8.268780487804878e-5,0.0004981463414634146,0.040390243902439026,0.005508780487804878,7.2926829268292686
3812,2021-06-08,175.0028010020517,137.62938804129257,399.3714182708962,0.6902246040991704,16.80049702075011,0.007015459153046154,2265.8824353922805,119.00190468139517,56.00089632065655,0.0004137745098039215,8.309313725490196e-5,0.0005005882352941176,0.04058823529411765,0.005535784313725489,7.328431372549019
3813,2021-06-09,180.7380566593377,141.720760476832,406.6478960434475,0.7114686050900892,17.299933161477817,0.0072255409374888105,2337.284013649316,122.90187852834964,57.83617813098807,0.0004137745098039215,8.309313725490196e-5,0.0005005882352941176,0.04058823529411765,0.005535784313725489,7.328431372549019
3814,2021-06-10,194.5005109365901,127.42373704292486,396.7153154279036,0.6582245295672315,15.554687447423742,0.007729658125220912,2571.780154449455,132.2603474368813,62.240163499708835,0.0004199502487562189,8.433333333333333e-5,0.0005080597014925373,0.04119402985074627,0.005618407960199004,7.437810945273632
3815,2021-06-11,215.11762137310123,137.95947854197905,404.94238924766427,0.6743361655593336,16.84079135433893,0.00848486061476489,2778.595092889154,146.27998253370885,68.8376388393924,0.00041175609756097557,8.268780487804878e-5,0.0004981463414634146,0.040390243902439026,0.005508780487804878,7.2926829268292686
3818,2021-06-14,207.45462000244314,199.80949984310968,416.15436928054567,0.7983746684085905,24.39085833778882,0.008204165716693655,2645.764527879894,141.06914160166133,66.3854784007818,0.00041581280788177336,8.350246305418719e-5,0.0005030541871921181,0.04078817733990148,0.005563054187192117,7.364532019704433
3819,2021-06-15,190.98246331852778,180.33094235351402,443.1970268239123,0.8091081681321879,22.01309983918765,0.007600792427591924,2434.303117161866,129.8680750565989,61.11438826192889,0.0004137745098039215,8.309313725490196e-5,0.0005005882352941176,0.04058823529411765,0.005535784313725489,7.328431372549019
3820,2021-06-16,204.96308900031258,162.46914840312954,438.3888627746318,0.7672205692257645,19.832700577667627,0.008112901209895804,2663.157877084431,139.37490052021258,65.58818848010003,0.00041787128712871284,8.391584158415841e-5,0.0005055445544554454,0.04099009900990099,0.00559059405940594,7.400990099009901
3821,2021-06-17,219.64272422429335,155.03504649571394,422.91671455975785,0.7274066957411575,18.925215565018902,0.00865061463491172,2835.709397021938,149.35705247251948,70.28567175177388,0.0004137745098039215,8.309313725490196e-5,0.0005005882352941176,0.04058823529411765,0.005535784313725489,7.328431372549019
3825,2021-06-21,222.89786932707733,148.0149975320315,423.7427426652685,0.7250476003048315,18.068274228736268,0.008769850242298092,2885.34324189708,151.5705511424126,71.32731818466475,0.0004137745098039215,8.309313725490196e-5,0.0005005882352941176,0.04058823529411765,0.005535784313725489,7.328431372549019
3826,2021-06-22,214.88300867147083,180.31449528734234,453.3449009568891,0.8292300047969314,22.011092136543976,0.008476266777287253,2706.1136858829223,146.1204458966002,68.76256277487067,0.00040777777777777774,8.188888888888889e-5,0.0004933333333333333,0.04,0.005455555555555555,7.222222222222222
3828,2021-06-24,206.15317015717193,122.93431146086503,383.554286402047,0.6318032193482621,15.006660734599542,0.008156493751885974,2662.4085546335245,140.1841557068769,65.96901445029502,0.000409757281553398,8.228640776699029e-5,0.0004957281553398058,0.040194174757281556,0.005482038834951456,7.257281553398058
3832,2021-06-28,190.03546139581448,115.46329027886019,380.61067174099486,0.6253724009747545,14.094668965279352,0.007566103851235,2459.880448792775,129.22411374915384,60.811347646660636,0.000409757281553398,8.228640776699029e-5,0.0004957281553398058,0.040194174757281556,0.005482038834951456,7.257281553398058
3846,2021-07-12,199.68487322166658,131.73768378046987,390.8636935792284,0.658385877846168,16.081293358728487,0.007919560745980712,2556.5900331197445,135.7857137907333,63.89915943093331,0.00040777777777777774,8.188888888888889e-5,0.0004933333333333333,0.04,0.005455555555555555,7.222222222222222
3847,2021-07-13,213.103976339927,149.47604938433818,430.540885914951,0.7475021685435165,18.246625652376075,0.008411101018491981,2699.3899010192868,144.91070391115036,68.19327242877664,0.00040581730769230766,8.14951923076923e-5,0.0004909615384615384,0.03980769230769231,0.005429326923076922,7.1875
3849,2021-07-15,261.7582420372671,158.5433136279665,443.23169171553553,0.7704451721423227,19.3534717125048,0.010193301424058773,3351.5290687530114,177.99560458534165,83.76263745192547,0.000409757281553398,8.228640776699029e-5,0.0004957281553398058,0.040194174757281556,0.005482038834951456,7.257281553398058
3850,2021-07-16,270.4919377659524,153.5920145937703,437.4801794511036,0.7516903082505845,18.74906384688311,0.01051321573879913,3541.7267140494114,183.93451768084765,86.55742008510477,0.00041787128712871284,8.391584158415841e-5,0.0005055445544554454,0.04099009900990099,0.00559059405940594,7.400990099009901
3854,2021-07-20,233.51245434647566,136.76026012517232,431.03967385210444,0.7389948672104704,16.69440208584385,0.00915866132505438,2974.900761556633,158.78846895560346,74.72398539087222,0.00040581730769230766,8.14951923076923e-5,0.0004909615384615384,0.03980769230769231,0.005429326923076922,7.1875
3855,2021-07-21,224.21779580224256,126.78074363209423,405.7522394824563,0.6838614899805396,15.476196879117346,0.008818199004028278,2893.814634678245,152.46810114552494,71.74969465671762,0.000409757281553398,8.228640776699029e-5,0.0004957281553398058,0.040194174757281556,0.005482038834951456,7.257281553398058
3856,2021-07-22,238.33682710608684,158.1924015411462,435.01560587401787,0.7577522936891223,19.310635676153314,0.009335377569057923,3031.5179933366026,162.06904243213907,76.26778467394779,0.00040777777777777774,8.188888888888889e-5,0.0004933333333333333,0.04,0.005455555555555555,7.222222222222222
3861,2021-07-27,218.8120849644965,107.58691786491077,368.014249846894,0.6142337362836572,13.133195742458849,0.008620188410109593,2799.857494428101,148.79221777585764,70.01986718863888,0.0004038755980861244,8.110526315789474e-5,0.0004886124401913875,0.03961722488038278,0.0054033492822966505,7.153110047846891
3864,2021-07-30,332.43286724555605,168.654794994092,426.302491929138,0.7530766615415038,20.587785945711975,0.012782105178554225,4177.370675907549,226.05434972697813,106.37851751857794,0.000401952380952381,8.071904761904763e-5,0.00048628571428571427,0.03942857142857143,0.005377619047619048,7.1190476190476195
3869,2021-08-04,187.10769082970194,104.7919101719863,366.64492465440975,0.5945527926788934,12.792007577007855,0.0074588599371496304,2348.884447242671,127.23322976419733,59.87446106550462,0.0003962910798122066,7.958215962441315e-5,0.00047943661971830984,0.03887323943661972,0.0053018779342723,7.018779342723005
3870,2021-08-05,206.6723864283814,144.48848069195233,399.0521091914547,0.7029661539851714,17.637790329123206,0.008175512586840399,2556.493929334502,140.53722277129935,66.13516365708205,0.0003962910798122066,7.958215962441315e-5,0.00047943661971830984,0.03887323943661972,0.0053018779342723,7.018779342723005
3871,2021-08-06,219.2852337230783,163.37812742935927,419.9166791255146,0.7637945104700753,19.94366016006085,0.008637519797139117,2723.941108078556,149.11395893169325,70.17127479138506,0.0004000473933649289,8.033649289099527e-5,0.0004839810426540284,0.039241706161137445,0.005352132701421801,7.085308056872039
3875,2021-08-10,236.51344773546532,135.10989953971114,400.4130367353893,0.6827577370446891,16.49294163837834,0.009268587383094818,3015.19967974676,160.82914446011642,75.68430327534891,0.00040581730769230766,8.14951923076923e-5,0.0004909615384615384,0.03980769230769231,0.005429326923076922,7.1875
3877,2021-08-12,279.883769045313,155.16825720682147,415.4756370261049,0.7181023893626998,18.941476671654232,0.01085723748643402,3537.0551337019924,190.32096295081286,89.56280609450016,0.0004038755980861244,8.110526315789474e-5,0.0004886124401913875,0.03961722488038278,0.0054033492822966505,7.153110047846891
3878,2021-08-13,297.33683755136013,174.33221795128134,443.9230498275364,0.777423404350418,21.280832168145082,0.0114965414677818,3838.1936740552637,202.18904953492492,95.14778801643524,0.0004137745098039215,8.309313725490196e-5,0.0005005882352941176,0.04058823529411765,0.005535784313725489,7.328431372549019
3881,2021-08-16,278.19676995396964,161.34485074373782,426.4303509421012,0.7611151260140242,19.695456928285278,0.010795442895113175,3562.786186459488,189.17380356869936,89.02296638527028,0.000409757281553398,8.228640776699029e-5,0.0004957281553398058,0.040194174757281556,0.005482038834951456,7.257281553398058
3883,2021-08-18,257.8638965965467,175.01576641528223,437.58917822615575,0.8104643864876998,21.364273314664892,0.010050651978539576,3284.7737667388765,175.34744968565175,82.51644691089494,0.000409757281553398,8.228640776699029e-5,0.0004957281553398058,0.040194174757281556,0.005482038834951456,7.257281553398058
3885,2021-08-20,243.2585436001415,139.11614170906932,406.29998584347925,0.703874705718037,16.981985879500094,0.00951565950335641,3161.6632839313806,165.41580964809623,77.84273395204528,0.0004137745098039215,8.309313725490196e-5,0.0005005882352941176,0.04058823529411765,0.005535784313725489,7.328431372549019
3889,2021-08-24,239.3673203895647,147.85449628938994,420.5579689085828,0.7372835494483861,18.048681751524803,0.009373124424784256,3117.9836544253367,162.769777864904,76.59754252466071,0.00041581280788177336,8.350246305418719e-5,0.0005030541871921181,0.04078817733990148,0.005563054187192117,7.364532019704433
3891,2021-08-26,222.12112088125775,131.14924216227297,403.7546647788467,0.6755466799095851,16.00946195851594,0.00874139803208955,2876.847884349227,151.04236219925528,71.07875868200249,0.00041175609756097557,8.268780487804878e-5,0.0004981463414634146,0.040390243902439026,0.005508780487804878,7.2926829268292686
3897,2021-09-01,233.36137510251973,152.8957826649732,408.6007737647918,0.7289491502933049,18.664074422662196,0.009153127308951334,3002.6788272731487,158.68573506971342,74.67564003280631,0.00041175609756097557,8.268780487804878e-5,0.0004981463414634146,0.040390243902439026,0.005508780487804878,7.2926829268292686
3898,2021-09-02,229.3565504688118,127.01634763097853,377.6210673143543,0.6283698212585975,15.504957192141083,0.009006431022734268,2945.5785896229,155.96245431879203,73.39409615001978,0.00040777777777777774,8.188888888888889e-5,0.0004933333333333333,0.04,0.005455555555555555,7.222222222222222
3899,2021-09-03,226.55035652006703,122.64744108816785,399.84348892375976,0.6340063573429149,14.971642306410395,0.008903640446782253,3004.0243961934534,154.05424243364558,72.49611408642146,0.0004199502487562189,8.433333333333333e-5,0.0005080597014925373,0.04119402985074627,0.005618407960199004,7.437810945273632
3903,2021-09-07,222.08769987927332,161.54562526026393,430.2288298185783,0.7656467225746716,19.719965586753826,0.008740173824459706,2921.8812609190572,151.01963591790587,71.06806396136746,0.00042205,8.4755e-5,0.0005105999999999999,0.0414,0.0056465,7.4750000000000005
3910,2021-09-14,288.9211300757382,202.3610942287999,449.9050874177501,0.8453068169336411,24.702332903541375,0.0111882750278054,3778.1908134067676,196.46636845150198,92.45476162423621,0.00042205,8.4755e-5,0.0005105999999999999,0.0414,0.0056465,7.4750000000000005
3912,2021-09-16,325.7776439591781,220.74084248990818,457.30248788963667,0.8797012957655514,26.945959139896075,0.012538325080959025,4145.4275545052105,221.5287978922411,104.24884606693699,0.00041175609756097557,8.268780487804878e-5,0.0004981463414634146,0.040390243902439026,0.005508780487804878,7.2926829268292686
3916,2021-09-20,248.1467828934873,186.12662802950635,466.1843030782759,0.8386400045162145,22.720582458404845,0.009694715171471953,3230.257096338412,168.73981236757137,79.40697052591594,0.0004199502487562189,8.433333333333333e-5,0.0005080597014925373,0.04119402985074627,0.005618407960199004,7.437810945273632
3917,2021-09-21,252.0164006609077,208.1808234462156,503.4366470230041,0.925442246833457,25.412750531420606,0.00983645884503565,3539.68301159031,171.37115244941725,80.64524821149047,0.00045381720430107527,9.113440860215054e-5,0.0005490322580645161,0.04451612903225807,0.006071505376344086,8.037634408602152
3919,2021-09-23,252.60972710928917,205.7996619073399,497.509490392645,0.9065965221994271,25.122080799402294,0.009858192327635445,3550.558771831438,171.77461443431665,80.83511267497254,0.00045381720430107527,9.113440860215054e-5,0.0005490322580645161,0.04451612903225807,0.006071505376344086,8.037634408602152
3924,2021-09-28,224.04224758297704,192.2113436302709,445.33970933631826,0.8273888708083575,23.463347123550975,0.008811768692048692,2798.7428627748363,152.3487283564244,71.69351922655265,0.00040581730769230766,8.14951923076923e-5,0.0004909615384615384,0.03980769230769231,0.005429326923076922,7.1875
3926,2021-09-30,266.23684350072983,176.00407552339502,439.85496890398645,0.7674019915424046,21.484916764895498,0.010357352103483406,3410.192403095902,181.0410535804963,85.19578992023355,0.00041175609756097557,8.268780487804878e-5,0.0004981463414634146,0.040390243902439026,0.005508780487804878,7.2926829268292686
3930,2021-10-04,231.46092952715279,181.33843759553406,456.508395367648,0.8153926670775394,22.13608535160524,0.009083514196377696,2980.894323378425,157.39343207846392,74.0674974486889,0.00041581280788177336,8.350246305418719e-5,0.0005030541871921181,0.04078817733990148,0.005563054187192117,7.364532019704433
3931,2021-10-05,228.21075464144513,189.72291839438415,463.8434642533926,0.8446308928575569,23.15958365154213,0.00896446064749662,3008.440707369324,155.1833131561827,73.02744148526244,0.0004263131313131313,8.56111111111111e-5,0.0005157575757575757,0.041818181818181824,0.005703535353535353,7.550505050505051
3934,2021-10-08,253.0200846462311,157.58704009343415,427.84480999380935,0.7251968446194177,19.236738862809112,0.00987322367911683,3288.845825455071,172.05365755943717,80.96642708679396,0.00041581280788177336,8.350246305418719e-5,0.0005030541871921181,0.04078817733990148,0.005563054187192117,7.364532019704433
3941,2021-10-15,185.3974722802958,159.4585360196623,336.9620199131596,0.6437379166241878,19.4651934260417,0.007396214819631681,2406.3542387484486,126.07028115060115,59.327191129694654,0.00041787128712871284,8.391584158415841e-5,0.0005055445544554454,0.04099009900990099,0.00559059405940594,7.400990099009901
3946,2021-10-20,298.5121582842834,184.58659711323273,437.74103050976794,0.7940856382118914,22.532590015882647,0.011539593337065307,3747.3866074264024,202.98826763331272,95.52389065097069,0.0004038755980861244,8.110526315789474e-5,0.0004886124401913875,0.03961722488038278,0.0054033492822966505,7.153110047846891
3948,2021-10-22,309.8923597922443,220.739780196296,475.4809067048789,0.8214607038935541,26.945829465115708,0.011956448867659175,3897.508914037895,210.72680465872614,99.16555513351818,0.00040777777777777774,8.188888888888889e-5,0.0004933333333333333,0.04,0.005455555555555555,7.222222222222222
3951,2021-10-25,207.81172824156397,220.13701294179796,389.5798888804332,0.7336407099668573,26.872249326400272,0.008217246552247755,2575.68099214134,141.31197520426352,66.49975303730047,0.00040777777777777774,8.188888888888889e-5,0.0004933333333333333,0.04,0.005455555555555555,7.222222222222222
3952,2021-10-26,196.57114801912527,175.2823142504056,423.4602879972662,0.6987201526952718,21.396810959230557,0.007805505333998695,2461.082006688285,133.6683806530052,62.90276736612009,0.00040581730769230766,8.14951923076923e-5,0.0004909615384615384,0.03980769230769231,0.005429326923076922,7.1875
3953,2021-10-27,204.88616724250835,146.61349697703798,397.0232892176591,0.6277553333813151,17.89719226554623,0.008110083574360856,2636.319723873402,139.3225937249057,65.56357351760268,0.00041175609756097557,8.268780487804878e-5,0.0004981463414634146,0.040390243902439026,0.005508780487804878,7.2926829268292686
3954,2021-10-28,215.33408663210824,131.42118948878664,381.12033821633486,0.5882341989125672,16.042658722040912,0.008492789713413574,2787.801507817605,146.4271789098336,68.90690772227464,0.00041175609756097557,8.268780487804878e-5,0.0004981463414634146,0.040390243902439026,0.005508780487804878,7.2926829268292686
3955,2021-10-29,235.64615426691677,150.74475745971168,346.4111104958459,0.5829330634228164,18.40149756268435,0.00923681851865428,3050.2595558446496,160.2393849015034,75.40676936541337,0.0004137745098039215,8.309313725490196e-5,0.0005005882352941176,0.04058823529411765,0.005535784313725489,7.328431372549019
3959,2021-11-02,292.3385938506591,198.11288567834967,470.0350332722497,0.7810487606721946,24.183751689811423,0.011313456350313918,3889.392562837201,198.7902438184482,93.5483500322109,0.0004284771573604061,8.604568527918781e-5,0.0005183756345177664,0.04203045685279188,0.00573248730964467,7.588832487309645
3960,2021-11-03,327.62284980522276,206.93575476360448,478.4238659158389,0.8031440042519039,25.26076429511937,0.012605914768318233,4248.145260993001,222.7835378675515,104.83931193767128,0.00041787128712871284,8.391584158415841e-5,0.0005055445544554454,0.04099009900990099,0.00559059405940594,7.400990099009901
3961,2021-11-04,382.15305607582803,229.67035980047245,472.0714672421947,0.8317879654281387,28.03599035421683,0.014603350231339235,4776.597081276339,259.8640781315631,122.28897794426497,0.0004038755980861244,8.110526315789474e-5,0.0004886124401913875,0.03961722488038278,0.0054033492822966505,7.153110047846891
3962,2021-11-05,370.0129608512479,278.95063657243503,525.9037836551721,0.9622579943805865,34.0516615336941,0.01415865987741516,4643.33825286365,251.6088133788486,118.40414747239933,0.000409757281553398,8.228640776699029e-5,0.0004957281553398058,0.040194174757281556,0.005482038834951456,7.257281553398058
3965,2021-11-08,215.92410846163682,192.49543006448715,446.29102994771,0.7483660728958929,23.49802571479962,0.008514402148187952,2750.303845028961,146.82839375391305,69.09571470772379,0.0004137745098039215,8.309313725490196e-5,0.0005005882352941176,0.04058823529411765,0.005535784313725489,7.328431372549019
3969,2021-11-12,245.23798183645346,172.64799891432688,438.99354661860536,0.7103686891223902,21.07523860040972,0.009588166108419456,3154.9896909858257,166.76182764878837,78.4761541876651,0.0004137745098039215,8.309313725490196e-5,0.0005005882352941176,0.04058823529411765,0.005535784313725489,7.328431372549019
3973,2021-11-16,237.29298973728262,152.51017096726508,419.41973603877443,0.659505658521457,18.61700258523916,0.009297141920952554,3151.062611034727,161.3592330213522,75.93375671593044,0.00042417085427135675,8.518090452261307e-5,0.0005131658291457285,0.04160804020100503,0.005674874371859296,7.5125628140703515
3974,2021-11-17,302.08986609112355,144.7429876136577,409.3754081919926,0.6373643156783592,17.6688581325969,0.011670644380852791,4010.93527445083,205.42110894196404,96.66875714915955,0.00042205,8.4755e-5,0.0005105999999999999,0.0414,0.0056465,7.4750000000000005
3975,2021-11-18,312.4236804303711,147.59722835678335,403.78921424641715,0.6361166350822064,18.017276909893205,0.012049170864450832,4083.3003670680105,212.44810269265238,99.97557773771877,0.00041581280788177336,8.350246305418719e-5,0.0005030541871921181,0.04078817733990148,0.005563054187192117,7.364532019704433
3979,2021-11-22,203.8132251697056,160.93060865479137,432.20598390299085,0.6854281797454611,19.644890162856324,0.008070781824146521,2635.569051683658,138.59299311539982,65.2202320543058,0.00041581280788177336,8.350246305418719e-5,0.0005030541871921181,0.04078817733990148,0.005563054187192117,7.364532019704433
3981,2021-11-24,241.7139498720283,170.21139614196528,435.0968278844346,0.7026684909444332,20.777801125751107,0.009459081204840855,3159.9519420446895,164.36548591297927,77.34846395904906,0.0004199502487562189,8.433333333333333e-5,0.0005080597014925373,0.04119402985074627,0.005618407960199004,7.437810945273632
3983,2021-11-26,180.34900466331896,151.1621629502592,415.19144573714493,0.6531492941848296,18.452450486330893,0.007211290005630043,2347.4233954759566,122.6373231710569,57.71168149226207,0.00041787128712871284,8.391584158415841e-5,0.0005055445544554454,0.04099009900990099,0.00559059405940594,7.400990099009901
3986,2021-11-29,208.8833658225085,145.28809583854206,411.48749221873015,0.640341583412394,17.735399801047887,0.008256500519068682,2790.0048528685415,142.0406887593058,66.84267706320271,0.0004263131313131313,8.56111111111111e-5,0.0005157575757575757,0.041818181818181824,0.005703535353535353,7.550505050505051
3987,2021-11-30,271.68374138736584,156.1819530093249,420.085741044734,0.6658432795742555,19.065219089987124,0.010556871374476622,3555.0230475281087,184.7449441434088,86.93879724395707,0.00041787128712871284,8.391584158415841e-5,0.0005055445544554454,0.04099009900990099,0.00559059405940594,7.400990099009901
3988,2021-12-01,288.58308067336554,147.41859174239647,412.20328152737284,0.6443520345543063,17.995470637624496,0.01117589231534689,3749.3652100739237,196.23649485788857,92.34658581547697,0.0004137745098039215,8.309313725490196e-5,0.0005005882352941176,0.04058823529411765,0.005535784313725489,7.328431372549019
4000,2021-12-13,247.10874213184294,183.7791587697771,456.0596495363915,0.7448018025698662,22.43402556190429,0.009656691852449825,3287.689563675193,168.03394464965322,79.07479748218974,0.0004284771573604061,8.604568527918781e-5,0.0005183756345177664,0.04203045685279188,0.00573248730964467,7.588832487309645
4001,2021-12-14,270.61431958893536,192.1485727002973,461.6924671802998,0.7634098128497588,23.45568464072648,0.010517698571525678,3580.3668756685606,184.01773732047604,86.59658226845931,0.0004263131313131313,8.56111111111111e-5,0.0005157575757575757,0.041818181818181824,0.005703535353535353,7.550505050505051
4003,2021-12-16,372.5457316454939,217.9769257826469,475.9508195881502,0.817674157177833,26.608566268600214,0.014251434993266096,4573.138266311151,253.33109751893588,119.21463412655805,0.0003962910798122066,7.958215962441315e-5,0.00047943661971830984,0.03887323943661972,0.0053018779342723,7.018779342723005
4004,2021-12-17,253.7682752941246,230.0268964690444,434.1109255450014,0.7939402783801863,28.079512986434985,0.009900629820325737,3081.5373136934236,172.56242720000475,81.20584809411987,0.0003981603773584906,7.995754716981133e-5,0.00048169811320754715,0.039056603773584914,0.00532688679245283,7.051886792452831
4007,2021-12-20,203.16930490578625,180.65451636737046,430.4044996844197,0.7140312767533806,22.05259870155385,0.008047195095643651,2502.2787554093647,138.15512733593465,65.0141775698516,0.0004000473933649289,8.033649289099527e-5,0.0004839810426540284,0.039241706161137445,0.005352132701421801,7.085308056872039
4009,2021-12-22,232.19293406670735,171.26108457551564,425.8182371063417,0.6949022631201299,20.905937184855627,0.009110327442216945,2909.460182572729,157.891195165361,74.30173890134635,0.0004038755980861244,8.110526315789474e-5,0.0004886124401913875,0.03961722488038278,0.0054033492822966505,7.153110047846891
4014,2021-12-27,179.7111071778809,134.1972551202968,379.2228749169896,0.5905971357299319,16.381534619371795,0.007187923890841059,2194.3443621805704,122.20355288095902,57.50755429692189,0.00039078703703703704,7.847685185185186e-5,0.00047277777777777775,0.03833333333333334,0.005228240740740741,6.921296296296297
4015,2021-12-28,220.36107053132955,148.11682304748652,436.55674123392305,0.6700629944413008,18.080704126837137,0.00867692758119481,3089.6999044200115,149.8455279613041,70.51554257002546,0.0004466137566137566,8.96878306878307e-5,0.0005403174603174603,0.04380952380952381,0.005975132275132275,7.910052910052911
4016,2021-12-29,218.78062746175448,157.01378656629194,422.4571496510971,0.6695251493147168,19.166761481437646,0.008619036125241218,2881.9584775754547,148.77082667399304,70.00980078776144,0.00042205,8.4755e-5,0.0005105999999999999,0.0414,0.0056465,7.4750000000000005
4017,2021-12-30,205.70441982221104,141.3373983986368,410.7729410361933,0.6335246132184773,17.253135936377504,0.008140056076432384,2736.287228138399,139.8790054791035,65.82541434310754,0.00042417085427135675,8.518090452261307e-5,0.0005131658291457285,0.04160804020100503,0.005674874371859296,7.5125628140703515
4021,2022-01-03,213.08844598824385,142.19284998056634,405.5544419337151,0.6295656078651567,17.35756139345569,0.008410532143416558,2805.3679212341663,144.90014327200583,68.18830271623803,0.0004199502487562189,8.433333333333333e-5,0.0005080597014925373,0.04119402985074627,0.005618407960199004,7.437810945273632
4022,2022-01-04,261.09696962475243,180.05221122239936,458.54619350365215,0.7415679367113266,21.979074972808988,0.010169079088259791,3656.816863424673,177.54593934483168,83.55103027992078,0.0004489893617021277,9.016489361702128e-5,0.000543191489361702,0.044042553191489364,0.006006914893617021,7.952127659574469
4023,2022-01-05,280.7391810202347,210.43474319185964,496.0194877617929,0.8263396461320583,25.68788778597514,0.01088857113306874,3951.588557831246,190.9026430937596,89.8365379264751,0.00045381720430107527,9.113440860215054e-5,0.0005490322580645161,0.04451612903225807,0.006071505376344086,8.037634408602152
4024,2022-01-06,240.06457877557705,207.16666003870435,475.71299891393704,0.8007581063736974,25.288951032280675,0.009398664922837729,3186.1990130592467,163.2439135673924,76.82066520818465,0.0004306632653061224,8.648469387755102e-5,0.0005210204081632652,0.04224489795918367,0.005761734693877551,7.627551020408164
4025,2022-01-07,231.15250395597837,180.46720688650717,447.5596594238793,0.7310950460545553,22.029733727582904,0.009072216601600425,3024.973883519986,157.1837026900653,73.96880126591309,0.00042205,8.4755e-5,0.0005105999999999999,0.0414,0.0056465,7.4750000000000005
4028,2022-01-10,206.08869932212647,120.145230727153,364.5575664689183,0.5540868515071995,14.666196076402402,0.008154132192283368,2664.288658942921,140.14031553904601,65.94838378308047,0.000409757281553398,8.228640776699029e-5,0.0004957281553398058,0.040194174757281556,0.005482038834951456,7.257281553398058
4031,2022-01-13,335.02728432400744,170.153631323802,428.8909623727426,0.6963020576494394,20.770749741818733,0.012877138391020901,4337.713521231334,227.81855334032508,107.20873098368239,0.0004137745098039215,8.309313725490196e-5,0.0005005882352941176,0.04058823529411765,0.005535784313725489,7.328431372549019
4036,2022-01-18,256.7952609723146,140.27977937367342,373.8318039639758,0.59452664842777,17.124031785506364,0.010011507973063124,3160.667461336078,174.62077746117396,82.17448351114068,0.0003926046511627907,7.884186046511629e-5,0.0004749767441860465,0.03851162790697675,0.005252558139534884,6.953488372093024
4037,2022-01-19,293.7730953590829,176.50170781882915,413.1442069546574,0.6901662681341985,21.545663019862225,0.011366001982920985,3551.9183705334576,199.76570484417638,94.00739051490653,0.0003889861751152074,7.81152073732719e-5,0.0004705990783410138,0.038156682027649776,0.005204147465437788,6.889400921658987
4039,2022-01-21,281.9087701933946,196.21619829321577,434.5167496944461,0.7421957199642292,23.952221990982306,0.010931413055947992,3402.643788935079,191.69796373150837,90.21080646188628,0.00039078703703703704,7.847685185185186e-5,0.00047277777777777775,0.03833333333333334,0.005228240740740741,6.921296296296297
4042,2022-01-24,212.66629299059622,117.52080529262584,350.6603744543945,0.5359812943147119,14.345830983441836,0.008395068725505803,2645.291737898389,144.61307923360545,68.05321375699079,0.0003944392523364486,7.921028037383179e-5,0.000477196261682243,0.038691588785046735,0.005277102803738318,6.9859813084112155
4043,2022-01-25,211.68760543895453,121.14311076362407,357.3258955978313,0.5483111967681983,14.788007855255684,0.00835921950804337,2629.4961844392137,143.9475716984891,67.74003374046545,0.0003944392523364486,7.921028037383179e-5,0.000477196261682243,0.038691588785046735,0.005277102803738318,6.9859813084112155
4044,2022-01-26,231.81941031980466,139.72057495980167,367.0821943645351,0.5868367086645792,17.055769387315475,0.0090966453084168,2863.6521690817667,157.63719901746717,74.18221130233749,0.0003944392523364486,7.921028037383179e-5,0.000477196261682243,0.038691588785046735,0.005277102803738318,6.9859813084112155
4045,2022-01-27,277.2399695861289,155.39449118531277,384.45344489055077,0.6285859612141923,18.969093181003934,0.01076039540278805,3417.52918456182,188.52317931856766,88.71679026756125,0.0003944392523364486,7.921028037383179e-5,0.000477196261682243,0.038691588785046735,0.005277102803738318,6.9859813084112155
4050,2022-02-01,180.5735892340685,130.8380444719818,344.8126176974905,0.5506088495990233,15.971473880947558,0.00721951651377557,2241.22709072456,122.79004067916658,57.78354855490192,0.0003962910798122066,7.958215962441315e-5,0.00047943661971830984,0.03887323943661972,0.0053018779342723,7.018779342723005
4051,2022-02-02,169.45529203160186,212.81374372410488,239.45788788498,0.570493430206844,25.97829372269526,0.006812254509109627,2010.9097251033756,115.22959858148927,54.225693450112594,0.0003944392523364486,7.921028037383179e-5,0.000477196261682243,0.038691588785046735,0.005277102803738318,6.9859813084112155
4052,2022-02-03,168.65581344630513,133.32207115202516,354.5664343936827,0.5643067458970453,16.274700418763825,0.006782969696389996,2057.9479354164246,114.6859531434875,53.969860302817644,0.00039078703703703704,7.847685185185186e-5,0.00047277777777777775,0.03833333333333334,0.005228240740740741,6.921296296296297
