index,time,Eutrophication Potential - EP,Cumulative Energy Demand - CED,Particulate Matter Formation Potentia - PMFP,Fossil Depletion Potential - FDP,Water Use,Global Climate Change Potential - GCCP,Acidification Potential - AP,Smog Formation Potential - SFP
2565,2018-01-08,0.16548402415549404,17111.596188536078,0.2009566634007986,421.4871034332633,0.21733224091246645,998.2753024769137,2.2897821544585466,18.77656652265081
2566,2018-01-09,-0.0006361585880276029,-1902.8873478110982,-0.01098222334176058,-27.938034386320926,-0.15103360379884542,-51.988844516107214,-0.1442148096544972,-3.306113013617633
2567,2018-01-10,0.34309052947082597,37169.21912748986,0.423948015476996,898.0574734951684,0.44501492658236896,2134.555555330408,4.8509828218773405,41.85941076756109
2568,2018-01-11,0.4295063480560376,47131.65324558045,0.5330025826401521,1131.8237543843695,0.5786035706099407,2690.5053759614834,6.106412747726598,53.518492193572534
2573,2018-01-16,0.04320697237145379,3860.9472236532265,0.050806941515640115,101.62739686589869,0.11399291635975703,232.62290848694994,0.5703389546170167,3.8558598741804424
2574,2018-01-17,0.04539757846165786,4094.490460778937,0.053642988600038057,107.3210745499633,0.12636146723983407,245.86855669137518,0.6025455785852202,4.119699750568389
2576,2018-01-19,0.5422115005485167,59872.325052577085,0.6749016169710617,1435.9827910813779,0.6765380638214034,3417.0422609519783,7.735805919734322,68.06596735839457
2579,2018-01-22,0.15386824156340637,16866.962738880273,0.18881081349937684,396.1879088262602,0.4703715697963394,931.8198854172655,2.1662150168676972,19.845284016613725
2580,2018-01-23,0.03529344170164066,3389.472732518895,0.04022135913073745,82.01665998952191,0.1288715298136445,194.29697619132793,0.4573774949856155,3.864204737405952
2581,2018-01-24,0.033422050836982846,2994.733257286822,0.0370137558652039,75.31886672853427,0.07990577989960952,181.06460634920137,0.4184503073848376,3.222520185188667
2582,2018-01-25,0.05079548088026654,4644.004425718535,0.05871055666309723,119.74823393078158,0.0864061691784975,283.49600625763435,0.6621588146503977,4.780069001953974
2583,2018-01-26,0.06314191377926406,5707.5482016893,0.07505297002124509,151.836686942258,0.09533278777604395,352.35821627670316,0.8426281817971464,5.562181136942173
2586,2018-01-29,0.09769709736242373,9886.655891974928,0.11875372850716982,244.6186803407253,0.2528218779556206,566.3618864460374,1.3492094313601324,10.833685345959234
2587,2018-01-30,0.10194957421788606,10450.4750788978,0.1238819712233604,256.0415049561995,0.27141253411058175,597.550955257104,1.4099486606199167,11.616837053037987
2588,2018-01-31,0.0879988356349717,8541.843148987005,0.10627268926195185,217.70409834701488,0.17457118193860502,506.34079431359856,1.2017316562875588,8.93883291058515
2589,2018-02-01,0.07279615541825603,6572.338189983379,0.08749060852334414,176.62134467165882,0.10361406540588944,407.1620960229603,0.9809342617571573,6.284024937754556
2590,2018-02-02,0.01156738831801055,-211.71386425627168,0.009705123921160876,15.08721382715886,-0.11815464847459184,36.89630672656323,0.09107905487012712,-1.5602803366756148
2593,2018-02-05,0.033359918271668294,2558.054891238338,0.03692363301930774,73.41023443452724,0.011507419395641358,174.4203012250628,0.40959886044819355,2.1502096272322846
2595,2018-02-07,0.031644536814214225,2294.462559575934,0.036011254459123676,70.00059777587485,0.018324509465113242,160.7425235398175,0.39601971148083315,1.6629476060673352
2597,2018-02-09,0.0327826004518576,1939.6957025396528,0.036293949900861606,69.78790979216235,-0.0770995001861888,162.58300499022235,0.39213876187688246,0.6936549727627449
2601,2018-02-13,0.01123298034792419,-267.443444781323,0.008397279685060367,12.723782013645284,-0.12053241084832689,34.27009262516542,0.07705274541180927,-1.5544467287943493
2602,2018-02-14,0.012269054074172161,307.13219275895153,0.0095629207773275,17.058453481773714,-0.04323708789742256,47.02301600064992,0.09898876050268675,-0.2651620560290863
2603,2018-02-15,0.030388410095613896,2203.821927703078,0.03173342017339179,63.397951399329166,-0.00849620922244379,156.21094494631933,0.3518036962789245,1.8444157858054457
2604,2018-02-16,0.061012479373146855,5351.957043910389,0.06864796528450728,141.23530390380014,0.013655552158699333,342.7937615594461,0.7724522092184675,5.273784555388394
2608,2018-02-20,0.03565776809778024,2697.1136863458237,0.03860681807421989,77.34925222753895,-0.009909070597555122,187.14546171344503,0.42851834361572483,2.2648010908234646
2609,2018-02-21,0.06347895696111884,5367.54822828416,0.07179660958866707,146.88937578333633,-0.02544806797030813,354.9156871126788,0.8037440507587,4.936085178150587
2610,2018-02-22,0.07238989303434357,5895.117762827433,0.08305302337216308,168.94169346555043,-0.08816804282438512,404.3660403050849,0.9242017742338341,4.903310409470054
2611,2018-02-23,0.03111981547415267,1341.3291656159606,0.033039484725927645,62.21572690620379,-0.15988479368302372,147.5068559281818,0.3489927232879729,-0.448230325711898
2614,2018-02-26,0.02052145243311777,223.343006203386,0.01998695277211214,34.90023552916084,-0.17952698218842417,82.78257584996996,0.200116603211818,-1.6911302207195482
2615,2018-02-27,0.018077408673640945,-233.01225198281787,0.01650599880538707,27.0739838816225,-0.21552727273649935,65.87750532205582,0.15745666441392067,-2.4204712609439687
2616,2018-02-28,0.012408069623244311,-292.28228715831193,0.010140172161696161,15.609824254386748,-0.1418646337023056,39.48088203189033,0.09380257479888279,-1.815936516640054
2618,2018-03-02,0.04294673770627997,3210.560611578435,0.04899757115249235,97.00899368850568,-0.02398476063138813,226.9420975412824,0.5403990185909272,2.3638670047178714
2622,2018-03-06,0.016822234258775205,385.87374250005786,0.015896017079449525,28.275589776112163,-0.09729467172294544,69.14406793769238,0.16288098319609323,-0.7996531207859704
2625,2018-03-09,0.011119704111508292,88.23877863160055,0.009607137587555567,16.0336938846555,-0.06407334424344,40.151938546360334,0.0956529427663304,-0.7989376227294274
2628,2018-03-12,0.009098315905294781,-490.70098860900606,0.0067096691146899205,8.757587492359857,-0.12739404392108666,22.368865017416944,0.056509555724539536,-1.9033413798733554
2629,2018-03-13,0.006627197488173278,-871.9139310505484,0.003034519602890113,0.9527956953272885,-0.1522705704926887,5.40425591423898,0.013281943149801637,-2.4286963984920487
2630,2018-03-14,0.008456682771004427,-417.18226365538635,0.005994475703867693,7.842468651085867,-0.10866104941736501,20.34999356762038,0.05081830617055268,-1.641190680489754
2631,2018-03-15,0.016043168377718655,253.07360531680814,0.015117544596700517,26.34020338630725,-0.10658446905676021,63.833903999316924,0.152824094164402,-1.0348432298135566
2632,2018-03-16,0.01655196115536606,377.50773895409435,0.01576103881990629,27.95706115175955,-0.09419205363752366,67.8946778649365,0.16143043577578345,-0.8011095319010868
2636,2018-03-20,0.013671264661665954,377.1305665633565,0.011754763999301514,21.09955687192298,-0.05393963848965077,54.873920152887386,0.12191213865606378,-0.3437437935967123
2639,2018-03-23,0.02771881094548363,1721.4901872917656,0.030378010690761605,58.428879934382465,-0.033054928342211395,136.5127926665762,0.3299752605289462,0.8563648128694215
2642,2018-03-26,0.021438406162643378,295.23748152840847,0.02128896303278738,37.39399006775945,-0.18010225275937053,88.53641594763752,0.2142730265213201,-1.6595846285481144
2643,2018-03-27,0.018220300443105318,-50.11158165981348,0.017279072864969488,29.01686138315765,-0.18757240478618648,69.14646752701904,0.16849436568037285,-2.0476266333019892
2644,2018-03-28,0.01838185337634114,65.40524800064364,0.017873394101663952,30.405121057086788,-0.17005038024811603,71.43943200018758,0.17651345724847445,-1.822591482509926
2646,2018-03-30,0.028174099388629678,1355.5799626401867,0.029753730047365354,56.37512279917644,-0.11001783997843706,134.2451082929859,0.31696348093794874,-0.016248019191456936
2649,2018-04-02,0.015022681575912031,68.50637638717902,0.013425081370814858,22.755376870936082,-0.12196102480273026,56.484594028483706,0.13272982145784326,-1.3024404013477628
2651,2018-04-04,0.01658373822247484,154.66989928022295,0.01581496056305271,27.144902750325173,-0.12965782202052556,64.68547382816772,0.1579008024581493,-1.3590499068223143
2652,2018-04-05,0.01808489332628187,306.981247807581,0.017587696045638174,30.864871901979868,-0.12751456188931065,73.48953906026841,0.17811775081852493,-1.189628008090487
2653,2018-04-06,0.023909611293423956,913.2557154050154,0.024819488644441848,45.87531095225009,-0.11534840585411849,108.35153760853798,0.2603749956130957,-0.528020141052571
2658,2018-04-11,0.020072030102659264,675.3397930594842,0.02037860488451814,37.10206883527691,-0.0962223711788554,87.39301127879526,0.21236354033731225,-0.594365526773565
2659,2018-04-12,0.018009162662051846,461.4602621236003,0.018027879356493717,32.07465174140284,-0.09858191657747409,75.41627308442867,0.18535291441015186,-0.8447482920588865
2660,2018-04-13,0.01948416528485445,312.30109205243286,0.01955010410069231,34.21581988858865,-0.1450802441986324,79.70984971876841,0.19757224059221343,-1.3986002147578482
2666,2018-04-19,0.019695914179577292,537.9281360721378,0.01984116324273376,35.614200779045795,-0.1119353639482964,84.2188624228449,0.20455664328094197,-0.871806577808364
2667,2018-04-20,0.01796674405144368,356.974156221998,0.01767212746173487,31.136067692132567,-0.11642808741402683,73.81635258067331,0.17989717838453295,-1.0697483668790215
2670,2018-04-23,0.02101072580540272,715.6256647568263,0.020718020976562307,38.08408271336155,-0.10660191159654914,92.49831650212799,0.21631136297648743,-0.5503539125204904
2671,2018-04-24,0.020382069035046316,510.27052985000455,0.02017512700660129,36.2591576903283,-0.12965148779064395,86.65926550796986,0.2072582878427346,-0.9924574906059441
2672,2018-04-25,0.028814940050080305,1414.922342458858,0.030337572936379148,57.72180816866385,-0.11221012208597335,137.5501924268214,0.3237591849786311,0.05548509102008238
2673,2018-04-26,0.03201550205253297,1762.099967838088,0.035288115839383044,67.31931792381012,-0.09347717128361599,157.28215818435925,0.3789901603134969,0.37155935135883833
2674,2018-04-27,0.03131916466412586,1412.7641623634304,0.03445361652651511,64.45535546475192,-0.1386994589845308,148.7442174607948,0.36440894012294933,-0.3969271745005672
2677,2018-04-30,0.01430750313195441,-331.4219813534206,0.012998784412106173,20.28423392962874,-0.17354400099448575,47.64835941656428,0.12131214922501368,-2.2354622327628566
2678,2018-05-01,0.02370940772275802,622.457352540865,0.02413134955661695,43.63702025332465,-0.1605119499289901,103.98303658116852,0.24822893628200854,-1.1776412056284753
2679,2018-05-02,0.021736932105986935,807.816062679796,0.022370093322656413,41.078125779588,-0.09771606271998019,97.57132038622159,0.2343771493262101,-0.4952239432176814
2680,2018-05-03,0.026084824941676632,1272.9983545071823,0.027581243391360595,52.095048451193286,-0.08892622547891879,123.56170749023568,0.2941360914314311,0.04481010674650979
2681,2018-05-04,0.026615189920712212,1204.6455281585402,0.02810753604984292,52.78687849996265,-0.10859546054401008,125.06965254464644,0.2980502836238242,-0.18972701922841526
2684,2018-05-07,0.020134519267516283,535.1315523244859,0.02001324859636171,36.018478807701435,-0.12072982511928472,86.2897482419907,0.2061413846104771,-0.9072366325931204
2685,2018-05-08,0.01942014315224115,281.0930345813953,0.019601611835558898,34.108252356210215,-0.14700944191978,79.31585989056255,0.19753252568118665,-1.4760745197554166
2686,2018-05-09,0.018046480274456076,339.93449151999187,0.018197250945891356,31.81121525545652,-0.11632914630284015,73.80327986718174,0.18482557403372657,-1.1602089410877026
2687,2018-05-10,0.02687538708306176,2423.4221375335574,0.029136470424538985,59.2272360197369,0.08600933068310457,143.8768922025308,0.3305157310635293,2.7305176903730493
2688,2018-05-11,0.0336794611901854,3171.6219562620427,0.03722196331341275,76.44184445705663,0.10295944834365311,184.7528650675201,0.42370727143515496,3.632914534359325
2692,2018-05-15,0.032820466270849495,3199.7904087881716,0.03623193416402405,74.80204784010624,0.12058173253960519,181.33695385898483,0.41448566115669516,3.8203785135117516
2693,2018-05-16,0.03260719115822647,3141.943595191997,0.03596232029322031,74.10730903630983,0.11422970509427885,179.42325573091662,0.41077533070348116,3.707723764403385
2694,2018-05-17,0.03404217566240768,3291.412232610853,0.03764183146849428,77.6468920968096,0.11728086849378888,188.5604525224238,0.4300214472484345,3.881976684690476
2695,2018-05-18,0.026843214682914462,2452.4647338392438,0.029093128751459155,59.28285875080826,0.09046786714148497,143.96225398879994,0.3306173292714159,2.806223718124581
2699,2018-05-22,0.03110902763103951,2949.79345736079,0.03402164525032365,69.96545951446421,0.10584246444943897,170.48045170322973,0.38815268942586906,3.4574094393732935
2702,2018-05-25,0.01864763617060659,1450.643052246286,0.01884024452530933,37.555721246937864,0.04475984949349115,92.75951858954467,0.2113856554853529,1.5049184240901534
2706,2018-05-29,0.019250332920709226,1566.4523624511426,0.01920858771452099,38.73574447312445,0.05437456683822777,97.25552377340641,0.21706631189083644,1.7443649350191455
2707,2018-05-30,0.022538635470224635,1934.6376537362362,0.023153364274646114,47.08309962992727,0.06614209432563205,117.15135192741715,0.26259903493274467,2.1978696446962145
2708,2018-05-31,0.027068205127019393,2425.114472025914,0.028882789079598244,58.97693884312085,0.07946612030588118,144.47333055694708,0.32796978993998066,2.7501200065268057
2709,2018-06-01,0.017667326590394144,1620.9861863275237,0.017943416139995408,36.59021750376526,0.08724502645845472,92.23751167385872,0.2057117318257356,2.038928909405301
2713,2018-06-05,0.024569906175198324,2106.0803478460916,0.026111436281783994,52.79100255049496,0.06587792702606672,128.4974265371532,0.29491761002986283,2.287583528278705
2714,2018-06-06,0.02981234136129066,2645.3144110700478,0.03278755578053104,66.47035694225107,0.07866445890847894,159.54437981949783,0.37050984775141177,2.855109801928862
2715,2018-06-07,0.02545508011601363,2335.7921340655917,0.027717280920603632,56.3090160150441,0.09406019481574639,135.71291830849583,0.3149985172567465,2.6852147019163626
2716,2018-06-08,0.023335922164555222,2081.752253552389,0.024994224913494307,50.60957414476396,0.08259396001233447,122.9105587078041,0.2835400712044502,2.367969461346963
2719,2018-06-11,0.0007956727502238683,-448.6014948990088,-0.003283547240542354,-8.040499690493336,-0.02204261149878702,-12.549385489179336,-0.041089204657754494,-0.6720701181540188
2720,2018-06-12,0.00016932528936256877,-561.4129275789438,-0.003973124381521756,-9.692219741804195,-0.03169144872585607,-16.386141834501487,-0.04992301854976215,-0.8715785420114168
2721,2018-06-13,-0.0005802153568862577,-766.1621945966663,-0.004880256624241864,-12.06333397301422,-0.05486675308539127,-23.076023222980933,-0.06258588253072453,-1.2764552093010781
2722,2018-06-14,0.005029728297578804,-75.37768136564529,0.0022219694517791873,2.820093135515578,-0.016515869339708496,11.629432296269213,0.019967865607974263,-0.3701092317759821
2723,2018-06-15,0.007983937740979849,318.6635174028743,0.00517425032328204,9.509236881491008,0.01079133712692535,29.0446695922486,0.056119699192312085,0.267740462318201
2726,2018-06-18,0.0021794666617702746,-252.91118897076683,-0.0026251935733789685,-6.26781205526578,0.005304395053519814,-5.571390245196579,-0.03118202280164139,-0.24657398746525921
2727,2018-06-19,0.019892775300112586,1816.3930043586274,0.020439818600000825,41.78829631196657,0.08519114735674624,103.89439121963494,0.23381216797724544,2.2270754992630692
2728,2018-06-20,0.012148181754129402,883.6553884060776,0.011437139140524074,22.42369666476372,0.0419871276924043,56.392976731779484,0.12825186681848855,0.956830817918075
2729,2018-06-21,0.010850079227046203,438.1992810162403,0.00978080916788739,17.839385219419743,-0.013428745417096169,42.28906650956027,0.10381096743095598,0.0368823392146616
2730,2018-06-22,0.011845292957581069,749.1182377601568,0.010980269656272815,21.088323761543297,0.025724950465879786,53.0624459440281,0.12128909389093863,0.6768052045734824
2733,2018-06-25,0.011770640247356938,766.0390904171996,0.010585319997865392,20.551379597969166,0.028411309833479607,52.79327906909113,0.11766205934362312,0.758750777430282
2734,2018-06-26,-0.00034219394088222486,-702.8571264213199,-0.004810626024723148,-11.744292817735541,-0.0437711474961839,-20.97897169188911,-0.06077531932830284,-1.1217133428516528
2735,2018-06-27,-0.0013255273002877532,-1025.507167726992,-0.006572978302417679,-16.157983440965307,-0.07372861054948268,-31.32434400807787,-0.08408454513661123,-1.7104534593013008
2736,2018-06-28,0.02164386847185996,1552.4881828843022,0.02240073146215117,44.14308045788039,0.019641907363158823,107.48010466955807,0.24827643873307123,1.3448005906321687
2740,2018-07-02,0.0203949924101242,1982.382420191714,0.021989633888430178,44.804801238444256,0.11183452743122686,108.55977947050673,0.25224639319897674,2.484421915585251
2741,2018-07-03,0.02553152293456941,2383.566837867808,0.02858231896339344,57.588867366672545,0.1126303891400992,135.63501298093692,0.3245162701610599,2.7353249664004355
2743,2018-07-05,0.01137609039970067,806.5049140321968,0.010654011531997626,20.72131699856374,0.04075367987279851,52.239927665131106,0.11916111647892488,0.8588674842071848
2744,2018-07-06,0.01360640464893437,1194.4024514536761,0.013486088944303608,27.137521340220957,0.0725841526888328,67.60752294800025,0.15413007534491732,1.4964016586482705
2747,2018-07-09,0.011004572589344506,907.5651579157167,0.010399277546419419,20.690257676022046,0.060107007304902545,52.4178646711912,0.11852481773023385,1.137911219061477
2748,2018-07-10,0.012259423636903988,908.2859461145783,0.011688483431056556,22.96746116855956,0.04296491189827262,56.69158293859872,0.13119126166795114,0.9871826758736162
2749,2018-07-11,0.013458540944000211,1401.7744197522527,0.013244889252132668,27.696217774305982,0.10159795562250648,70.65278351901505,0.15552115746999262,2.0266382289518194
2755,2018-07-17,0.009141263958998102,448.8729933782677,0.007688935054902803,14.233084254230246,0.013195709449409027,37.312991800584626,0.0834145860434738,0.30911446601588327
2757,2018-07-19,0.008848316596341839,-768.1803023982518,0.007243582776716353,8.284148969180206,-0.1621821871870676,16.75885955692704,0.056840888412467296,-2.632230900288622
2758,2018-07-20,0.02096211353230153,2029.062854565341,0.022494975251535668,45.96008251738871,0.10876579290714268,111.55884366630823,0.2580403911108058,2.534314631073647
2761,2018-07-23,0.0011057629843198875,-1591.987702924586,-0.0024509639421603667,-11.576489956274136,-0.19426452228900895,-28.468832687262825,-0.05365696673445424,-3.5720350860455055
2762,2018-07-24,0.032175951072069726,3856.988652293511,0.03553827824370794,76.34057069169293,0.2285579157116582,188.76821545563183,0.4196491475288438,5.521376708996146
2763,2018-07-25,0.010936846639266242,414.1914273810619,0.009992380173421687,17.957469067680854,-0.012485292241810296,43.91499379424815,0.10547883392533686,-0.033445755895660914
2764,2018-07-26,0.013895252091059533,727.3424239201271,0.013333002678971653,25.01000336739465,-0.0019691819396449733,61.60045647919373,0.14403324650910584,0.3567741800779494
2765,2018-07-27,0.007984051413143475,148.3036162430106,0.006263395008391214,10.530358269497908,-0.017161726518739956,27.88944601632073,0.0639010118932849,-0.26874069631605924
2768,2018-07-30,0.00712910115325406,-1.43560451342897,0.005046605035686665,7.8760208802546305,-0.030084601793443466,21.713132094620196,0.04916530467341902,-0.5033269873568569
2770,2018-08-01,0.020903405578470972,2859.9646641278164,0.0225344355607381,49.73708476973455,0.22383917902901534,125.6181346240348,0.2735771500031989,4.558401599830624
2771,2018-08-02,0.022085952007020397,2975.4276307824916,0.024060987101851405,52.79333406828475,0.22738707333305255,132.21506087900892,0.2907238392209042,4.6719626837716675
2772,2018-08-03,0.022700029198389326,3048.4688910555897,0.024766064688170084,54.313766992682005,0.23056741264864267,135.89974658029573,0.29898947648335683,4.7710861619258935
2777,2018-08-08,0.02286029764801546,3091.773019335796,0.02496863854991299,54.836042217427426,0.2352731083751257,137.44441133629948,0.3017742954779026,4.855318174434276
2783,2018-08-14,0.02828888612270059,3715.9467728418867,0.03178227295985142,69.00643131670299,0.2636799705054398,169.98903373130153,0.3802602481207349,5.625244707010093
2785,2018-08-16,0.005679255101569159,-172.93393060074027,0.0032011054491110995,4.015441216450258,-0.037671623446445354,13.336096583981048,0.027859681554646062,-0.7164819999842628
2786,2018-08-17,0.006016413062347086,-145.65090418226458,0.0036125117478257095,4.811055299801977,-0.036823821959565524,15.370859505455407,0.032408212765980715,-0.6940568501458964
2790,2018-08-21,0.007107228109056404,-65.02072057878844,0.004985376144476475,7.466900559698436,-0.03744161325327743,21.164186715376403,0.04740064025343087,-0.6493292607574943
2791,2018-08-22,0.009403662232154537,93.64972059400884,0.007917274571293606,13.082411952009014,-0.04069386983119774,33.12487856394502,0.07917790705522589,-0.5873732055298728
2792,2018-08-23,0.01538415536363708,664.5488681482709,0.015482045563120887,28.27303140258337,-0.026040539648114633,67.07931621397269,0.16410087264696513,-0.031127690288884513
2800,2018-08-31,0.010308734534555766,-47.65256026094997,0.00906575895547347,14.44457887331447,-0.07336807001127722,34.15641694771002,0.08791590845551707,-1.0661602638367225
2805,2018-09-05,0.01572190390805176,624.1762626539944,0.01546534065630177,28.263100149800007,-0.041720755425089615,67.66733412133847,0.1631293868118799,-0.14341688922311951
2806,2018-09-06,0.017538824335805513,864.4892056118001,0.01777726177618805,33.18290945481188,-0.027330722918449776,79.44968353729915,0.19028504624587947,0.18892607385947274
2811,2018-09-11,0.010725922963142528,130.45081600425814,0.00948618935140758,15.939956670126389,-0.05247920911143389,38.76494881228649,0.09528659222315757,-0.677266908978331
2812,2018-09-12,0.011368846375701257,143.96689292519122,0.010330591970142335,17.396040652442036,-0.05701757837911624,41.962278070770274,0.1038567026159535,-0.7363557924149063
2813,2018-09-13,0.012071738987189854,17.547458884833958,0.01108936918710977,18.18171005695539,-0.08507758093317336,43.03996853505371,0.10900747406920269,-1.1354894674834475
2817,2018-09-17,0.010553826009404502,166.83623429328455,0.009628601426684289,16.200038462261244,-0.041274155466447665,38.97342366439078,0.09740938508208853,-0.5932269813401336
2818,2018-09-18,0.011255784231625644,85.19664442354727,0.010310977250517129,17.067393344215265,-0.06312417328893812,40.6093193272463,0.10261201596096017,-0.8751988908984569
2819,2018-09-19,0.011657860397572512,-194.20994576959845,0.010528168762481853,16.35252229044989,-0.11218342680348055,37.97032174138153,0.09961432551184858,-1.59484219441053
2820,2018-09-20,0.01025996679123962,-62.14438059167519,0.009122112820886492,14.405447023224713,-0.07242148059323779,34.205036426918824,0.08822707099254745,-1.1019994707163823
2824,2018-09-24,0.011370593789312353,107.08207218524419,0.010456376789460637,17.41225163647679,-0.06151730472154737,41.33494342147474,0.10444282550310835,-0.838288797991013
2827,2018-09-27,0.008764576858208863,-479.3426364066848,0.007195714808550613,9.39867381964688,-0.11730252683838892,21.23390591762244,0.06164231328321256,-1.9136631725764672
2831,2018-10-01,0.00729757125878617,-500.66599417066675,0.005317064648404025,6.151479736039543,-0.10375490358575346,14.859719903552113,0.0427434736277581,-1.7565332062565309
2833,2018-10-03,0.01284680443543844,3.439784521457767,0.012060673714929747,19.77641168229592,-0.09688806402986654,46.03438284889188,0.11831659887287102,-1.2804179477008004
2839,2018-10-09,0.012348691710228937,-3.752219916847679,0.01159498374469429,18.92562569093582,-0.09161241750239274,43.26274357337285,0.11362259511129305,-1.243893261079348
2842,2018-10-12,0.012563104840507282,-118.48118305371565,0.011835874810742816,18.845394387145298,-0.11097665506910363,42.587431196760285,0.11390074430317944,-1.5529235261805778
2845,2018-10-15,0.008736972367617009,-62.99468431826633,0.007032970620275703,10.954143325680185,-0.05718580318146576,27.532519788333097,0.06760507688084476,-0.8761546172567893
2846,2018-10-16,0.011207262380310409,168.77593199339424,0.010162940360367103,17.208045428559842,-0.051206570251255995,41.66351773457073,0.10266289026735015,-0.6557744952466878
2847,2018-10-17,0.012810994849003434,139.96471231283795,0.012178707158471889,20.49402602064115,-0.0744817689435385,47.91296272938459,0.12199290534980715,-0.9531788419143206
2848,2018-10-18,0.012660563326868454,127.48506806233388,0.012007442090522086,20.14607201594732,-0.07442443883342652,47.0505973729158,0.12008131812058312,-0.9642577267626653
2849,2018-10-19,0.010088169461899988,-52.76162805094754,0.008660881074200844,13.758010715583483,-0.07157518781226069,33.44100238688074,0.08381598627423144,-1.034270472332755
2854,2018-10-24,0.014084874460425643,23.825163370218206,0.013482113684843661,22.32551427127946,-0.11032092512164188,51.78823199470608,0.1326672833421072,-1.3944600674999386
2856,2018-10-26,0.012554688931058131,120.76216096353176,0.011892488548020401,19.92295224594248,-0.07427559058270423,46.384996974714106,0.11882907257648377,-0.9680001462612235
2861,2018-10-31,0.008104124193487206,-480.3221431571603,0.006348559478915196,7.993054123968641,-0.1109055186416436,18.182414817022117,0.05327615243176306,-1.8236514925927905
2866,2018-11-05,0.01736226344186672,681.7514840845538,0.018133934395273422,32.78826181568947,-0.04611528837000564,74.83112820380612,0.1905602402311774,-0.2843085212671861
2867,2018-11-06,0.015714681457319354,528.4501284368408,0.0160140420140269,28.56162033909899,-0.04942019606839429,65.86167011545552,0.16687883285749355,-0.42358165144747584
2870,2018-11-09,0.012219471780263032,-30.578073152414206,0.011514158456691933,18.60905418562903,-0.09161966547778187,42.7721241511365,0.11235240782751577,-1.2951194078856663
2874,2018-11-13,0.012481260885247045,-22.310804594229737,0.011767292998767847,19.104124420657225,-0.09444186547148477,44.03320132055952,0.11498418496340153,-1.3056825786532147
2877,2018-11-16,0.020127306458440866,841.0184418006929,0.021588539274803746,39.291110283588196,-0.054447270717934884,89.4354729635546,0.22748771658361425,-0.27905782828076753
2882,2018-11-21,0.010449426186987219,-209.41316021322012,0.009430371613993679,14.288176803474682,-0.09638187956463494,32.263934317436856,0.08859021562806625,-1.4983078541289143
2887,2018-11-26,0.007231610762703878,-388.3160462913059,0.0050653144285643745,6.250982887204803,-0.08737468897798206,16.27199079852498,0.042284985377057875,-1.4554117643693805
2888,2018-11-27,0.010888309399774912,-280.5538715237492,0.009804917666957687,14.67779573863895,-0.11362249723037025,33.173415440612324,0.09095540846250189,-1.719669470953934
2891,2018-11-30,0.012403759759124354,-32.4245646596727,0.0118282039983091,19.12378756227841,-0.09423029607899591,43.02772101221313,0.11542396853389358,-1.3348293502427087
2895,2018-12-04,0.011099538697048477,-109.92243451597719,0.010329630111315886,16.18524792716567,-0.08778542345375535,36.59870469369607,0.09927452995715412,-1.3509195318863125
2897,2018-12-06,0.01564437333204177,601.9531326131289,0.01579913774077624,28.54905912992519,-0.03860335198937674,67.17333731242293,0.16608186305069747,-0.2212096923620094
2901,2018-12-10,0.009523307795435889,-308.3443487050204,0.007996310174828124,11.532567572963725,-0.10236201492683478,27.09329659955793,0.07261992563985221,-1.587063234403123
2902,2018-12-11,0.013726086618669621,148.03845465723282,0.013511404927625184,22.70257332112788,-0.08174437481357803,51.71971568718411,0.13529639345003508,-1.0770165934109235
2904,2018-12-13,0.01709888644870698,409.74161714048444,0.017929671136660122,31.179524561308828,-0.07930424813673331,69.57855550003467,0.18361475456639684,-0.921530826567333
2922,2018-12-31,0.002242867069195991,-446.77504596374933,-0.000216608699046182,-2.8816030128585965,-0.04542796133608032,-4.74461953219041,-0.010670014674565458,-1.0131627546463557
2924,2019-01-02,0.00229851489741214,-475.1990479657155,0.00016157965053474968,-2.3962131211985573,-0.05079559218442711,-5.228797424375527,-0.007418024657534504,-1.1240638430467087
2926,2019-01-04,0.003633973723264423,-325.14604747517603,0.001491866054506365,0.4383332729509082,-0.039762899725373835,2.8536898965394664,0.008373157481246991,-0.8984519543210863
2929,2019-01-07,0.00716300222683146,136.19964965392836,0.0053842786718008365,8.99941652543808,-0.010528923456681515,24.20281370762537,0.05504236821259471,-0.20096467374785307
2930,2019-01-08,0.006050365173805202,-275.0039082664459,0.0038312616695929725,4.649365634281321,-0.05835625122999816,12.79819870371635,0.032229474644554015,-1.0394840049492233
2932,2019-01-10,0.007833019923658325,-294.96430958846906,0.00610005864886822,8.355705860693943,-0.08059196477534589,19.87724275358897,0.054219244033077096,-1.3397806666655543
2933,2019-01-11,0.006971432908789134,-384.2236141351751,0.005125270124001429,6.303613168847765,-0.08321007589746103,14.965592857255205,0.04300760876545391,-1.448032238583722
2936,2019-01-14,0.010303872854512152,-107.2665503042394,0.009324992094227486,14.56854357905765,-0.08111659577060017,32.577397949480165,0.08942315388031402,-1.2380376556456363
2944,2019-01-22,0.006502610742807458,-45.857285658058785,0.0046781294527741555,7.022318593618493,-0.030069920248997524,18.403374372107066,0.04478724081903835,-0.5691980038266865
2945,2019-01-23,0.006356243279817939,17.459480995845595,0.004590316201528159,7.162275224107983,-0.020442167695194274,18.623874379195886,0.04508857135042754,-0.4057422593086445
2952,2019-01-30,0.002690666144403823,-708.1651144555981,-0.00032373333294984596,-4.192902292219717,-0.08428178258596548,-7.742743486482344,-0.016581401784385334,-1.6401926685426944
2953,2019-01-31,0.011344401257964048,332.64048288262615,0.010663716942595373,18.68293366276226,-0.027591875856103093,44.23886518258183,0.1106307792115248,-0.30468970696129183
2954,2019-02-01,0.028941481512194785,1986.1362380035957,0.03134218802009379,61.41472504714218,-0.015000168548984422,146.83197413948548,0.3442031681364067,1.3817905409229119
2960,2019-02-07,0.017444438532291245,366.06933786698,0.01778617094614265,31.07431817694773,-0.10067511359765496,71.11778594005847,0.18130865250505554,-1.038149196257328
2961,2019-02-08,0.022543201836145964,505.69179727372125,0.024181049267491806,42.654941516153556,-0.14815144216626822,94.09477012968593,0.2468309222102451,-1.4287724535968582
2965,2019-02-12,0.022741790626191888,917.66090457529,0.02347265420938537,43.53394260205391,-0.09791472614541338,102.70438596550846,0.24721006484828204,-0.359599582457237
2966,2019-02-13,0.0188347037788355,643.627455357731,0.019267951991599072,34.90656214777359,-0.08091036367768319,81.04839765816337,0.2009171543255708,-0.533826504727753
2968,2019-02-15,0.0368156666235243,2278.318555905754,0.04092551833984133,79.42219371708836,-0.0882366411880938,186.2570232029232,0.44385041558527694,0.9770747073160857
2973,2019-02-20,0.014513145276918498,-2.5258734958816547,0.013906764100247564,23.022121233383583,-0.12264272315275754,52.58494682533186,0.1363493724428051,-1.5147531005031418
2975,2019-02-22,0.01750451746011546,324.5208525000526,0.017815986048751623,31.008877645138174,-0.10998300014342564,70.15410108469374,0.1808357412532388,-1.1491180686404028
2978,2019-02-25,0.02510527375851067,573.5952585438029,0.02644296512497003,47.31004005416296,-0.186637777018962,108.06135807756097,0.2701870271473931,-1.5579569957821853
2981,2019-02-28,0.023387614521891,635.9253375177624,0.024351658980647943,43.88982820612854,-0.15077779312313372,101.56778582959724,0.25074053020215714,-1.1571155308822052
2985,2019-03-04,0.020070709368809274,666.195115011741,0.020623015372287872,37.42199477441229,-0.09670112535667189,86.57135436253887,0.21464141131852824,-0.6409568876919465
2987,2019-03-06,0.021582391496906116,560.5150422439192,0.022285155709490034,39.940935905402974,-0.13583397507848688,91.99787906537689,0.22904651802595044,-1.0999982831320916
2989,2019-03-08,0.021998884996976966,411.5891457203296,0.02272724884657113,40.1282887076159,-0.16559283572728276,91.83718118580782,0.23067238412443447,-1.5217420939533348
2993,2019-03-12,0.01532813522922222,-255.6894296841238,0.014914456976882496,23.71508229808783,-0.17264452081112502,51.97520315391774,0.1416562734258221,-2.2563157334071304
2996,2019-03-15,0.00972879118699006,-496.8274597073535,0.008598152846058502,11.648296515237103,-0.1304173226387036,24.228968701367204,0.07516646605147259,-2.1113544348909676
3007,2019-03-26,0.013055598566956582,16.708832840101167,0.012640340017109189,20.720201361495537,-0.09527191672741732,46.33078882868748,0.12431697215880899,-1.3065763689685808
3008,2019-03-27,0.013157570053117197,29.19023274857804,0.012751089955462858,20.95394700063482,-0.0942221883237402,47.18988560937593,0.1256331943611175,-1.2875453307490698
3010,2019-03-29,0.014282922719832563,109.47858508519323,0.01404532871389173,23.53235332196934,-0.09707444151362317,53.389625122206866,0.13982506079107007,-1.2391326924032808
3013,2019-04-01,0.020024869164419343,536.8765740979441,0.02130838229792144,37.66054790753208,-0.10344635387471485,83.95973142134376,0.2191581244730099,-1.0070276193273018
3017,2019-04-05,0.012149727762762297,-331.7608330527553,0.011381988965506526,17.182904598676856,-0.13863050413863104,36.838141150691825,0.10555217385789585,-2.0281641947411826
3028,2019-04-16,0.024813847104799714,1022.8138960741876,0.027560482899708277,50.15751548366713,-0.08337797042519646,111.45166851680514,0.28963477042889796,-0.5032458499806158
3029,2019-04-17,0.014188375497326502,-94.63672852541195,0.014000564276047138,22.549023555639156,-0.12488189062987286,49.80402332466548,0.13567708050226188,-1.7329648020242183
3030,2019-04-18,0.02585940458662512,1195.6110971093094,0.02886761718815144,53.121686138528446,-0.07098963563461866,118.48292339273145,0.305656639794344,-0.22681442352029327
3031,2019-04-19,0.01785207230911794,372.77277212531953,0.018704409744184206,32.44218211749266,-0.09753838586986656,72.41134736581664,0.19054268377635078,-1.1082330091103694
3036,2019-04-24,0.015917011406641177,-262.682395951829,0.016206266796930335,25.558384409031273,-0.17021720065205428,54.35253210451201,0.1543456966161621,-2.393819400999788
3041,2019-04-29,0.028743738504535734,1143.3218836670003,0.032438987713729946,59.012373334034685,-0.11590800733916501,130.4243072244193,0.339870186234325,-0.7626059710915762
3044,2019-05-02,0.010782274808896142,-626.825371392755,0.00965092305392258,12.973356215990933,-0.16480144375173666,26.978500783141374,0.08312445401206306,-2.5565913926222317
3049,2019-05-07,0.018790020939723057,401.5103294199716,0.01986339341971009,34.54557920027281,-0.10523461975112784,76.77030003987804,0.2024783120344091,-1.1695966529692563
3051,2019-05-09,0.012651606354024065,-158.7947526044334,0.012015110204053525,18.941284756913756,-0.11682757228852814,42.39858042063093,0.11494290363597728,-1.6693385703599906
3055,2019-05-13,0.013948506391763139,-12.338137931656291,0.013707768130287718,22.40508719062835,-0.10995864689735653,49.98312408750364,0.1342938764455819,-1.4978468407439323
3056,2019-05-14,0.02204347931919263,551.96910530443,0.024022072955357732,42.194328688216935,-0.12092005102710773,92.64728552915055,0.24619322450605333,-1.2652362227135214
3059,2019-05-17,0.01621987507084347,79.9281619097107,0.01657139001115621,27.631855275749565,-0.1229207401360491,61.12058751625463,0.1641830550515373,-1.5919946550689188
3066,2019-05-24,0.01115321883310216,-651.0476769149271,0.010104289741877623,13.720032070933058,-0.17644060342632198,26.958279553665985,0.08714259990194684,-2.674973851229581
3072,2019-05-30,0.013414905415713156,-196.9711807022649,0.012866466948534267,20.313393429906764,-0.13509982016727912,44.41761502719477,0.12261308083413837,-1.8670596169479163
3073,2019-05-31,0.013792880206369498,-36.34572269213331,0.01336307059168257,21.79006613270367,-0.1138529524528808,49.07272680127175,0.1304368469101362,-1.5235715115607402
3076,2019-06-03,0.014167191021336444,21.49741054658847,0.01379451211188575,22.796006138133265,-0.11083879125357173,51.38652232303139,0.13573350459052508,-1.4323750987173305
3077,2019-06-04,0.020412762283931477,578.768661831378,0.02085325655742869,37.49297759763012,-0.1148186974620588,87.81441799633227,0.21528569647396284,-0.8850227117153886
3078,2019-06-05,0.014351564803346047,38.754136476779536,0.014159335807660144,23.40445314283878,-0.10764629971459912,52.6755895538504,0.13966415094344037,-1.424207778719841
3079,2019-06-06,0.015120858561913636,-155.5537815460548,0.01511147415946951,24.32276233207859,-0.15150598340550853,50.97871217582197,0.14549291571775305,-2.021829026608605
3083,2019-06-10,0.014305183839656945,85.22018460331921,0.014117206513889365,23.531651383725322,-0.10035643593692459,53.047660366301244,0.14009809463154238,-1.3054215520390995
3087,2019-06-14,0.014596874937792706,-159.08365709520302,0.014528376960410315,23.16221818266904,-0.13912644363881266,50.480957669568454,0.13970387712426757,-1.9504032705265557
3090,2019-06-17,0.015710114953592907,333.71260147748575,0.01588009435430181,27.56622734381477,-0.08004605570503136,62.964224030450055,0.16199007916827204,-0.8920183332921171
3091,2019-06-18,0.01731911907273025,402.9282382591791,0.01791603922757049,31.304276246455714,-0.08900106309492699,70.80434352527936,0.1833069457267256,-0.950724478816826
3092,2019-06-19,0.01805767474325282,449.96868119731175,0.01885984094847266,33.07807967881939,-0.08989150456003057,74.9191679908846,0.19346374146684686,-0.9390690477965946
3097,2019-06-24,0.022282497577366073,1170.0906984508501,0.02428687644257698,45.27292340010871,-0.03207112415985511,103.6053611740886,0.26005986403136017,0.22536435923669723
3098,2019-06-25,0.024708347001507643,1290.5941236862725,0.026955953513718395,50.564246944396174,-0.05247388494112126,116.53454457603182,0.28847945385216694,0.2007221290271203
3099,2019-06-26,0.017810847547768006,214.61778773200348,0.018576900362973953,31.68342087007513,-0.12580870444418135,68.59428688154237,0.18638766718776575,-1.494500037495395
3100,2019-06-27,0.01945796758553102,690.8814794051067,0.02065786709705746,37.152742596789054,-0.07149429163733476,84.09810539438686,0.21556873228318785,-0.5498874113631194
3101,2019-06-28,0.020251877079560224,805.6217733635001,0.021667622378781063,39.33783668511948,-0.0635243046748272,89.32542820117139,0.2276076690689945,-0.38025912728140143
3104,2019-07-01,0.019926278216692458,723.4995716999979,0.02121307404076653,38.26031582740915,-0.07334995170616639,86.5262299247184,0.22162563376168581,-0.5345628381765087
3105,2019-07-02,0.018278051149244606,406.51396549333515,0.01916527986032318,33.42075747860341,-0.09961850398160145,74.72187200404461,0.19568381464403167,-1.081593387310251
3106,2019-07-03,0.027446595274816268,1234.59277741849,0.030089330692334916,55.89645550167511,-0.10347278791554629,128.13577054893884,0.31826580667037163,-0.3109712319659583
3108,2019-07-05,0.0192827080692529,648.0717076475225,0.02043618888462619,36.59640265692466,-0.07577359216576096,82.6902971418718,0.21260493012587994,-0.6303086497187055
3112,2019-07-09,0.01656215572456902,-30.867241275248546,0.016975179325206816,27.87218518723034,-0.14450936727844824,60.73207640580837,0.16613626064975076,-1.9123115549737464
3114,2019-07-11,0.016983560607717937,84.7027701605576,0.01752783936126501,29.300537822537553,-0.1326421114676113,64.03044110957332,0.17368887801195373,-1.6906373007538564
3115,2019-07-12,0.017619830311323387,153.3646524231046,0.01829592083459718,30.918198660537293,-0.13101977424576738,67.76864926490319,0.18249976488666647,-1.6102965469680333
3119,2019-07-16,0.02020009052083426,989.1104349899372,0.02165107307548648,40.05293859950712,-0.03437268567017496,91.97378729350177,0.23079683470954274,0.07592113321585112
3120,2019-07-17,0.021181099949254562,926.6905590495892,0.02280740944622955,41.80909528696305,-0.05773395404590599,95.08027918424861,0.24103513596464884,-0.21302165751312188
3125,2019-07-22,0.022037582730832225,1029.2202049673015,0.023919441471446184,44.10216318965588,-0.051880050364635596,100.33473684532554,0.2538629278652494,-0.08390510713780594
3127,2019-07-24,0.0186742243876976,246.54139112117824,0.01968368658872856,33.61185911482471,-0.12790676935095474,73.84435024451064,0.19787814391303832,-1.5329488658660606
3129,2019-07-26,0.01947981606020187,415.5943191854275,0.02072322390334392,36.1324196741387,-0.11456457757980346,78.89523487156814,0.2111994083364566,-1.2384740875865856
3132,2019-07-29,0.020740316957548004,1015.5845475208868,0.022320623639745202,41.31699357229417,-0.037662378542952846,94.4989062349893,0.23787192173268007,0.06405986175083052
3133,2019-07-30,0.021102819789863714,752.8927105288092,0.02271867196573891,40.9217953968674,-0.08269289332056796,91.97122356959572,0.23699539042833762,-0.6307319218649914
3134,2019-07-31,0.01923526078910825,429.7239448964811,0.020411107020314585,35.60672876413097,-0.1069322013653382,79.0349138798831,0.2083849021940508,-1.1630416019182879
3135,2019-08-01,0.019754251550164623,498.1042488529822,0.021050202919419992,36.99920634744773,-0.10381600150671191,82.16261226249702,0.2159230217916685,-1.0685265099312187
3136,2019-08-02,0.018379321330166006,205.83453373534104,0.01932909046612868,32.837894919848715,-0.13048783106052975,71.76232028699236,0.19364594518794903,-1.5932917104266546
3139,2019-08-05,0.021999394853538443,1115.4611589255412,0.02392666228755361,44.464176262019194,-0.03824851003845031,101.07716771760984,0.2555140522803898,0.12838356172300439
3140,2019-08-06,0.019238140717093052,417.9205815709396,0.020454154781896824,35.675975069528995,-0.11106854798487546,77.64353762902908,0.2085968933470804,-1.2018247445388892
3142,2019-08-08,0.01854002855596501,234.9547351415731,0.019512279196613507,33.280046078016184,-0.12834301739416973,72.99929040843817,0.19597791670550144,-1.5428648274987768
3143,2019-08-09,0.017938932645397344,61.615649192461916,0.018753766296992134,31.261809126894924,-0.1469399932422339,67.75162567084561,0.1853475847276388,-1.884070585582105
3146,2019-08-12,0.02229150552584347,1348.9530018805574,0.024285687624764022,46.05277638571411,-0.006560915485473218,106.21693879751528,0.2633045518030913,0.6634771640525475
3148,2019-08-14,0.02175043520692322,1073.4417188598616,0.023611255898668183,43.73244251746294,-0.04061816549052891,99.69830093395402,0.25164233344653414,0.06239301189172301
3149,2019-08-15,0.019455065364229533,612.754823642289,0.020761637076219135,36.93959155142024,-0.08118873608565182,82.51477861055304,0.21518502196510392,-0.7494288421498341
3153,2019-08-19,0.03011945002061163,2107.001045849547,0.03373074727181626,65.57405547601498,0.000778626715376568,152.34226077829086,0.37007907831614506,1.440450876816323
3154,2019-08-20,0.02122699076445136,1115.53518734992,0.02291713260300296,42.751794098595894,-0.028578013455348703,98.29157785902035,0.24556659598657904,0.24292294034513862
3155,2019-08-21,0.05236535360423154,3968.0972416813825,0.06020555999413231,119.98897128426692,-0.05564283114121568,281.79483430444964,0.6644723337078494,2.901915008112075
3156,2019-08-22,0.04416017819230839,2764.591119324754,0.05011475281523886,97.42549104895612,-0.12086171966115775,226.92290580144552,0.543198798064968,1.1073491528269594
3157,2019-08-23,0.01797106752482516,355.09560111870195,0.018711663792497238,32.470996091437705,-0.1047744643807833,72.76769039838808,0.19026756407317633,-1.1598506549696541
3160,2019-08-26,0.021518404702816525,1246.9039269867199,0.023282142413637703,43.91482546032546,-0.011989132443864639,101.78865719362786,0.2515561802121304,0.5262465048416134
3161,2019-08-27,0.019379785011905244,990.5496948405756,0.020538311064229712,38.207818746628824,-0.02527474709188894,88.85825422665563,0.21984959922640634,0.20237409152894514
3162,2019-08-28,0.018307218556139728,963.7864381289642,0.019186121815078772,35.81786799523675,-0.01696390447323147,83.72884935543978,0.2060419401951892,0.28750572850998163
3163,2019-08-29,0.016948954732384083,506.32887210723777,0.017392165869322896,30.88319095248306,-0.07004601918110091,70.93192311091909,0.18002159387803454,-0.6394479828823443
3164,2019-08-30,0.01534977091616236,247.50600143052515,0.015444730176744246,26.46140727078957,-0.08856453722408661,59.967865173352806,0.15613349010214786,-1.0550846615240586
3168,2019-09-03,0.017463998769976466,867.4715840534686,0.01800602912314803,33.47285569591354,-0.023158776751556198,78.67289594882108,0.19264331841236612,0.17849581427158887
3170,2019-09-05,0.019662391455155432,774.8823571121343,0.020934955243071495,37.967653192653934,-0.061117823721407186,86.21865153452893,0.219832030326006,-0.3735968202571226
3171,2019-09-06,0.0239838674176993,1109.9148517211902,0.026470691948345025,48.70337612764011,-0.061158366744019144,109.5656610671653,0.28048024576873526,-0.16781764030169632
3174,2019-09-09,0.02299733044225952,1197.996862175897,0.02520096930949465,46.93148415909858,-0.03625143116958823,107.02093755569871,0.26957452869634824,0.1917023595707569
3175,2019-09-10,0.018705638596545043,499.2181015265456,0.01964200327390774,34.68605788400658,-0.09348666058514662,77.61210570940794,0.20205696778225465,-0.9127728017771468
3176,2019-09-11,0.01786175760271175,384.80156098483144,0.018654484989695706,32.44756967039538,-0.09720952972728066,72.72532660161707,0.1902595199377132,-1.0761004581497464
3177,2019-09-12,0.017743068931739027,324.00599114143006,0.01852689479381864,31.968882454364685,-0.10474874559231222,71.10614178233025,0.18789817762434274,-1.2110880211390516
3178,2019-09-13,0.01862795052972434,558.8164268907315,0.019644684326720882,34.8604305298392,-0.08062488757609663,78.42942286155251,0.20318759714997092,-0.75950690055906
3181,2019-09-16,0.02175895903944659,1340.7732632332113,0.02360446000066728,44.85367115905751,-0.0008250784325703614,104.13471965638905,0.2564444962219072,0.7212025969845478
3182,2019-09-17,0.020295634217051307,861.5639776838227,0.021740509416750875,39.69507033071038,-0.05569682017051637,90.22852542292048,0.22934765124919862,-0.25068384374393166
3183,2019-09-18,0.02060000935298296,920.5224714842169,0.02214750990629463,40.61244668637321,-0.04975978828562651,92.5087298548398,0.2344353920939899,-0.14959318708352828
3185,2019-09-20,0.018928165112176272,517.9457874797231,0.02003262166706902,35.32581468920562,-0.08954991461750197,79.23171214506988,0.20626631507558515,-0.9021007498610353
3188,2019-09-23,0.021876120511045944,1239.9257838815051,0.023760223169493278,44.71744707133082,-0.018521832582593767,102.51810835202896,0.2561407705600282,0.4527852740697724
3189,2019-09-24,0.020115712502707415,745.3273379853977,0.021517385557715044,38.83440838522296,-0.07129175227902182,87.45570464499382,0.2250317014535354,-0.5125659901222388
3190,2019-09-25,0.020713247755045898,631.6845702647615,0.022026502710116885,39.35112257634558,-0.0999020008723464,88.94659984459017,0.22793496212739067,-0.8599630693172414
3191,2019-09-26,0.018381473718570983,324.8417395137764,0.01930291898847477,33.31468823804205,-0.11337337381474383,73.69813790862014,0.19555193820534325,-1.2988045794750558
3192,2019-09-27,0.017664514317928218,236.40409479799496,0.01841086279746082,31.428080078697526,-0.11793778452391782,69.16795523620767,0.18515515659342005,-1.4159979432646386
3195,2019-09-30,0.020890195652694,1220.5048888344409,0.02255989700310924,42.55413812172031,-0.007666522662933925,98.37690631685024,0.24397185326156942,0.5443656921365669
3196,2019-10-01,0.02574182782477365,1467.9684991563984,0.02824265665793493,53.51897825471621,-0.039484483718128294,123.56600563625365,0.3043824658523909,0.49022551882801246
3197,2019-10-02,0.02054859159924485,969.7818710527021,0.022015440634485364,40.643167189911914,-0.04342364926438401,93.09632110098411,0.23402048640722217,-0.017184602172570618
3198,2019-10-03,0.019763620755534655,695.7504686144698,0.021090270841099972,37.890656050438224,-0.07407961525800395,85.16283760654177,0.2199239818271523,-0.5856544491159483
3199,2019-10-04,0.018868367104113118,431.4284069301446,0.019920316840137307,34.79055775717479,-0.10243076758655212,77.72065491478119,0.2035772970407409,-1.1040248763834297
3203,2019-10-08,0.02090679438400303,883.2540132794495,0.022480309277286194,41.055592837991675,-0.060324768275844126,93.26693428051368,0.2370250014908943,-0.2817909172834411
3204,2019-10-09,0.021014623653253923,988.1886017989038,0.022653616220899925,41.76383960617383,-0.044907878905662335,95.39052038785584,0.24065099909132906,-0.04062022980189242
3205,2019-10-10,0.019347664875425132,575.331567367113,0.020545301253143546,36.454820926964764,-0.08674105102174375,81.80884098599294,0.21235887584162624,-0.8201350956730539
3206,2019-10-11,0.03956179879511309,2591.5761248092317,0.04628872547904929,88.4762922972055,-0.02613596925573311,197.82606998535425,0.502719172430763,1.2514162205970414
3210,2019-10-15,0.023549332389706558,1681.2232787923645,0.025875389433570928,50.13870639826022,0.028369151141838647,117.98645594067308,0.28501952973162026,1.3040606273934525
3211,2019-10-16,0.021126413058396444,1170.2147496062132,0.022804990030670488,42.791213272332676,-0.01922261112200606,99.88872875699349,0.24546053570220278,0.39092239330341594
3212,2019-10-17,0.019813702798922566,779.6341656336004,0.02110774428708354,38.28847506632917,-0.06247484388182516,88.27500819690854,0.2216177193702317,-0.38121678233452755
3213,2019-10-18,0.021666166777500377,968.1700365898464,0.023510546288299704,43.108776384050614,-0.05498872597946661,98.79504778749092,0.2487331113982826,-0.18409529356830664
3216,2019-10-21,0.023853876373773866,979.5287074671934,0.02625009329473753,47.81670591616709,-0.08039672798582179,108.32801662843843,0.2759214781495188,-0.4662499180624785
3217,2019-10-22,0.03431221070814854,2020.1737373382462,0.03955882340620775,74.70932611408713,-0.04961923585717737,168.702350506443,0.4259980154943832,0.6002419380729809
3218,2019-10-23,0.03770186858971155,2053.753837250573,0.04383268182816596,82.14680087911265,-0.08796339683315141,183.83690619849713,0.46870536551549424,0.19681481353312985
3219,2019-10-24,0.028637575740106547,796.3422744369199,0.03232636840789636,57.34082286051087,-0.16592607198936515,126.15167393086256,0.3324414425955325,-1.6020104568981304
3220,2019-10-25,0.029958804018645188,745.3026394160117,0.03388504465784162,59.903782947887265,-0.19498477633117509,131.3875877020997,0.3468427656809176,-1.9145571886463972
3223,2019-10-28,0.02087742152412946,692.1604321879707,0.02257956440735056,40.321153384363306,-0.08512682842140037,91.11812940475814,0.2345440130229386,-0.755132298871882
3224,2019-10-29,0.02847946469156171,1129.5593317251266,0.03225072005988696,58.50185708774165,-0.109730083303236,130.4376390761572,0.33779167594029913,-0.7634922521965082
3225,2019-10-30,0.023567236062649946,807.7017182516954,0.02597796819223924,46.56411202732559,-0.10024043912052003,104.21699151907602,0.2701254104939829,-0.853384650526886
3226,2019-10-31,0.02794590508010844,1188.1492197311006,0.03154242111276373,57.575523486514726,-0.09548326119284845,128.7800992860749,0.3318763097875592,-0.5417657104122359
3227,2019-11-01,0.026998775156464833,1061.2746521074068,0.030337031629338294,55.012413017068084,-0.103612205927502,122.6444540311887,0.31768864436777217,-0.7196655043969031
3230,2019-11-04,0.020067453378724513,716.6458145938798,0.02153947777771307,38.68912604258414,-0.07277269712436162,87.87194188989508,0.224741261797989,-0.5800338087562422
3231,2019-11-05,0.02250516135699729,860.2066866971692,0.024633531005455848,44.519289113607854,-0.08004987096271687,100.59074828714287,0.25783803129020705,-0.5735783947119812
3232,2019-11-06,0.032449797853401526,1629.3200064828675,0.03706374199246366,68.99012793334865,-0.09172586946170824,155.27685243348012,0.3942700818032935,-0.09381984501763124
3233,2019-11-07,0.03071788987578101,1349.66572544243,0.03512467091743195,64.2637840480865,-0.10253336382399333,142.49622600424493,0.37012057539197935,-0.542876265726896
3234,2019-11-08,0.02936416325458059,908.673135387136,0.033377973066634516,59.49094514172029,-0.1540352598574838,129.82227447714882,0.344870965324016,-1.4359338193737348
3238,2019-11-12,0.030420437278775265,2156.6497359993696,0.0344964937746475,66.83622843421762,0.013030716174780022,154.67938241482912,0.37859242601237614,1.4963124783172579
3240,2019-11-14,0.03750731181294439,3231.674602869567,0.04369650989397764,86.7632114392962,0.09542152273037709,199.5896177282979,0.48885124147439546,3.121780757084569
3241,2019-11-15,0.037099604851484135,3082.6706612761564,0.04316366658904499,85.24617989768409,0.07752347989069279,195.4257399652668,0.48088394438731025,2.8136722454478598
3244,2019-11-18,0.029118970061153913,2145.4132671907482,0.03304128891569072,64.16688039361799,0.03286609718699966,147.57763456700678,0.36408729017165736,1.644627542100486
3245,2019-11-19,0.03676119917278851,3730.6684589853207,0.04270657761490894,87.23201597981071,0.1775777614292636,204.31670180293474,0.4881849286419824,4.458722244750501
3246,2019-11-20,0.03750795174016683,3168.6762815076245,0.043742432494844524,86.52557548408072,0.08792371280410535,198.57834221253876,0.4881642584025236,2.965598388491253
3247,2019-11-21,0.042536925721864516,4337.863482366146,0.05006689677994834,102.21025346435785,0.200637688923642,237.9282567275444,0.5717639198178956,5.128798767291099
3248,2019-11-22,0.0013535089006388328,-274.44690656508544,-0.002394984216214548,-5.799042017508996,-0.003998150557291264,-6.4387803005034625,-0.029137056301188086,-0.3435933794840455
3251,2019-11-25,0.001404537793163287,-269.71505945794604,-0.0023302487844509097,-5.66070690994629,-0.004299705731916905,-6.178999626487037,-0.02841356572571227,-0.34000987639308444
3252,2019-11-26,0.049168497141965146,4710.250473936276,0.05851867827102575,118.05636105949574,0.17773664001993392,271.5676464001383,0.6618161389220865,5.096908796622289
3253,2019-11-27,0.0330646745643533,3080.9699860105216,0.037993238488719605,76.53804640621048,0.12384887189319801,178.70698024960788,0.4299090615843153,3.387421875121883
3255,2019-11-29,0.02225910153097253,2064.781102526301,0.02429570399937603,49.084498171298684,0.10083810635113237,117.71693744658468,0.27645561768581883,2.4255003321461217
3258,2019-12-02,0.028664317327213685,2895.835139317736,0.03240731884353385,66.32337501378666,0.14812902963922775,157.2320026740298,0.37150640539732427,3.5584137144195456
3259,2019-12-03,0.03214674661472318,3352.229106147834,0.03683889372202589,75.73373730097057,0.17517693548157526,179.1293023697708,0.42348206212730244,4.184833484199283
3261,2019-12-05,0.026482579069895724,2659.281311093393,0.029627475274087222,60.636047657203854,0.13833292145115322,144.44508349022757,0.33980864432003915,3.2875382833752744
3262,2019-12-06,0.028071058277457282,2897.609400297449,0.031666385034669044,65.08529600838936,0.1550669022024219,154.87321602936322,0.36424097196699,3.645454366692818
3265,2019-12-09,0.03858647929453723,4119.93506641304,0.044870858603570186,92.68111150926046,0.20840540023896842,218.6468904219807,0.5165712930960821,5.162096701317858
3266,2019-12-10,0.03769185111108016,3913.031686339353,0.043907088394644175,90.01547229624666,0.1943501121615148,210.73579877279028,0.5033382071348107,4.773922781026274
3267,2019-12-11,0.038569425275248086,3676.924992370602,0.04500676094359851,90.89318759824887,0.14799589030576948,211.01303784738545,0.5098659137027145,4.067889860847336
3268,2019-12-12,0.042401565844254537,4209.667752833071,0.04992199010097777,101.41307150900568,0.18340631644260813,235.06340658729854,0.5680044519403081,4.830128940868192
3269,2019-12-13,0.0381899123193475,3596.469794244081,0.04454661501848803,89.75109319143996,0.14145320743330086,208.12639824914774,0.5038709245308552,3.9235371134859562
3272,2019-12-16,0.015622819236826816,271.3755027577123,0.015913547464549385,27.29849102864774,-0.08650545081115311,62.20134245683298,0.16120661724703458,-1.0441864173188105
3273,2019-12-17,0.012930806005281188,-265.4823558444972,0.012613837298740388,19.40893953762524,-0.13344320617864192,41.89657607894034,0.11893533417153107,-1.9920953838571158
3274,2019-12-18,0.015257765892530754,153.09223229931487,0.015414092227092443,25.976656068668284,-0.1005925431112823,58.64459282664523,0.15412472317517922,-1.2811449344021286
3275,2019-12-19,0.015628537785171637,225.38833166122737,0.015923693978173992,27.127060179885767,-0.093717525684221,61.36309483855482,0.1604686314033622,-1.159130870460362
3276,2019-12-20,0.015486509524696022,162.81083517146988,0.015726280934412782,26.536860134099467,-0.10161820025428472,60.00681096496461,0.15738072357078697,-1.2914969628870365
3279,2019-12-23,0.01578908670037436,202.81294983168925,0.0160914521779416,27.33275723385453,-0.09955563026655623,61.486851271951046,0.1617039985978557,-1.2350510841266773
3280,2019-12-24,0.014533839142497425,-78.70835675171668,0.01452156048880085,23.48446830813127,-0.12658165064242616,51.631654214703666,0.1411117998690477,-1.7514592956897848
3282,2019-12-26,0.015340632871014951,96.47710456088606,0.01552409847876113,25.920110536680006,-0.10991703207090249,58.280666284517096,0.15417753291719621,-1.432516964304692
3283,2019-12-27,0.013767914372919918,-143.00172367377482,0.01352454202894789,21.542678045536793,-0.1275921532867816,47.785687270224855,0.13011408323401197,-1.7987127102840652
3286,2019-12-30,0.012234028857770389,-31.064739177669537,0.011571118070487005,18.726593279437157,-0.09316241371314651,43.10367991541093,0.11290876802685236,-1.3047371989427745
3287,2019-12-31,0.01651012361481557,363.4338945372369,0.01708295713722021,29.64507180783081,-0.08273417032518529,67.12331992402419,0.17441129045128,-0.9476067916236945
3289,2020-01-02,0.012154690579082547,-17.488874207622274,0.011488372362413686,18.630345096141536,-0.08968819683290069,42.77585217443052,0.11234420441157177,-1.2610133714130782
3290,2020-01-03,0.011921539616964762,-146.01712810415435,0.011139217633123841,17.511172994872123,-0.1063996707652165,39.90909981323831,0.10655430027525603,-1.5391391611367942
3293,2020-01-06,0.02619434564649342,2219.5879673971144,0.029328095714663223,58.213516898908075,0.07830969757853783,136.39666106530174,0.3288587904537601,2.243583840456056
3294,2020-01-07,0.02406259889378684,2521.0473408647395,0.026554780382472686,54.88541160979702,0.14526056589634276,132.52445677940162,0.3070182348716026,3.2903552759348087
3295,2020-01-08,0.03183891267694238,3445.417927086968,0.03643740776076197,75.47459489790636,0.1916668013657644,179.77496919713235,0.4212224392495567,4.457444866063413
3296,2020-01-09,0.030751844992800755,3069.957141644039,0.03511082281809116,71.57773728093255,0.1512501371538972,168.96530982172357,0.40132239764975103,3.68767046201642
3300,2020-01-13,0.02580843251671197,2645.9220497906604,0.0287836901595216,59.16624213312495,0.14370121658687368,141.4498771285339,0.33125387676386453,3.3483181054350384
3301,2020-01-14,0.026420173576256086,2771.731845886563,0.029539464513862558,60.97930785522122,0.15516524291416134,146.48614398072024,0.3409888759423854,3.5731443069195405
3302,2020-01-15,0.0261417056473815,2740.877234856495,0.02920471138936179,60.26983979681784,0.15434680442482107,144.78359392269115,0.3371321172233012,3.5358486907786806
3303,2020-01-16,0.025958304578258064,2714.5128533356624,0.028990785716172682,59.79690508880814,0.15246728313740698,143.41994139705983,0.33454681853505125,3.494796412311527
3304,2020-01-17,0.02507764981111823,2526.3007308150027,0.0278759819799734,57.09058519923101,0.13601953909511338,136.73227985925746,0.32013646291563636,3.1589931071439077
3308,2020-01-21,0.039878540625841695,4089.4884342138375,0.046717657850248645,95.47507383642228,0.19611313894413995,222.73248536053987,0.5342481434702767,4.895610644619252
3309,2020-01-22,0.026600890521119094,2290.271590520644,0.02980488563192823,59.33465351514305,0.08353635710395788,139.42626503415835,0.3348376326036335,2.362863554380307
3310,2020-01-23,0.027202184224058398,2407.1994724734204,0.03058714767188736,61.14636022090403,0.09392964653874478,143.64949552791464,0.3446775656883411,2.563073518010636
3311,2020-01-24,0.029434683950068995,3056.28204841234,0.03338296167169426,68.66911743245346,0.1620987717591849,163.0829477620308,0.3840403882077346,3.8422299981948056
3314,2020-01-27,0.02861226829296819,3104.1257279754172,0.03238445477768392,67.17253503318896,0.17922878457685837,160.7857063402006,0.37508262640513895,4.073217183572017
3315,2020-01-28,0.04377580350543065,4410.380659004109,0.051648978083385026,105.19811167184746,0.1963404233337067,244.08555678505198,0.588671848646892,5.1287866100851
3322,2020-02-04,0.03719150008094508,3564.7105363971364,0.0432892087606488,87.49439480551517,0.14839474821060655,203.235150182589,0.4909063271549711,3.9862277941526245
3323,2020-02-05,0.04158174600955601,4551.551372663259,0.04882650429288028,101.08708601860037,0.24091759185532477,237.57152268529885,0.5634312967570014,5.788394009808822
3324,2020-02-06,0.04125412171199463,4480.730349806738,0.048411797988616265,100.07763525724597,0.23464698750883484,235.0193242711697,0.5580559275478677,5.661399419062134
3325,2020-02-07,0.04077404454288583,4463.5077825618455,0.047817098401298205,99.01241346540596,0.23711738916862557,232.3929741564184,0.5518849010658573,5.684457148243759
3328,2020-02-10,0.03337132547553394,3593.652792592565,0.03845017499382006,79.4633689114972,0.19692632801933263,187.95723596580544,0.44376334873169015,4.599072543965998
3329,2020-02-11,0.03833546577516434,4171.112795145603,0.04473290772486446,92.53306433242874,0.2237718763968939,217.87287654193003,0.5161764099082528,5.313965801488372
3330,2020-02-12,0.03568280585014646,3842.10747665719,0.04135572715889952,85.4492142196065,0.20559837525100405,201.44076066694117,0.4769091877868042,4.882148646800024
3331,2020-02-13,0.03437999500729633,3683.073717413783,0.03967695738559173,81.95980344622365,0.19660114059476747,193.51669898389628,0.45746858546822283,4.677628745232116
3332,2020-02-14,0.03450966826749277,3636.3975314219274,0.03988639838912783,82.077167105172,0.18957380967598386,192.9090266727375,0.4586893587125878,4.542191644968021
3336,2020-02-18,0.03365992680643666,3250.3326758677604,0.038804873226045644,78.59250230363229,0.14318665848352496,183.50060193025666,0.4410004099809456,3.7156131092034057
3337,2020-02-19,0.034892761227985465,3774.2725006007013,0.040367635563903055,83.48492334483606,0.2051095533338223,197.16692244469,0.4659414779832533,4.826827505712073
3338,2020-02-20,0.03482852852536152,3771.598357463713,0.04028545477684003,83.33653432833714,0.20539663357874027,196.88548611355063,0.4650829837607567,4.8293399524128375
3339,2020-02-21,0.033323165440393224,3405.5332511729957,0.03836301930729028,78.50708258743455,0.17020793016313165,184.64486464527045,0.43947362039465776,4.146976997255883
3342,2020-02-24,0.03714981168904923,3929.7732112763315,0.04323037652763854,88.96052732271843,0.20240874105245205,208.6921757006558,0.4969774915574757,4.889534126679405
3343,2020-02-25,0.05094433395443398,5444.976894147496,0.060805322405029914,124.9991875801682,0.2673271926727559,289.85437717398844,0.6977374265723683,6.650559431392863
3344,2020-02-26,0.030847834636592412,2755.06522734192,0.035214935859642305,70.44562642688307,0.10218738930768125,164.24305313373992,0.3966060499058202,2.898768505463803
3345,2020-02-27,0.034463412028557,3659.851570057286,0.03980608065334554,82.04610295711583,0.1935138635167997,193.57864964485853,0.4583223222128735,4.608842552948986
3346,2020-02-28,0.0351261410415763,3765.977703590147,0.04062760704532761,83.91087968539324,0.20035685180932078,197.98261630341895,0.46834526959727046,4.775444865615029
3350,2020-03-03,0.03747532771229081,4129.037464147596,0.04353000573876993,90.44371611583361,0.2229599606201093,213.70518849970557,0.5035381497038336,5.335467243549614
3351,2020-03-04,0.03552705055735508,3794.144432973178,0.041014950004488064,84.78184474081318,0.19620066625839244,200.2876692071547,0.4726527337904155,4.793400529509443
3352,2020-03-05,0.03624718408108792,3948.6879663213267,0.04192686375108456,86.98842810630926,0.21017843008132792,205.9430993483169,0.48445166908286497,5.070471024573594
3357,2020-03-10,0.035826511110759,3926.4173557490594,0.041493147828038736,86.09127394834806,0.21435955727670936,203.58428374566927,0.47979050832754633,5.069918166078202
3358,2020-03-11,0.03315752292844132,3637.8771094601507,0.03805155528475182,79.0948938729901,0.2015628843356973,188.0627471393566,0.4406188909743754,4.743125119058205
3359,2020-03-12,0.03070737426741144,3143.277670855377,0.03492701601442879,71.67091772013767,0.15931548863838998,170.04590413789091,0.40082553760758444,3.8812250384646636
3360,2020-03-13,0.030764451030334757,3286.508898183693,0.034988783600032394,72.43193394541501,0.17778152681062487,172.42371806934733,0.4040401677656658,4.222412391671461
3363,2020-03-16,0.03310654841175139,3499.4936801284293,0.03797607329907833,78.35796819096153,0.18268086198736946,185.50660797704725,0.43735318105198234,4.413008821563794
3364,2020-03-17,0.026973643319648435,2763.0518136697806,0.030188159741782284,62.07755254048122,0.14590160369865976,148.04232538345613,0.3472117252236361,3.4753944680528863
3365,2020-03-18,0.02633289011622245,2593.871746504201,0.029337613927006897,59.93008655455351,0.12827174560826218,142.80830495785753,0.3357443243848258,3.1542371529258064
3367,2020-03-20,0.025351782658911904,2501.647397251216,0.028065907826117807,57.39815604749293,0.12601192151450807,137.41853379922057,0.3215317744541151,3.069655355465604
3371,2020-03-24,0.02486806439537601,2472.5172338487023,0.027590808032346325,56.40685204105503,0.12945457008053748,134.55016203484195,0.3163430530712598,3.0562188979752403
3373,2020-03-26,0.021499139958614504,2174.524160533034,0.023273456282725223,47.892594551239654,0.12338543910947702,116.13692819325506,0.26837351168301044,2.8044143570312112
3377,2020-03-30,0.021013053307973283,2096.1604995586067,0.022596102941444804,46.42382439726153,0.11752690903395935,113.10593872831829,0.26026396821093295,2.687346707883116
3381,2020-04-03,0.02197656206760089,2232.4104682047796,0.02382158874738708,49.0676546843121,0.12654436235216276,119.50286503142377,0.27482001375673215,2.885478396297611
3384,2020-04-06,0.024547548519906044,2647.8597880920847,0.027166916758894568,56.476591651674624,0.15752131138604192,136.69849774237383,0.31535802207668123,3.532072867736413
3385,2020-04-07,0.0201836780424241,2101.608760628522,0.021631978047530885,44.80383895114762,0.12823756527856472,109.98748722446543,0.2508784073738028,2.8100627391401063
3386,2020-04-08,0.015781550274121477,1607.6543394720109,0.015925132653971493,33.112645151985035,0.10571055291457196,83.99079952447606,0.18563868403663547,2.23218652192422
3387,2020-04-09,0.017458306179989756,1789.2165711274108,0.018020220997518946,37.432146071713866,0.11259503704065944,93.7118121879571,0.20958143990091302,2.44283579912941
3388,2020-04-10,0.016601972056562494,1636.1804071115714,0.017073927239895464,35.138345459224105,0.10116741918040642,87.51714834403813,0.1974922756062317,2.1758825922782408
3395,2020-04-17,0.008751195475873913,1369.2721330011161,0.007024775357101724,17.267672021759545,0.14430463933791202,51.326146996606816,0.09360803311394705,2.6276934121528956
3400,2020-04-22,0.013456903467258006,1918.448269147919,0.013219012647419212,30.026302964247268,0.17034740483987185,79.83097331359082,0.1646692362096583,3.285674273906345
3402,2020-04-24,0.016527010702315614,2245.496164918632,0.01713227161767355,37.97761816976676,0.18459036003606993,97.65099746499105,0.20918414245923084,3.6548602495522293
3405,2020-04-27,0.01642597081221442,2246.5076526260864,0.01698519894918564,37.736524073701645,0.18591931337342094,97.34685989772412,0.20775096467517015,3.673729463684137
3406,2020-04-28,0.02000773432954845,2565.0931925574514,0.021500392609517853,46.69299581246994,0.192061653910726,116.50362101587753,0.258033622036607,3.9522027166774425
3407,2020-04-29,0.022074067300741556,2861.504657251424,0.024128749504270727,52.36867406348331,0.2125848292326899,130.16648814089007,0.2893296413280316,4.388463305529932
3408,2020-04-30,0.022138959483996214,2790.694959322603,0.024199800885519866,52.15383080885128,0.20291974981064959,129.43743776872608,0.2887393917973922,4.209369595249358
3409,2020-05-01,0.020418557825243728,2405.2031343760586,0.022004824304187137,46.765031216696606,0.16813202328460286,116.0563429706782,0.2600920081367144,3.5112818550535088
3413,2020-05-05,0.022412450155717262,2921.336047132822,0.02455832091989103,53.34711804743028,0.21751490885392594,132.62908728194262,0.29465183409283097,4.487592398039638
3415,2020-05-07,0.0196651527056535,2668.373815627309,0.02115980318515003,46.553198773875344,0.2109762497124052,117.37314351544222,0.2565737286194108,4.244805653680541
3416,2020-05-08,0.020078384116726872,2660.210125532756,0.02169002666899676,47.40757155770746,0.20513595064481097,118.57014936068921,0.26164942024085724,4.165511173458188
3422,2020-05-14,0.023047292930325265,3032.3108178970183,0.024897353354714557,54.52275652385498,0.22352504234087694,137.1545497976587,0.29994266787486135,4.712991079006431
3426,2020-05-18,0.020655281572179135,2711.2519709096923,0.022129902737052357,48.42665353066772,0.20508247292702486,121.83832166121906,0.2668693506776311,4.23771433035341
3427,2020-05-19,0.01821873838047006,2435.1209782046103,0.01940581710665365,42.59791517343954,0.1930455971976801,107.28915053708478,0.2350556794355532,3.8675562333608697
3428,2020-05-20,0.019425287764297045,2645.2549627950225,0.020836491510518404,45.92010130776866,0.21000002638334223,115.98925265075593,0.25296423080193037,4.223321424112144
3429,2020-05-21,0.019745515514837577,2576.2834695597408,0.021032821138063526,45.97135501685817,0.1967560971905794,116.10356210675086,0.2536116776867145,4.03126160225249
3430,2020-05-22,0.021158124731013056,2648.4210322678864,0.022388156051578973,48.64083454748075,0.1902226021091686,122.97492505288707,0.26821356127434043,4.051765671106899
3437,2020-05-29,0.02435769448900889,3046.478370233482,0.026597569225595124,57.45469200300144,0.2098947193079876,142.27088234732088,0.31695523354481375,4.5564897839994725
3442,2020-06-03,0.0240054488424374,3091.251946181416,0.026097571977181606,56.824010292842495,0.2199745685726192,141.63083789987547,0.3128369941228211,4.720986992249742
3447,2020-06-08,0.02177299533054541,2635.074755942155,0.023666554055815272,50.61404651093132,0.1836161551366282,125.01165870215166,0.2806397420086285,3.8845210416491422
3449,2020-06-10,0.02235231576657755,2889.717871061407,0.02423182063758578,52.74201975849239,0.21150186145883787,131.69963181186029,0.2908204685203012,4.4403330445216165
3450,2020-06-11,0.026733072961806464,3229.6705693513923,0.02988426163280408,63.66397600228842,0.2126561465358376,154.98690778861692,0.3527152935677628,4.647489202444526
3451,2020-06-12,,,,,,,,
3455,2020-06-16,0.026170968766454715,3266.6332151947,0.02925872373276749,62.746956195693315,0.2250104778083221,153.37710132255896,0.3472395659365377,4.809903118950119
3456,2020-06-17,0.026836787164339848,3363.3491540774553,0.030066239445333882,64.5491060550238,0.2304901369736489,157.56659476338902,0.3569504591257908,4.954866207590458
3457,2020-06-18,0.02363739880636778,2830.129292969587,0.026277902915627004,55.725990553274855,0.19466720630635104,135.6458694929892,0.309959555997692,4.081155615142912
3458,2020-06-19,0.029042147501525246,3760.0884756934242,0.03248158869554707,70.48443414465622,0.25803914828763547,173.5769143393387,0.38791269843355697,5.646685186494394
3461,2020-06-22,0.02281234843393175,2559.5637279247517,0.02498592278153466,52.47742797500296,0.1621199332813287,127.7042762785455,0.2922633963997694,3.5542372400971938
3462,2020-06-23,0.022019147501152997,2762.204447135548,0.023894595635676693,51.59421821028863,0.19762662311322537,128.0668162351992,0.28518843091569246,4.167221100210805
3463,2020-06-24,0.021216517342025235,2672.4351673972087,0.022871274745040818,49.512147245060966,0.19258574336903525,122.90570761820844,0.27346952880761144,4.058658706990781
3464,2020-06-25,0.02538748980662859,3133.421438115799,0.028183996648058457,60.449540057279336,0.211261861824318,147.00665600145845,0.33420926527615363,4.595325368436997
3465,2020-06-26,0.026975212635347617,3511.332433172314,0.03027183898189289,65.52156829943108,0.25076564071844015,160.99001930024917,0.3616768838074229,5.296292473879105
3468,2020-06-29,0.02440425945159892,3141.591440630841,0.027021751398528696,58.45400533732636,0.22657494730991037,144.33574471730128,0.3229239000358122,4.752155292722174
3469,2020-06-30,0.0214630545966034,2770.9838894782606,0.02331473796057408,50.63439369941124,0.2054977042620197,125.99417333707228,0.27965444771321846,4.255024763099739
3470,2020-07-01,0.019892247353845753,2545.444486047428,0.021354118966664937,46.35232352115313,0.1909673938824486,115.91255179697653,0.25623514935605873,3.9212853314143716
3471,2020-07-02,0.0191693249953848,2323.716702817441,0.02036999593872784,43.733410888337886,0.1677196920657622,109.23586773283357,0.2424913076841077,3.4877811334615423
3475,2020-07-06,0.019477948066725596,2455.7787894621138,0.0207171118414304,44.92862408184672,0.18178569941677925,112.49303914077538,0.2483087685986803,3.769622907660233
3476,2020-07-07,0.020074409471405548,2597.8034674463283,0.02143260975625761,46.76162154201879,0.1951100807015812,117.37733275731624,0.257938587108491,4.0370834439386405
3477,2020-07-08,0.020582853837481076,2658.3919993057402,0.022080463661939914,48.09963915154166,0.19868094527427135,120.6443974925878,0.26542590416602396,4.114679541851317
3478,2020-07-09,0.02188201505184968,2874.4940249297924,0.023880559032302576,52.03908579167223,0.21526090364641115,129.3046944573518,0.2871189895027316,4.445151231297951
3479,2020-07-10,0.02616935693329022,3370.05099753005,0.029150455558450927,63.08023285606303,0.23758873097000127,155.0269774758784,0.34803897015315816,5.070215561487393
3482,2020-07-13,0.028134522078478368,3580.389905795393,0.03157239300821071,68.09721659521921,0.2445382141903436,166.39418827741645,0.37571940234283685,5.313093680077221
3483,2020-07-14,0.027953340465538646,3464.6428254493267,0.031286038094780214,67.10857682197341,0.23047068474557236,164.07366663384403,0.3707821001497504,5.062036184599308
3484,2020-07-15,0.029067154371068105,3820.0312381801255,0.03275208868164833,71.08380525495716,0.27015731582337166,175.1482760184224,0.39170853444744735,5.772883679804743
3485,2020-07-16,0.028500650385293258,3662.842885849928,0.03205697017392998,69.24952146965904,0.2530504920454738,169.54528758857478,0.3819992151797873,5.463058485453556
3486,2020-07-17,0.02927292501335259,3814.9197760366465,0.03299476836622105,71.49049203510769,0.26625140575956197,175.61401098561495,0.39400258017389556,5.731349561346065
3489,2020-07-20,0.02861600079514327,3659.647498048732,0.03218427117335212,69.45854649235268,0.2509933389362121,169.92426686078778,0.38319203632184035,5.44029267307089
3490,2020-07-21,0.028446803114642552,3597.4023308065425,0.031865115251123066,68.69369403699835,0.2426896411545602,168.1835103823723,0.3788972634514583,5.320025014103197
3492,2020-07-23,0.023260200460704594,2517.6689572396167,0.025115603729833832,52.6342346634325,0.14820181960506024,129.65581529805988,0.2927109464027569,3.4287135738479804
3493,2020-07-24,0.023908457152276123,2953.9008109941287,0.026074045681894364,56.125819575342746,0.20348874846064713,139.4148945775456,0.3101199378346035,4.392083287898892
3497,2020-07-28,0.028712857177631633,3736.128184610163,0.0322182353647143,69.87658528143571,0.26014895890032286,171.87482863506904,0.38490621235563305,5.622054293993399
3498,2020-07-29,0.15875749166541414,19605.639290323506,0.19050170228738714,413.27148949329114,0.7308403207477725,1005.3525641572838,2.232023977722793,26.190539755362938
3499,2020-07-30,0.0631160469873026,8011.074301913969,0.07346045418923469,159.41051296662081,0.42572409703707526,390.0588660791659,0.8686752991421486,11.37289182752661
3500,2020-07-31,0.028201799274540224,3635.4815868867304,0.03157026218612685,68.35334544698443,0.25131571780965356,167.96448678286984,0.3766889417730846,5.447208775727039
3504,2020-08-04,0.03128783562698635,3791.1774988929988,0.03503470266551954,75.0171047305978,0.23401936540411877,183.857411676495,0.4135851292874385,5.430275817660288
3507,2020-08-07,0.029527204385099093,3727.4491211011937,0.03321900399731363,71.53114055868247,0.2493932043187403,175.0114562708428,0.3946023011211189,5.488316116256093
3511,2020-08-11,0.03084546871902196,3944.7616046740595,0.0348254858120127,75.21198309314273,0.2644695158274261,184.05838304991107,0.41437675383789246,5.839023818570644
3513,2020-08-13,0.02905405083181576,3661.5667585122155,0.032660597363115024,70.30052547605099,0.24528848988897742,171.71081935470784,0.38790692149134304,5.3892653422319245
3518,2020-08-18,0.027746147537700588,3434.0925610307277,0.031044119844230746,66.55752597218131,0.22882495014419252,162.75979601937422,0.3678457415431371,5.015079633201962
3524,2020-08-24,0.03453232502291822,4375.323162973459,0.039653034616233124,85.1338016433014,0.28654082609533593,206.270475631755,0.4698038255115077,6.360970892126732
3526,2020-08-26,0.038062799478631566,4691.386119708329,0.04413398880635896,94.0400415703191,0.2918940434839557,225.9654398856094,0.5197067034529986,6.635830187588475
3527,2020-08-27,0.042025416028574764,5215.338276206891,0.04906364438262044,104.66503218501792,0.3201082494164903,251.54010556713305,0.5778005260262149,7.365808647366249
3528,2020-08-28,0.0391646014258219,4831.49247868818,0.0454691113646096,96.94805294407819,0.29745075350398303,232.72714491242135,0.5354008197710213,6.825800517998685
3531,2020-08-31,0.03293262792445744,4088.7585555826863,0.037665919270150824,80.52340677688142,0.26433137153696673,194.76069669932153,0.4450140459429257,5.881962004377945
3533,2020-09-02,0.029277039276980044,3695.313833640408,0.03315144457404086,71.1619131192024,0.25132745577106386,173.34426106249475,0.39339171628504205,5.426107314740597
3534,2020-09-03,0.027563018354242578,3496.1201765189694,0.031026616478755008,66.71371439584541,0.24231709985112343,162.93052875303547,0.36883728137930893,5.175515739031249
3535,2020-09-04,0.037121669826001784,4639.185537185022,0.04185131637216448,90.44001028504786,0.28074686856332004,222.4236869074109,0.4960936905979102,6.727183056078353
3539,2020-09-08,0.06286506385871238,7742.239375920707,0.07400271902523434,158.87655087581828,0.3971799562685151,383.31179985088687,0.869253052306083,10.673227592617037
3541,2020-09-10,0.013034824442461294,-321.39933704396435,0.012453146959638952,19.042268027594318,-0.147501638216526,43.10826607121406,0.11628578197658457,-2.121864813897009
3542,2020-09-11,0.01904383161857695,1120.5830947513357,0.02003406564003909,37.98241325510817,-0.004844835615316359,90.2283879686614,0.21723709316126041,0.5731525283758571
3546,2020-09-15,0.03087838408516265,3768.177084114209,0.03505627725254482,74.73320019363163,0.2420148066770586,181.11088778581734,0.41346460493143955,5.388105251009524
3547,2020-09-16,0.026407459260958655,2886.115310351672,0.02939087721680257,61.31857104046143,0.16843073801958702,148.17568781657187,0.3415859144401712,3.862621653880815
3553,2020-09-22,0.009707870461255949,-365.68962269345457,0.008235892348274484,11.7126176302016,-0.11393822132357793,28.02875029319394,0.07393491716359049,-1.7560816886449158
3554,2020-09-23,0.0077875672760938245,-586.4272277488768,0.00579044489119761,6.643478419279507,-0.12387485440525606,16.65694535219956,0.045820649050198316,-2.0243582287403927
3555,2020-09-24,0.007454352533188892,-531.7198303520663,0.005273775702883618,6.070198004267419,-0.1142372764177697,15.302694881793292,0.04171124522651019,-1.8377109407345296
3556,2020-09-25,0.010914444197067044,432.343962930832,0.009727159772132883,17.65804774799412,-0.011231592006592177,44.822904085689096,0.10316040228249741,0.03611392783935801
3559,2020-09-28,0.026287386554531087,3423.042020353196,0.029195556023265293,63.42059756569831,0.24296196445263793,156.56080717734818,0.3494324452668765,5.1926407217334996
3560,2020-09-29,0.025146250643464634,3247.704076054801,0.027827342032332714,60.34416315547381,0.23086640965932942,148.6866070430751,0.3327707901572553,4.9161989564750215
3561,2020-09-30,0.02585436623561694,3355.183596989351,0.028707527280810767,62.282273487282495,0.23878392609419807,153.65819055114991,0.34339800634020556,5.082483497758898
3562,2020-10-01,0.02593725085656588,3323.4480184009594,0.02883675038735795,62.34185348602606,0.2340178269520827,153.55599284056768,0.34409724620779164,4.991918862048099
3566,2020-10-05,0.026097904952812587,3374.433247478374,0.028492742999929155,62.14817024004349,0.2354916071172026,155.11393267742375,0.34155288128280187,5.143315835078514
3568,2020-10-07,0.025929894547772996,3310.4710715487477,0.029002020803423675,62.517706553207304,0.23323365281399822,152.77613959299762,0.34551545832310965,4.944628199728538
3569,2020-10-08,0.025678613981774928,3257.500056057671,0.02862749054276003,61.670458218358576,0.22823645764595643,151.03352750795827,0.3408523759598954,4.8557678227844825
3570,2020-10-09,0.026790849208242144,3412.0456372428903,0.03000365866685944,64.66288092621589,0.23771552549307967,158.23471356696666,0.3572201255471067,5.080656301281104
3574,2020-10-13,0.025634739313372873,3268.38369438137,0.028370523203992762,61.349069915875916,0.22866547583270433,151.37732819809045,0.3384880538472636,4.906613768930364
3575,2020-10-14,0.02844894145336034,3580.182188349017,0.03193406458982312,68.69987368101903,0.24135841727125923,167.9798101284905,0.3792737518315689,5.272924310621362
3576,2020-10-15,0.02736335944551686,3441.77141571254,0.03065563280599207,65.92503614696257,0.23427117933443675,160.88383943224335,0.36417248064965446,5.077746165932419
3577,2020-10-16,0.026442919505345323,3347.7160482361005,0.029462319233229593,63.518758529672354,0.2309675099565861,155.6726923637161,0.35069897891770296,4.9797390478842445
3580,2020-10-19,0.022345020855462788,2853.3294740317406,0.024204173720631803,52.549588019039014,0.20591051708491082,130.8527493469685,0.2898820054275578,4.35308685319473
3581,2020-10-20,0.0205159280063046,2610.919484150349,0.021897160666619692,47.630272282100734,0.19117339198092345,119.0889343280092,0.262739270742758,4.014917478200691
3582,2020-10-21,0.021008042520067507,2703.575924460058,0.022521652613672487,49.07293682978899,0.19935569213835286,122.87619705446816,0.27058005131517593,4.173394794752731
3584,2020-10-23,0.022852048476466765,2914.011391831512,0.024950881709837374,54.040915134355366,0.20950224831364128,133.86531327490871,0.29835950871711864,4.420497303538308
3587,2020-10-26,0.025358316526341282,3249.9745216540236,0.028119470458318276,60.82692843776931,0.22946238896812146,149.692454815039,0.3356942078404571,4.890711195278594
3588,2020-10-27,0.030722415569199336,3867.5580415650084,0.034869138100998044,74.87430687598622,0.2569539686476331,181.78726689400656,0.41343174947089417,5.650361321370884
3589,2020-10-28,0.03274046057394857,4110.850249588559,0.037459314218362016,80.26750923270941,0.26967728757009307,194.09277899220632,0.443386471555878,5.95929788588882
3590,2020-10-29,0.03248986188910348,3991.3285067267625,0.037104697490370875,79.17482933741525,0.25451602848866944,190.88787916705672,0.4377092650511099,5.703859827204046
3591,2020-10-30,0.030180030024232068,3700.276837365872,0.03420687862100652,73.01757145459123,0.2396291369214798,176.62731602495595,0.4038643286956225,5.315348492743015
3594,2020-11-02,0.030350310344366197,3746.3429592797715,0.034358991397002395,73.50007791470416,0.24351130044416186,178.30435616517488,0.4061919343191913,5.409384142697629
3596,2020-11-04,0.0326313431170022,4146.512736549065,0.03727516718857001,80.13290384222853,0.2754262018340447,194.4545371590345,0.4422147049262618,6.065858802120798
3601,2020-11-09,0.02979151001580034,3691.3723515762563,0.03375148011761976,72.16928747893546,0.24451890877461951,175.40807859695784,0.3992231436714038,5.348320661738641
3609,2020-11-17,0.030327704037076603,3682.4789379796357,0.03413294331648358,72.96752101848237,0.23014135483211076,176.49289139989432,0.40276787233328853,5.267549479798318
3610,2020-11-18,0.030164736944998074,3819.410805997664,0.034029160760463334,73.30327739267845,0.2548987386524674,178.99348953671543,0.4042586310945451,5.622368669751788
3611,2020-11-19,0.03031212797116458,3833.3094239171783,0.03421708202550424,73.67925454179992,0.255233134321023,179.8275728585938,0.40636330906164325,5.635499115266044
3615,2020-11-23,0.03133539121353126,3980.8299665565323,0.03564656217535597,76.67747356380671,0.2661099630305567,186.18412724964207,0.42315395920506543,5.840987134355093
3639,2020-12-17,0.030481601132891528,3955.0570426929667,0.034491134849033794,74.63883179163392,0.2718325321903833,182.76296641640198,0.4112908539751878,5.905952294083219
3640,2020-12-18,0.02911605361193875,3713.1578600233197,0.03282137006050025,70.76132410820779,0.25302955421775103,172.82109490641452,0.39044373621509726,5.500426465644995
3643,2020-12-21,0.02807049311030355,3656.303250260614,0.031443277546813586,68.21688105225302,0.2561728875532042,167.7935516116051,0.3758234333811816,5.513463746856929
3644,2020-12-22,0.026536139623546735,3411.8606066887623,0.029450635638958014,63.83945232521126,0.23715113771853585,156.99923954430423,0.35173133104453375,5.1334059179221
3650,2020-12-28,0.025068458534634807,3243.081099276362,0.02758230902094449,59.94661430948213,0.23041585190420488,148.52361220720798,0.3302505935178022,4.929919618885841
3651,2020-12-29,0.025122408186333746,3289.7393262896508,0.027690595372044602,60.326610739737745,0.23649399781908698,149.48111529301488,0.33217316449248474,5.032477624599917
3652,2020-12-30,0.02531653607250462,3319.4276904079866,0.027916246015564496,60.83528238142865,0.23867019077845547,150.88696685902323,0.3349341727391937,5.08020821394057
3653,2020-12-31,0.026673820142798246,3448.8361869133782,0.029398176070660694,63.96216317279624,0.240016035762616,158.5466168257331,0.3518541428279093,5.22665551175565
3658,2021-01-05,0.016554420933218846,1175.5214812212644,0.016841642999386848,32.80897504351491,0.03360952222904299,80.5537417974354,0.18678485857234062,1.0680065865712955
3659,2021-01-06,0.01669051537280158,918.9937973883748,0.016967293233004034,31.971818533954963,-0.0075626216250713335,77.01502491826459,0.18333959870534122,0.41950368676830485
3660,2021-01-07,0.018447409553775232,1079.5811482973977,0.01918523400222875,36.40884025203823,-0.004832011958888882,87.00995536072928,0.20811341483420984,0.5649147293855491
3665,2021-01-12,0.019319989561590128,1433.3841163319782,0.020345790547249845,39.837550524524254,0.038538501119299184,95.94374331476025,0.22600258453977387,1.3075795146341815
3666,2021-01-13,0.02249652163027645,1563.4008144320217,0.023951565955246137,46.69512465673119,0.013306063775305396,111.74852883795853,0.26382369551423274,1.2058977221637677
3668,2021-01-15,0.017622430812924365,831.9734656709567,0.018076810895550806,33.51372250140252,-0.03271068765686681,79.45288565967847,0.19267208414625353,0.07786230111361617
3672,2021-01-19,0.018217066156344153,616.2682698912436,0.0186095912106606,33.6260574843164,-0.07611327290718996,78.93762840129537,0.19395286446839732,-0.5226528896146689
3673,2021-01-20,0.0165879226103644,498.96483955798794,0.01679661549369239,29.92503592787692,-0.06954972114420233,70.27693531008741,0.17399745505174988,-0.5964771704186723
3674,2021-01-21,0.01626335836251581,415.3958982371244,0.01649741534478292,29.019270101161446,-0.07678292967373658,67.39700839795879,0.16954499935782694,-0.7650790484702461
3675,2021-01-22,0.016181825414076544,326.1053261294519,0.016354894381571308,28.424258341674065,-0.08993905133343501,65.72942752520855,0.1665072464854651,-0.9707019422154345
3679,2021-01-26,0.01989810035235089,1099.1600308283585,0.021064577643090637,39.65983963431252,-0.01903410375133434,92.94086749188531,0.22698979124409557,0.402259972166337
3680,2021-01-27,0.01621836572325812,421.2276367150212,0.016503296275913435,29.031327465587417,-0.07476860528436698,67.10564486622678,0.16971904047368863,-0.7497859868177855
3682,2021-01-29,0.019413652392366754,602.0111881085531,0.02003842917249318,36.04185179181609,-0.09463806435985422,84.34740749029561,0.2077534415442017,-0.7228803692621135
3685,2021-02-01,0.015879188795932527,710.0255072139374,0.016090521393412435,29.56184853188314,-0.028077489915128984,69.93550861807374,0.17091760726533842,0.006649696045003567
3687,2021-02-03,0.014904587262078177,600.3183267199684,0.014609570699915636,26.69374861738357,-0.03573781083426894,63.9006250987374,0.15429039530872315,-0.10477645702032214
3688,2021-02-04,0.015523378872510648,713.1436223776933,0.01550780171231022,28.621153710216,-0.02393454813973231,68.78891805301126,0.1652142256317321,0.07778745946218686
3689,2021-02-05,0.016274599582292843,792.4719451551352,0.016571460639014424,30.716831229890055,-0.020050256231014488,73.07669169123663,0.17715535520927175,0.15632141805877175
3692,2021-02-08,0.01840574192783614,1071.0214122947139,0.019219099515395268,36.41683148702195,-0.005584243678259146,85.86099536337007,0.20830366797463357,0.5403476011513195
3693,2021-02-09,0.019106011036455074,1082.7627185738636,0.020071762176281364,37.93491010046812,-0.0131533804572109,88.84605944022589,0.21691105350645726,0.4711442465142719
3694,2021-02-10,0.01881170379170179,974.834252424223,0.019788333803472825,36.9456698003371,-0.023914406389930656,86.06975714362957,0.21216730578635898,0.24172309091655253
3695,2021-02-11,0.01877465761019896,896.4803064945962,0.019724977005829102,36.51384905798284,-0.0353552385441912,84.80088966559319,0.2101127132703045,0.055526133549096635
3696,2021-02-12,0.021131868765908175,1010.2456485903667,0.022736817345179003,42.098245695885765,-0.0471120938753925,96.06645230772912,0.24185839404602238,-0.0042442040280639415
3701,2021-02-17,0.023526421698376064,1003.3493593517743,0.02569532645998278,47.13311821192628,-0.07895497966494183,106.40345739681369,0.2708634387107116,-0.3585937233678987
3703,2021-02-19,0.02528102229907126,1174.2442891321414,0.027794453024599576,51.441488494346515,-0.07520022040177385,118.44219091478526,0.2946373019177834,-0.17539428038426289
3706,2021-02-22,0.02330652189342537,926.9355557480313,0.025280134920493805,46.17689852914917,-0.08995502142315925,105.13050134044646,0.2653585784677975,-0.504982600336602
3707,2021-02-23,0.021732212125624033,574.8566348559843,0.023357265851657157,41.39117015313597,-0.12213661216339733,93.29063987918907,0.24001263834305372,-1.1516640156675166
3708,2021-02-24,0.01985883463287542,467.94579308507184,0.021010722587857043,36.932088044948834,-0.11417250910611294,83.87776212211114,0.21495432605156586,-1.1476900955758216
3709,2021-02-25,0.021581004813917108,730.5695592829413,0.023153156940135117,41.708528469813075,-0.09720443098651214,95.12410587215565,0.24083759562038898,-0.7457103934221945
3710,2021-02-26,0.02105562049597805,550.2141641646169,0.022491990652424836,39.82802356442952,-0.1178854469496394,89.85247260351228,0.2310384244775104,-1.1155116237140572
3714,2021-03-02,0.019890093567126295,820.4843946510534,0.020959144865557548,38.356206381430994,-0.062286189370859474,89.38618521724328,0.2208569671150883,-0.27561111415317396
3716,2021-03-04,0.020432710938939988,1013.6054331069379,0.02168692892266261,40.40153809521517,-0.04011451395211739,94.34924238375855,0.23155127843043316,0.11776914699107165
3717,2021-03-05,0.020886269848647332,1143.0510916763292,0.0222596257669113,41.91195680750222,-0.025954561585855795,98.16454324720085,0.2395518251214517,0.37243593308154366
3720,2021-03-08,0.02054128817217796,1240.223642626617,0.021856395964208873,41.62175957111362,-0.006697612078183451,97.81150609927262,0.237356055799785,0.6582526359121648
3722,2021-03-10,0.022965555887111234,1325.2299271264455,0.02484152518423145,47.08733873949424,-0.024980597115410105,109.68693908824095,0.26829671896571866,0.527417009004346
3724,2021-03-12,0.023277250797151466,999.1368651576909,0.025421875275544098,46.60004967999163,-0.07450790632251955,105.70599889970623,0.2681014343233587,-0.3335583191330731
3735,2021-03-23,0.02270699612227407,777.1366155093287,0.02466155525663005,44.39988681314387,-0.10167839852355717,100.70575830949821,0.25655955415999654,-0.7960118578065398
3737,2021-03-25,0.021041796908855426,778.6794228933708,0.022742511610453903,41.02843185976955,-0.07685008278127098,92.84084999647922,0.23771624248610326,-0.5662111670442489
3741,2021-03-29,0.02387170005157446,1162.023379885149,0.02615097065199444,48.5223575290341,-0.05716610490999585,111.50716098565607,0.27824871096997916,-0.014090173273788198
3743,2021-03-31,0.021037931775590803,586.6455338684207,0.02251377232258453,39.96483146778002,-0.11009166072268511,90.73284803218475,0.23192575171871022,-1.0235360157391853
3745,2021-04-02,0.02197686569277154,634.4503419190096,0.02364408879536572,42.12497591172343,-0.11586837165158537,95.42160221362641,0.2439210941961222,-1.0367445260671195
3749,2021-04-06,0.018573734350380833,485.3660811574865,0.019430000889674094,34.30345068760618,-0.09524130758351092,78.00147486648268,0.19970814799789777,-0.9251885477535357
3757,2021-04-14,0.023558771294547795,1030.8140456350752,0.025758417812944467,47.31267142705055,-0.07343892947614797,107.84730502071645,0.2719907154007646,-0.2939014156607851
3758,2021-04-15,0.025544022844642744,1172.3917472641267,0.028313524752638115,52.24389784370264,-0.0767761047861332,118.00708049557032,0.29974587794882324,-0.23404820240057225
3769,2021-04-26,0.025434649629883597,1462.4345858624536,0.0281110513599603,53.11968590937789,-0.03141327376702893,122.88817636125404,0.3030284673479352,0.5041040348026424
3771,2021-04-28,0.025663283920931194,1276.7490223384032,0.028438264023963246,52.88219889287064,-0.061831910775454024,120.67999327792111,0.302873507482138,0.010434977219145603
3772,2021-04-29,0.02312291910574583,803.4818204715489,0.02510071593381577,45.31333582302228,-0.10481274971231552,102.83371914004435,0.2613506942518348,-0.7853634009413684
3773,2021-04-30,0.019607987040846153,302.62394259331154,0.020700692403862048,35.69713794949682,-0.13537462609841755,80.32889591517466,0.20888920957511842,-1.518754032308909
3777,2021-05-04,0.021254707606816456,766.5094989176248,0.022779051593583694,41.18954965679046,-0.08648125959800171,94.13457447308988,0.23781460536340251,-0.6121157459356168
3778,2021-05-05,0.021306128995366706,753.4853176407269,0.022846499833380374,41.228881741557856,-0.08816809367664732,94.3783740340245,0.23824303062921678,-0.6499248621919743
3780,2021-05-07,0.023334522701340815,1026.7736569806616,0.025356824559128705,46.697580729669255,-0.07425746619132731,106.93275130723951,0.26794067500051694,-0.26523165385761355
3784,2021-05-11,0.014222464299917827,86.42363194570902,0.013838428829766925,23.16504533669291,-0.10255260786518572,53.81895239450221,0.13734464674076816,-1.2784672983400296
3786,2021-05-13,0.013707480899898549,70.14482469145872,0.013246362572096507,22.050834131907596,-0.09724398328683423,51.72811029841815,0.1312261774257111,-1.2481912966139737
3787,2021-05-14,0.014414143307760498,140.4116324258958,0.014080640353142247,23.79692180986345,-0.09650924389357833,55.73413290048534,0.140714717598431,-1.1721248327925793
3790,2021-05-17,0.016411365546620194,438.46259674242253,0.016664364147940345,29.390679409526303,-0.07459317505512789,69.03608018493556,0.17160756026672178,-0.7258734452654877
3791,2021-05-18,0.018804133627898144,743.4853192179842,0.01966494617380069,35.78285844921257,-0.05868889576054481,83.86901291675608,0.20671897577147821,-0.3146916568516023
3793,2021-05-20,0.01932546011951591,720.4497968993464,0.02035612761239838,36.85579137232028,-0.06860901645293835,85.61962365650322,0.21311216037351927,-0.44939514220370713
3794,2021-05-21,0.02085900564841657,1044.0684126745664,0.022277589319638236,41.470144577661166,-0.03832326691278434,97.41879206153496,0.2379350075718926,0.13174843370473063
3797,2021-05-24,0.01909470186271675,741.9119918396904,0.020124760100691363,36.51913481313351,-0.06142291008427145,84.89657837785302,0.21123433521770224,-0.36770584916045546
3798,2021-05-25,0.01973358993918737,861.5170911064232,0.020977711514850884,38.45257206323931,-0.050816877201674715,89.42574645292889,0.22182306898535092,-0.1680892650277626
3799,2021-05-26,0.01898789826547001,891.7453160801088,0.02002062863607098,36.95697967592669,-0.03711300254766797,86.88126308267206,0.2129442919509011,0.014457059653552234
3800,2021-05-27,0.02048877434742022,875.911314710635,0.02188018907980619,40.06465226442208,-0.05845173874172008,92.92185094861652,0.23096689499223308,-0.2360192120707261
3801,2021-05-28,0.02076801067386677,866.5200717168824,0.02223918217898911,40.61398327294342,-0.06240490003676716,93.97714092580922,0.23433383754263853,-0.297929445692802
3805,2021-06-01,0.015479994002390168,164.78528390601224,0.01563749665050813,26.430463661777903,-0.10231762580469836,60.99686704025595,0.15652917234585234,-1.2788450353489267
3806,2021-06-02,0.016486884960932185,277.67650656488263,0.016836258097102454,28.978370731923974,-0.09893571908853788,67.20038517411437,0.17038254519123677,-1.1390662054812866
3807,2021-06-03,0.017941187275631987,669.8427064238715,0.018694659254775054,33.768336487979326,-0.05737745554152804,79.1641286712723,0.1958388696164536,-0.381918587850657
3808,2021-06-04,0.018669117645273032,940.5359950112393,0.019544665215867525,36.3937055508641,-0.027154074079794643,85.92683579728515,0.20913295746208838,0.18506512862938618
3811,2021-06-07,0.017944077886382984,644.9367003708949,0.018677726693770325,33.67431266550626,-0.06279111091452191,78.1453260419405,0.19521330363626402,-0.4450807024193767
3812,2021-06-08,0.017938648173142176,641.2140906954174,0.01864988995923587,33.61419892103968,-0.06326772147828343,78.50618194803613,0.19486821759153136,-0.45101199559136795
3813,2021-06-09,0.0184480322887715,667.8589605990644,0.019300869959603572,34.82249605747815,-0.06516842898590346,81.31022249101154,0.2017675999684812,-0.4580331425210228
3814,2021-06-10,0.021574647324637083,1125.4862156638774,0.023210370076592754,43.405499332780145,-0.035495054200015766,101.19046909989935,0.24861038412708933,0.22571376090843126
3815,2021-06-11,0.02315548853478217,1229.623925657796,0.025316127772488033,47.34898567996394,-0.036873619477855946,109.14092732125353,0.27126900102772666,0.24976069117574112
3818,2021-06-14,0.019375067769033978,335.66251586848387,0.02048696950986666,35.48227576107564,-0.12850254869387626,78.77440890866811,0.20739672457413474,-1.4149509268274576
3819,2021-06-15,0.017619290329512798,283.20475433641764,0.018264770744962522,31.438271522913688,-0.11251198018820419,71.79117797403178,0.18455359029502416,-1.2879810927892927
3820,2021-06-16,0.02074880896985837,768.9364688591606,0.022198597869794657,40.1593075737527,-0.07782625205534553,92.57755620922457,0.23215214969769724,-0.5357012403588771
3821,2021-06-17,0.022936350154293874,1074.9928888461106,0.025024183945514596,46.21181432231532,-0.05770530372912824,106.04817200106132,0.2655727021500765,-0.09875476942338943
3825,2021-06-21,0.02370564236691752,1214.5955144394438,0.02600079390835202,48.4451402252801,-0.04568158534182748,111.80378097892243,0.27773797439480624,0.1360208071474086
3826,2021-06-22,0.02027065495777654,586.0835654314533,0.021705997208133473,38.478719335833965,-0.09679062970079841,88.04071359996497,0.2239867842931397,-0.9242192149818886
3828,2021-06-24,0.022721799574839465,1295.220835302562,0.024777131611519905,46.71269342849739,-0.021883996386277638,108.27374404083851,0.2671563046421883,0.4719318821198211
3832,2021-06-28,0.020937576664799465,1149.6472733672474,0.022501028946146712,42.24850368499219,-0.022242993407026637,98.80881814621142,0.24207950951445495,0.36967680060663033
3846,2021-07-12,0.021200665278622077,1058.0571670497604,0.022865159040876014,42.46503664745949,-0.038707091040013214,98.27831117651951,0.24400233132237203,0.10408692989369818
3847,2021-07-13,0.021580015127857705,967.3772083103858,0.023379298077479266,42.902738700007525,-0.054803503448214955,99.370024618876,0.24742171553098735,-0.17233268237549282
3849,2021-07-15,0.027893328355993438,1610.4669846302952,0.03138318381023057,59.166741800480416,-0.03461160352200146,135.90320014748622,0.33798711987723407,0.5099906614646033
3850,2021-07-16,0.030185393990459636,1903.0878289184486,0.03421277810980848,65.2657754900802,-0.021256102300804075,150.12127236438656,0.37117973707106816,0.905831260808723
3854,2021-07-20,0.02490456482835081,1438.4774606269496,0.02760797329863265,52.02359536887615,-0.02327424231041711,121.18449140597522,0.2976666324958967,0.514054925582816
3855,2021-07-21,0.024741222024535336,1493.7963107179953,0.02735202841472024,51.87921724686775,-0.015209528604612693,120.78333692100549,0.29614388200806485,0.6741196050867873
3856,2021-07-22,0.02466124163928011,1249.043693296583,0.027287186830821857,50.71131284189636,-0.04995872983310126,116.4244746892991,0.29105116575036216,0.0807078949919845
3861,2021-07-27,0.024827482769120324,1652.1915925808112,0.02751402000170546,52.80524937378215,0.007848415735604727,123.17091068015203,0.3006342715759148,1.04687282782156
3864,2021-07-30,0.03616014573632485,2473.0496853298464,0.042000904190799805,80.68760017939726,-0.0017520117400874335,182.87207355710171,0.45832486701084046,1.4454604526827217
3869,2021-08-04,0.020208265240528746,1155.6308253221564,0.021709537612930225,40.85601886678236,-0.009940911340626052,95.71759235099775,0.2344139258470392,0.47968376761287146
3870,2021-08-05,0.02052579260988704,892.2034665286749,0.022134191035336058,40.44657872937808,-0.052560104639230484,93.0714677082043,0.23380042928968123,-0.21531727826221972
3871,2021-08-06,0.02136646822606229,842.5019031312941,0.023174813406190636,42.009144217386755,-0.07042595739063376,96.11693601258303,0.2431417996185313,-0.4555089065787766
3875,2021-08-10,0.025701957253540738,1542.2154665905043,0.02862141793200067,54.209459529650566,-0.018829980911610977,125.03183066529817,0.30953919670957974,0.6519159717171756
3877,2021-08-12,0.03017246970134713,1897.298778651833,0.034346504621767804,65.35718930862312,-0.017975548710778805,148.86978942389254,0.37241778588620716,0.884893838281137
3878,2021-08-13,0.032367021436723556,1996.0337091205351,0.03704518644736567,70.41952850041312,-0.03254060151886243,160.05059059448348,0.4007863549489146,0.8180611449142966
3881,2021-08-16,0.030148793174266695,1845.1254744324044,0.03425641757593022,65.03603758376293,-0.02741980288523807,148.73985473601792,0.3705686960261422,0.7627833356155306
3883,2021-08-18,0.026641173836329336,1345.596631375752,0.02979567811501194,55.38661111296255,-0.06028998626336829,126.58865419903934,0.31752045432640047,0.034394932110693166
3885,2021-08-20,0.027081557885857,1663.8019986001777,0.030295563098207433,57.61647468709323,-0.019445800660677415,133.09880199749367,0.3282335488153834,0.7581360317497184
3889,2021-08-24,0.026171886292731674,1493.7822580433708,0.02911985113506966,54.91876922237503,-0.034238095801610136,126.89057238611603,0.3135496760335078,0.47122653051915225
3891,2021-08-26,0.024440972275846812,1426.093775932579,0.02695019826816508,50.936180397289576,-0.022615628802228088,118.04013320657579,0.29094759361109035,0.550503062432532
3897,2021-09-01,0.024874461140791306,1311.8537139499335,0.027512541643669196,51.41805800004722,-0.04554349884778938,118.11465024192991,0.29440648469618375,0.20483247498693327
3898,2021-09-02,0.025541550528977868,1584.6860334844127,0.028391327650234208,54.03749099454287,-0.012096200842606541,124.31100139927784,0.3080409123509586,0.7787601867919322
3899,2021-09-03,0.026195642002697424,1684.0281355344084,0.0290934534258485,55.710841402533156,-0.007223484847595829,129.0188153545264,0.3167470931122431,0.9393697423622686
3903,2021-09-07,0.023585782670927848,1094.852693463984,0.0257663615070702,47.612169870136285,-0.06472421913664167,109.71332961947716,0.2732315522013161,-0.13795176691013386
3910,2021-09-14,0.030708323480957894,1594.2702515373492,0.03485663655041416,65.12657007938314,-0.07694787796861438,147.04463836498581,0.37188820010035706,0.0663348012566432
3912,2021-09-16,0.033641725406954315,1792.5477473912892,0.038712453963989514,72.38261744971167,-0.07862264310779873,161.94154399086707,0.4135093485894064,0.12901259962655653
3916,2021-09-20,0.025458872401284457,1122.3068893049526,0.02818708462127366,51.790670669811846,-0.0818700300529239,118.19150478254072,0.29758650179540813,-0.33988140934694977
3917,2021-09-21,0.027767163333793893,1199.4820968795564,0.030775957666071725,56.772390884124306,-0.10819603599661506,130.34400596231686,0.32443554021086546,-0.46300736230112066
3919,2021-09-23,0.028030954644249945,1247.4326787999707,0.031110525250642035,57.54637212310231,-0.10443519647685368,131.91013039632898,0.32860493970200577,-0.3832293355450617
3924,2021-09-28,0.02084607792667865,563.2700255677646,0.022464966870961667,39.66880065003342,-0.10738873962775275,89.38119540451204,0.231051586712186,-1.0665003813086396
3926,2021-09-30,0.02789750352012385,1479.166091409119,0.031374929677758005,58.6367273587986,-0.05592506113385895,132.83830437909933,0.33550921827459795,0.18377393050160945
3930,2021-10-04,0.023119365278194668,896.0694784946901,0.025249130531660956,45.8373027573497,-0.08661271991351754,104.51154596482507,0.2645270650033745,-0.5643050871558999
3931,2021-10-05,0.023112498690595517,826.5218590789682,0.025132464871119108,45.42912721685512,-0.09995232420522987,103.72608495715545,0.2620913073795867,-0.7289957480043405
3934,2021-10-08,0.02749826023175438,1570.5639325654868,0.030813922460950615,58.10875218240334,-0.03871190114622866,132.75463017760904,0.3316389805413234,0.46915964007477373
3941,2021-10-15,0.01925815675450961,626.8436721958598,0.020294105742856405,36.45464573908603,-0.08640210656243245,81.80385424157387,0.21079343902060513,-0.6827770236819602
3946,2021-10-20,0.03101056402054814,1770.404912315816,0.03542873890537935,66.64478983496039,-0.04676616468087111,150.4240529860604,0.38076952771045414,0.45132100728469726
3948,2021-10-22,0.030848856305377856,1477.7365944473972,0.03519914492429781,65.04804570533247,-0.08965064537246462,143.61296647942234,0.37316959654981857,-0.24660630038596315
3951,2021-10-25,0.01808470250429771,42.87613502167201,0.018937165395196756,31.617974625133176,-0.15710264575187063,66.08014676836983,0.18680610745737858,-1.9628476632858716
3952,2021-10-26,0.01821620109098519,393.91286013623466,0.019106365873142104,33.293603407833345,-0.10204576312314136,73.63477669865826,0.1948751718514752,-1.108668054770724
3953,2021-10-27,0.021439643221347462,971.0280163660834,0.02313435064282824,42.58621274613669,-0.05585222408377774,96.2805563347564,0.2450618090403453,-0.14416399268717286
3954,2021-10-28,0.023744366476705202,1346.1870005497053,0.02606203759014729,49.12487193738098,-0.027477070890221195,111.81173228779836,0.28073994860833285,0.45001762843064347
3955,2021-10-29,0.026113263187847426,1469.4815667295588,0.029064880529616345,54.79744580690177,-0.040636872827856496,122.67296024205764,0.31256412852440923,0.40897796485036225
3959,2021-11-02,0.03187156213989792,1753.9973766466735,0.03626785388673931,68.22737279720566,-0.06833676647130399,153.10922610020597,0.3886902655652579,0.2969703306643452
3960,2021-11-03,0.03506375932351506,2053.5287722988373,0.040452026039870144,76.45988933928156,-0.0576813460721316,170.94464594833207,0.4353916354932868,0.5727333066454577
3961,2021-11-04,0.039607883680802154,2402.297789398885,0.04640207311765165,87.83649256711702,-0.05388042581463812,194.35577513367977,0.5003955770557266,0.7748342890099009
3962,2021-11-05,0.03587185411188242,1606.2167518151991,0.04160461415199883,76.42755152730088,-0.13083926820353947,166.55491095865872,0.43861651746545577,-0.6510680135759412
3965,2021-11-08,0.02039977943550075,506.33619749789074,0.02181180949272618,38.385549404369925,-0.11278433017600031,84.71299316687899,0.22356459527354383,-1.1393550302449595
3969,2021-11-12,0.025410829142746217,1222.1519334913837,0.02818458023107795,52.17402552617589,-0.06522093812820515,117.19271087817788,0.29939110385152484,-0.09240834190639666
3973,2021-11-16,0.026430388846197517,1483.781657253198,0.029361820760389106,55.36096578369807,-0.041647808270086795,125.73274580269131,0.3157354562970133,0.41200257284194397
3974,2021-11-17,0.03570678964116459,2593.3018695084593,0.04119433956676874,80.06069003060111,0.012812548007396951,182.06919142761663,0.4525273587945457,1.8127557645294397
3975,2021-11-18,0.036346514270930254,2647.253483642963,0.04207743052878221,81.72437596766807,0.015364919671882554,185.270888100297,0.46222272278749604,1.850828999716159
3979,2021-11-22,0.02056591711568325,761.1894903915279,0.021986579972676272,39.7593347917242,-0.0765379038323513,89.75457340912585,0.22992555017670965,-0.5313720617019428
3981,2021-11-24,0.02565318587726264,1264.7892582766535,0.028425884819861132,52.81709429821484,-0.06378656337500338,118.94490004730706,0.3025333425599653,-0.019037083515619974
3983,2021-11-26,0.01814756943691873,560.3185264968051,0.018879475141263084,33.679711131271446,-0.07847141881904982,76.32131741286642,0.19564984512054978,-0.6785252407452924
3986,2021-11-29,0.02306778974307566,1156.3866589383385,0.02505307474431516,46.70019041414873,-0.05052909153561909,106.44266087125109,0.2673167257142037,0.08978854397196817
3987,2021-11-30,0.030406285550355523,1909.346897875807,0.03449448876990044,65.79193623865191,-0.02401705437405252,148.96055459346576,0.3740679750663989,0.8862774645675875
3988,2021-12-01,0.032790162861057175,2246.9304586631106,0.03757029100703068,72.37995155646006,-0.0006010948570816799,164.18147263159779,0.41052917903964586,1.3747624762485755
4000,2021-12-13,,,,,,,,
4001,2021-12-14,0.028963368107042625,1470.7863435948007,0.03258450443424348,60.77498170128612,-0.0747449291524728,136.3166035968636,0.3472461324633382,0.016085811766847785
4003,2021-12-16,0.03782859273740411,2291.3867467379614,0.04421323531655023,83.55299759628932,-0.044545686548997376,185.15490211473076,0.4768269326713757,0.7574559996026682
4004,2021-12-17,0.022393045634938782,458.6947337301593,0.024534481027798264,42.697134661298485,-0.14083614722523943,91.10259519916642,0.24954911320207304,-1.5562823714395893
4007,2021-12-20,0.01831350249125695,367.5612567766181,0.019294545363675353,33.454476975637306,-0.10549115659992311,73.60472633485469,0.19625999725496682,-1.190970438222935
4009,2021-12-22,0.022964686541835103,961.6665361013083,0.02517361069057169,45.916723070416445,-0.07259947286579851,102.49142215149809,0.264998645093636,-0.39009739012125505
4014,2021-12-27,0.01731970056379172,611.4232249291192,0.01810282373740933,32.44270323485239,-0.0564475433945074,73.2074987054683,0.18897507217871987,-0.4546025490348135
4015,2021-12-28,0.025995471583652226,1454.424345205793,0.02856757616809416,54.03573392062042,-0.04565858592879643,124.07204483797953,0.3073356521075339,0.4180088999282084
4016,2021-12-29,0.023423874060853327,1110.7930713500687,0.02555775328847287,47.330829246677816,-0.06057375813940083,107.18544869501154,0.27146635765019184,-0.07680459737417514
4017,2021-12-30,0.0226475939178447,1139.6684779293844,0.024538916290312313,45.74060125310332,-0.04725629243518853,104.45427734431848,0.26195060433657,0.10807492916098504
4021,2022-01-03,0.023344631595229322,1214.7234822895766,0.02547168744058179,47.613310576686295,-0.0437004320835703,108.41361832429554,0.27251501611150825,0.18960113544081053
4022,2022-01-04,0.03045885553984676,1719.4058026665905,0.03424042390964483,64.82264064246773,-0.06276580804593149,147.06990706428783,0.36804638161691905,0.42615960425343347
4023,2022-01-05,0.03202387171880096,1665.7278348880427,0.036196363769014965,67.96098084719382,-0.09186047210710271,153.17637560731154,0.386329563088396,0.06945251900315177
4024,2022-01-06,0.024213992871628474,817.7665775471664,0.026497160348532015,47.74400044475541,-0.11617955276510922,106.12777559703596,0.2753688529872796,-0.9088769506618205
4025,2022-01-07,0.023760649644688502,972.1719990738281,0.025998451279895494,47.48615394781475,-0.08519302996915412,106.47587789444754,0.2732836721993626,-0.4672728479574777
4028,2022-01-10,0.023043617163915738,1353.280895796129,0.025184848696157818,47.66742160214713,-0.017947883017219682,108.87074133757339,0.2722297310403005,0.5663410727657092
4031,2022-01-13,0.03785024002866518,2648.078566307242,0.04402615962893962,84.99084208598173,-0.0012661524571579708,191.57869137338662,0.48144227852602794,1.6364196276265834
4036,2022-01-18,0.027162837654727455,1676.107381857989,0.03062507851297657,58.07308831900846,-0.01317542274933392,130.64645492559512,0.3317427307365477,0.7620289385439598
4037,2022-01-19,0.0294047148312045,1657.1732363132883,0.033539031634365606,62.83890193215382,-0.03953029050899326,139.5612463605235,0.3601171728962721,0.3945334197959778
4039,2022-01-21,0.026913398181568286,1226.2913031757944,0.03035623215690521,55.65968185557389,-0.07506433591169806,122.48829929081228,0.3209065858334404,-0.31029367100985017
4042,2022-01-24,0.022944846048317116,1370.7860775231047,0.025220438041180623,47.70115728843046,-0.010677176614404038,108.36468299141048,0.2729265806444356,0.6133135354396827
4043,2022-01-25,0.02257581142355585,1301.6516975419474,0.024752366187545328,46.61387334380545,-0.016434078274806516,105.79449879112524,0.2670558790533545,0.4960900501823551
4044,2022-01-26,0.024198184609718648,1344.9736536762307,0.026828239048466575,50.29750592321983,-0.02900041144038673,113.03256638779563,0.28829798087224573,0.3700004237874721
4045,2022-01-27,0.029159027138526205,1786.7114608070815,0.03315584461901538,62.82220174171185,-0.020567927614949383,140.62218271138858,0.3586889029669915,0.7495405983279443
4050,2022-02-01,0.018340852919613786,750.1650467024241,0.01934191700134765,35.19511094663293,-0.05073742265291349,79.08878223158548,0.20369849899637693,-0.25861262696914106
4051,2022-02-02,0.01394963812789276,-355.52324741089217,0.01380120011595473,21.35616297008742,-0.17275941264168113,39.80787924319165,0.12896040134427023,-2.37748678559194
4052,2022-02-03,0.01619753365018842,492.3702160298246,0.016671670991072605,29.55846981684678,-0.06253754127121763,66.23270708539131,0.17270400246720363,-0.5903807936831312
