index,date,S_t,partition,SSO_LCI,AE,AH,CH4,ng_LCI,building,Eutrophication Potential - EP_FU,Cumulative Energy Demand - CED_FU,Particulate Matter Formation Potentia - PMFP_FU,Fossil Depletion Potential - FDP_FU,Water Use_FU,Global Climate Change Potential - GCCP_FU,Acidification Potential - AP_FU,Smog Formation Potential - SFP_FU
2565,2018-01-08,348.25772,train,559.7906056468756,157.0442208100398,673.0973995968244,0.9230985290324935,16384.531722357096,0.0009175,0.16548402415549404,17111.596188536078,0.2009566634007986,421.4871034332633,0.21733224091246645,998.2753024769137,2.2897821544585466,18.77656652265081
2566,2018-01-09,321.75985000000003,train,6.644836203149647,132.00451908963592,783.5524239741635,0.9962002088201878,320.0576495392985,0.0009930588235294118,-0.0006361585880276029,-1902.8873478110982,-0.01098222334176058,-27.938034386320926,-0.15103360379884542,-51.988844516107214,-0.1442148096544972,-3.306113013617633
2567,2018-01-10,272.54952000000003,train,902.966917718292,198.78801495989325,970.0075370068342,1.2878199966461488,33719.0627988002,0.001172361111111111,0.34309052947082597,37169.21912748986,0.423948015476996,898.0574734951684,0.44501492658236896,2134.555555330408,4.8509828218773405,41.85941076756109
2568,2018-01-11,257.40788000000003,val,1062.8823795137894,198.32582781100538,1008.6403147950406,1.3261846884627957,42020.716154430476,0.0012413235294117645,0.4295063480560376,47131.65324558045,0.5330025826401521,1131.8237543843695,0.5786035706099407,2690.5053759614834,6.106412747726598,53.518492193572534
2573,2018-01-16,772.22364,train,338.27674584010407,89.73380527226108,325.2783113385867,0.46744381518163186,4458.83743729595,0.0004137745098039215,0.04320697237145379,3860.9472236532265,0.050806941515640115,101.62739686589869,0.11399291635975703,232.62290848694994,0.5703389546170167,3.8558598741804424
2574,2018-01-17,779.7944600000001,train,361.2925129014125,91.66073843837678,356.31802594867287,0.5018133710713616,4712.427430322177,0.000409757281553398,0.04539757846165786,4094.490460778937,0.053642988600038057,107.3210745499633,0.12636146723983407,245.86855669137518,0.6025455785852202,4.119699750568389
2576,2018-01-19,234.69542,train,1223.884556417846,232.0274834478019,1152.8464977601259,1.5240382914934822,53036.71035451359,0.0013614516129032259,0.5422115005485167,59872.325052577085,0.6749016169710617,1435.9827910813779,0.6765380638214034,3417.0422609519783,7.735805919734322,68.06596735839457
2579,2018-01-22,476.96166,val,690.2334665641679,24.95014649844025,485.6045593032798,0.5296835298026294,14826.94458050597,0.0006699206349206349,0.15386824156340637,16866.962738880273,0.18881081349937684,396.1879088262602,0.4703715697963394,931.8198854172655,2.1662150168676972,19.845284016613725
2580,2018-01-23,696.51544,val,232.0097764092638,29.929238237826265,352.3457026689635,0.40257071665911404,3462.5839329095043,0.00045875,0.03529344170164066,3389.472732518895,0.04022135913073745,82.01665998952191,0.1288715298136445,194.29697619132793,0.4573774949856155,3.864204737405952
2581,2018-01-24,594.3093700000001,train,190.2738092451748,47.60510165721189,410.9173880689724,0.4890829622083127,3332.982027954791,0.0005376433121019108,0.033422050836982846,2994.733257286822,0.0370137558652039,75.31886672853427,0.07990577989960952,181.06460634920137,0.4184503073848376,3.222520185188667
2582,2018-01-25,552.66986,val,279.8515683485979,88.6399263679813,481.4510787756682,0.6237275751541557,5192.874599015513,0.0005781506849315068,0.05079548088026654,4644.004425718535,0.05871055666309723,119.74823393078158,0.0864061691784975,283.49600625763435,0.6621588146503977,4.780069001953974
2583,2018-01-26,613.2364200000001,train,400.73304843831687,138.7442742316519,485.76822292238217,0.7053834323713067,6623.576717956931,0.0005210493827160494,0.06314191377926406,5707.5482016893,0.07505297002124509,151.836686942258,0.09533278777604395,352.35821627670316,0.8426281817971464,5.562181136942173
2586,2018-01-29,586.73855,train,558.7809084642556,105.68486015342872,364.0826856583587,0.5313005023405006,9695.384197140747,0.0005445806451612903,0.09769709736242373,9886.655891974928,0.11875372850716982,244.6186803407253,0.2528218779556206,566.3618864460374,1.3492094313601324,10.833685345959234
2587,2018-01-30,560.24068,val,558.0751472742037,93.5655915470319,483.93624212916603,0.6338394935073918,10157.851937502757,0.0005703378378378378,0.10194957421788606,10450.4750788978,0.1238819712233604,256.0415049561995,0.27141253411058175,597.550955257104,1.4099486606199167,11.616837053037987
2588,2018-01-31,571.59691,val,506.7104019159237,136.5160527618154,506.167449498545,0.722580394007606,9000.165673920606,0.0005590066225165563,0.0879988356349717,8541.843148987005,0.10627268926195185,217.70409834701488,0.17457118193860502,506.34079431359856,1.2017316562875588,8.93883291058515
2589,2018-02-01,628.37806,train,479.8453657022971,170.68563875149175,509.81209112363047,0.7789756665442961,7707.5703607577825,0.0005084939759036145,0.07279615541825603,6572.338189983379,0.08749060852334414,176.62134467165882,0.10361406540588944,407.1620960229603,0.9809342617571573,6.284024937754556
2590,2018-02-02,647.30511,train,109.28235867008682,147.61701938435823,473.3576407209307,0.7065166876768321,1688.6942837762247,0.000493625730994152,0.01156738831801055,-211.71386425627168,0.009705123921160876,15.08721382715886,-0.11815464847459184,36.89630672656323,0.09107905487012712,-1.5602803366756148
2593,2018-02-05,590.52396,train,207.16888100526862,104.69670570004503,468.91825594633207,0.6358189913090476,3589.4031158451107,0.0005410897435897436,0.033359918271668294,2558.054891238338,0.03692363301930774,73.41023443452724,0.011507419395641358,174.4203012250628,0.40959886044819355,2.1502096272322846
2595,2018-02-07,757.082,train,265.61984038717077,123.26163778478944,411.90305419485526,0.6067847811651196,3542.8883930742795,0.00042205,0.031644536814214225,2294.462559575934,0.036011254459123676,70.00059777587485,0.018324509465113242,160.7425235398175,0.39601971148083315,1.6629476060673352
2597,2018-02-09,598.09478,train,230.88965932790785,179.1244854984948,531.1825063130706,0.8136096009490715,3872.701957759277,0.0005342405063291139,0.0327826004518576,1939.6957025396528,0.036293949900861606,69.78790979216235,-0.0770995001861888,162.58300499022235,0.39213876187688246,0.6936549727627449
2601,2018-02-13,552.66986,train,88.07789880200814,141.39710149368346,534.4204375099212,0.7586880361723598,1619.0978494847436,0.0005781506849315068,0.01123298034792419,-267.443444781323,0.008397279685060367,12.723782013645284,-0.12053241084832689,34.27009262516542,0.07705274541180927,-1.5544467287943493
2602,2018-02-14,541.31363,train,72.58595058838625,79.077998922342,478.85224815703293,0.6063489644590361,1426.205680070143,0.0005902797202797202,0.012269054074172161,307.13219275895153,0.0095629207773275,17.058453481773714,-0.04323708789742256,47.02301600064992,0.09898876050268675,-0.2651620560290863
2603,2018-02-15,473.17625000000004,train,147.1136750840728,94.0167770287735,553.0580694651775,0.7044532564165313,3226.948481602924,0.00067528,0.030388410095613896,2203.821927703078,0.03173342017339179,63.397951399329166,-0.00849620922244379,156.21094494631933,0.3518036962789245,1.8444157858054457
2604,2018-02-16,367.18477,train,223.8611067664925,124.54233677148547,713.7011648131073,0.914033726006911,6276.851919032607,0.0008702061855670103,0.061012479373146855,5351.957043910389,0.06864796528450728,141.23530390380014,0.013655552158699333,342.7937615594461,0.7724522092184675,5.273784555388394
2608,2018-02-20,484.53248,train,178.87243224644098,110.40944254688198,542.5092183445406,0.7190696150392252,3798.5330469310434,0.000659453125,0.03565776809778024,2697.1136863458237,0.03860681807421989,77.34925222753895,-0.009909070597555122,187.14546171344503,0.42851834361572483,2.2648010908234646
2609,2018-02-21,367.18477,val,239.92467416336467,160.6829898382405,753.5474251832394,1.010087978381479,6685.698891572191,0.0008702061855670103,0.06347895696111884,5367.54822828416,0.07179660958866707,146.88937578333633,-0.02544806797030813,354.9156871126788,0.8037440507587,4.936085178150587
2610,2018-02-22,363.39936,val,280.8870521951387,226.97862183129055,812.7603437702633,1.1722477874503925,7836.553600623526,0.0008792708333333334,0.07238989303434357,5895.117762827433,0.08305302337216308,168.94169346555043,-0.08816804282438512,404.3660403050849,0.9242017742338341,4.903310409470054
2611,2018-02-23,495.88871,train,193.6647194488457,223.95559984035472,656.9095456207441,1.0099391346123194,3901.1731714450343,0.0006443511450381679,0.03111981547415267,1341.3291656159606,0.033039484725927645,62.21572690620379,-0.15988479368302372,147.5068559281818,0.3489927232879729,-0.448230325711898
2614,2018-02-26,529.9574,train,151.05953912522025,215.33980506122012,601.1556780348425,0.9402528609520823,2828.6730297866093,0.0006029285714285714,0.02052145243311777,223.343006203386,0.01998695277211214,34.90023552916084,-0.17952698218842417,82.78257584996996,0.200116603211818,-1.6911302207195482
2615,2018-02-27,499.67412,train,137.42888184803326,235.30850863983585,684.9783068283472,1.0558436658371706,2716.4534110321356,0.000639469696969697,0.018077408673640945,-233.01225198281787,0.01650599880538707,27.0739838816225,-0.21552727273649935,65.87750532205582,0.15745666441392067,-2.4204712609439687
2616,2018-02-28,575.38232,train,106.50368123928453,164.96243551723927,547.6257197809633,0.8083963396435767,1851.8382834732404,0.000555328947368421,0.012408069623244311,-292.28228715831193,0.010140172161696161,15.609824254386748,-0.1418646337023056,39.48088203189033,0.09380257479888279,-1.815936516640054
2618,2018-03-02,575.38232,train,272.1178320181962,162.4086983953315,533.3704315577753,0.7900376036940632,4776.116988031636,0.000555328947368421,0.04294673770627997,3210.560611578435,0.04899757115249235,97.00899368850568,-0.02398476063138813,226.9420975412824,0.5403990185909272,2.3638670047178714
2622,2018-03-06,590.52396,train,127.32867316679244,143.00897144803594,516.3034680788322,0.7428488527719805,2179.612888659968,0.0005410897435897436,0.016822234258775205,385.87374250005786,0.015896017079449525,28.275589776112163,-0.09729467172294544,69.14406793769238,0.16288098319609323,-0.7996531207859704
2625,2018-03-09,715.44249,train,104.58499578351854,105.35550650223892,427.9818644256,0.5954274475938501,1488.7159135135298,0.0004466137566137566,0.011119704111508292,88.23877863160055,0.009607137587555567,16.0336938846555,-0.06407334424344,40.151938546360334,0.0956529427663304,-0.7989376227294274
2628,2018-03-12,666.23216,train,98.9115894675514,148.6907339639076,484.09759315617634,0.7190365832226495,1477.5711550513038,0.00047960227272727277,0.009098315905294781,-490.70098860900606,0.0067096691146899205,8.757587492359857,-0.12739404392108666,22.368865017416944,0.056509555724539536,-1.9033413798733554
2629,2018-03-13,601.88019,train,76.27190055881388,156.85168228838495,522.6893616969085,0.7706615038306459,1261.2653819720308,0.000530880503144654,0.006627197488173278,-871.9139310505484,0.003034519602890113,0.9527956953272885,-0.1522705704926887,5.40425591423898,0.013281943149801637,-2.4286963984920487
2630,2018-03-14,681.3738000000001,train,89.08951518241531,130.34500577911007,438.80397235888125,0.6449219953109089,1313.074285869242,0.00046894444444444446,0.008456682771004427,-417.18226365538635,0.005994475703867693,7.842468651085867,-0.10866104941736501,20.34999356762038,0.05081830617055268,-1.641190680489754
2631,2018-03-15,613.2364200000001,train,131.10470640344553,150.8152712887038,514.0961484646544,0.7526578070275848,2148.616274353457,0.0005210493827160494,0.016043168377718655,253.07360531680814,0.015117544596700517,26.34020338630725,-0.10658446905676021,63.833903999316924,0.152824094164402,-1.0348432298135566
2632,2018-03-16,613.2364200000001,train,130.99513756863954,141.94430271078045,504.0670621502085,0.7288292254700682,2155.451762272118,0.0005210493827160494,0.01655196115536606,377.50773895409435,0.01576103881990629,27.95706115175955,-0.09419205363752366,67.8946778649365,0.16143043577578345,-0.8011095319010868
2636,2018-03-20,579.16773,train,91.91076149909114,95.10899853624464,475.5295347950236,0.6277167799382669,1651.022915977322,0.0005516993464052287,0.013671264661665954,377.1305665633565,0.011754763999301514,21.09955687192298,-0.05393963848965077,54.873920152887386,0.12191213865606378,-0.3437437935967123
2639,2018-03-23,662.4467500000001,train,210.27568797039157,135.63617012897745,464.36554573220934,0.678939858799836,3206.0546608986865,0.0004823428571428571,0.02771881094548363,1721.4901872917656,0.030378010690761605,58.428879934382465,-0.033054928342211395,136.5127926665762,0.3299752605289462,0.8563648128694215
2642,2018-03-26,541.31363,train,162.41153986830147,220.85610003056803,624.9020679283655,0.9727819163402343,2972.425447826618,0.0005902797202797202,0.021438406162643378,295.23748152840847,0.02128896303278738,37.39399006775945,-0.18010225275937053,88.53641594763752,0.2142730265213201,-1.6595846285481144
2643,2018-03-27,548.88445,val,147.75129064049824,218.64096131247365,623.2597921156843,0.9677037432955964,2659.491880638107,0.0005821379310344828,0.018220300443105318,-50.11158165981348,0.017279072864969488,29.01686138315765,-0.18757240478618648,69.14646752701904,0.16849436568037285,-2.0476266333019892
2644,2018-03-28,586.73855,train,156.5926203417178,209.24855098136143,584.7606853301099,0.9142729465162872,2636.2771873789766,0.0005445806451612903,0.01838185337634114,65.40524800064364,0.017873394101663952,30.405121057086788,-0.17005038024811603,71.43943200018758,0.17651345724847445,-1.822591482509926
2646,2018-03-30,533.7428100000001,train,182.38018007212125,181.14369758037122,590.4065340127562,0.8766303649437186,3436.1347248466504,0.0005986524822695035,0.028174099388629678,1355.5799626401867,0.029753730047365354,56.37512279917644,-0.11001783997843706,134.2451082929859,0.31696348093794874,-0.016248019191456936
2649,2018-04-02,571.59691,val,117.34188538562955,156.2228019848392,544.6269104462515,0.7918815826911999,2066.163862260756,0.0005590066225165563,0.015022681575912031,68.50637638717902,0.013425081370814858,22.755376870936082,-0.12196102480273026,56.484594028483706,0.13272982145784326,-1.3024404013477628
2651,2018-04-04,613.2364200000001,test,141.2186776186581,172.1873830422394,530.79428157144,0.802516003780461,2295.1962791194683,0.0005210493827160494,0.01658373822247484,154.66989928022295,0.01581496056305271,27.144902750325173,-0.12965782202052556,64.68547382816772,0.1579008024581493,-1.3590499068223143
2652,2018-04-05,598.09478,train,146.00752241977435,173.45572335612417,535.5592446951491,0.8092923285851352,2437.5932601519003,0.0005342405063291139,0.01808489332628187,306.981247807581,0.017587696045638174,30.864871901979868,-0.12751456188931065,73.48953906026841,0.17811775081852493,-1.189628008090487
2653,2018-04-06,579.16773,train,174.87101068286384,179.54835932623962,552.0136633023346,0.8353344848766863,3022.7252672496425,0.0005516993464052287,0.023909611293423956,913.2557154050154,0.024819488644441848,45.87531095225009,-0.11534840585411849,108.35153760853798,0.2603749956130957,-0.528020141052571
2658,2018-04-11,628.37806,train,159.54321861587593,156.94454120360905,489.68131330187765,0.7374166002917829,2546.7260200714527,0.0005084939759036145,0.020072030102659264,675.3397930594842,0.02037860488451814,37.10206883527691,-0.0962223711788554,87.39301127879526,0.21236354033731225,-0.594365526773565
2659,2018-04-12,662.4467500000001,train,157.10347465664222,156.48269055441745,491.07783160579135,0.738116767160782,2370.9468698708242,0.0004823428571428571,0.018009162662051846,461.4602621236003,0.018027879356493717,32.07465174140284,-0.09858191657747409,75.41627308442867,0.18535291441015186,-0.8447482920588865
2660,2018-04-13,617.02183,train,166.7976329135713,195.55334730929908,545.8639398770122,0.8538026120673121,2678.117536569396,0.0005178527607361963,0.01948416528485445,312.30109205243286,0.01955010410069231,34.21581988858865,-0.1450802441986324,79.70984971876841,0.19757224059221343,-1.3986002147578482
2666,2018-04-19,620.80724,train,160.80502250585866,168.89405339287043,529.9728541515714,0.7966049563914502,2588.6310674481188,0.0005146951219512195,0.019695914179577292,537.9281360721378,0.01984116324273376,35.614200779045795,-0.1119353639482964,84.2188624228449,0.20455664328094197,-0.871806577808364
2667,2018-04-20,624.59265,train,150.7220752597713,167.08114051722367,521.926908702269,0.7856698317001487,2409.8423270077,0.0005115757575757576,0.01796674405144368,356.974156221998,0.01767212746173487,31.136067692132567,-0.11642808741402683,73.81635258067331,0.17989717838453295,-1.0697483668790215
2670,2018-04-23,541.31363,train,141.17897955017318,158.06447614971339,557.4272976918826,0.8076702637618127,2635.4839175058937,0.0005902797202797202,0.02101072580540272,715.6256647568263,0.020718020976562307,38.08408271336155,-0.10660191159654914,92.49831650212799,0.21631136297648743,-0.5503539125204904
2671,2018-04-24,564.0260900000001,test,150.42976575782163,178.2448999982232,557.8617908583411,0.8392392898454104,2669.9649374329065,0.000566510067114094,0.020382069035046316,510.27052985000455,0.02017512700660129,36.2591576903283,-0.12965148779064395,86.65926550796986,0.2072582878427346,-0.9924574906059441
2672,2018-04-25,514.8157600000001,train,177.25946909628405,181.03186083716054,580.8549910079862,0.8667963186411466,3468.0968532360025,0.0006206617647058823,0.028814940050080305,1414.922342458858,0.030337572936379148,57.72180816866385,-0.11221012208597335,137.5501924268214,0.3237591849786311,0.05548509102008238
2673,2018-04-26,594.3093700000001,train,230.72182170037135,190.7512536508826,577.5377997983896,0.878433682981052,3884.2784316977722,0.0005376433121019108,0.03201550205253297,1762.099967838088,0.035288115839383044,67.31931792381012,-0.09347717128361599,157.28215818435925,0.3789901603134969,0.37155935135883833
2674,2018-04-27,598.09478,train,239.54185070800986,227.15268434199086,597.8175631272592,0.9550983906944358,3972.7210984268154,0.0005342405063291139,0.03131916466412586,1412.7641623634304,0.03445361652651511,64.45535546475192,-0.1386994589845308,148.7442174607948,0.36440894012294933,-0.3969271745005672
2677,2018-04-30,620.80724,val,140.90120904517804,203.03254178983832,567.3470723396618,0.8870702397979551,2229.8936908991022,0.0005146951219512195,0.01430750313195441,-331.4219813534206,0.012998784412106173,20.28423392962874,-0.17354400099448575,47.64835941656428,0.12131214922501368,-2.2354622327628566
2678,2018-05-01,537.52822,train,171.13031795800416,211.3074908128222,640.5158522171183,0.9738461873939103,3168.8345511250895,0.0005944366197183098,0.02370940772275802,622.457352540865,0.02413134955661695,43.63702025332465,-0.1605119499289901,103.98303658116852,0.24822893628200854,-1.1776412056284753
2679,2018-05-02,613.2364200000001,val,169.5945333775186,163.24254533484333,544.1513360222577,0.8022289124363945,2773.626538223454,0.0005210493827160494,0.021736932105986935,807.816062679796,0.022370093322656413,41.078125779588,-0.09771606271998019,97.57132038622159,0.2343771493262101,-0.4952239432176814
2680,2018-05-03,579.16773,train,182.74894407531994,164.5751925355121,549.1033222072435,0.8092936111972457,3175.3993558348243,0.0005516993464052287,0.026084824941676632,1272.9983545071823,0.027581243391360595,52.095048451193286,-0.08892622547891879,123.56170749023568,0.2941360914314311,0.04481010674650979
2681,2018-05-04,564.0260900000001,train,185.4626090080337,180.44863622208902,576.5135709694259,0.8615052467046861,3298.3148342856402,0.000566510067114094,0.026615189920712212,1204.6455281585402,0.02810753604984292,52.78687849996265,-0.10859546054401008,125.06965254464644,0.2980502836238242,-0.18972701922841526
2684,2018-05-07,579.16773,train,152.7464266698699,172.4785800467939,561.1923112279438,0.8337132631690168,2641.8443341942548,0.0005516993464052287,0.020134519267516283,535.1315523244859,0.02001324859636171,36.018478807701435,-0.12072982511928472,86.2897482419907,0.2061413846104771,-0.9072366325931204
2685,2018-05-08,632.1634700000001,train,173.66787407061025,199.77651938907354,562.8910070973906,0.8775402495500378,2715.6056423494947,0.0005054491017964072,0.01942014315224115,281.0930345813953,0.019601611835558898,34.108252356210215,-0.14700944191978,79.31585989056255,0.19753252568118665,-1.4760745197554166
2686,2018-05-09,677.58839,train,168.352325664848,174.16847421744532,508.25010834809535,0.7827681824264069,2465.8312548503477,0.0004715642458100559,0.018046480274456076,339.93449151999187,0.018197250945891356,31.81121525545652,-0.11632914630284015,73.80327986718174,0.18482557403372657,-1.1602089410877026
2687,2018-05-10,647.30511,train,162.8533412937216,28.23641705286941,385.7214067416418,0.4337194705307282,2645.185505865166,0.000493625730994152,0.02687538708306176,2423.4221375335574,0.029136470424538985,59.2272360197369,0.08600933068310457,143.8768922025308,0.3305157310635293,2.7305176903730493
2688,2018-05-11,582.9531400000001,test,180.8306581897818,26.96962459413488,392.0921957092947,0.4382095163568286,3254.500193048644,0.0005481168831168831,0.0336794611901854,3171.6219562620427,0.03722196331341275,76.44184445705663,0.10295944834365311,184.7528650675201,0.42370727143515496,3.632914534359325
2692,2018-05-15,594.3093700000001,train,174.75696201794702,11.062593892388175,372.4407678892599,0.3937942364802647,3103.57867674062,0.0005376433121019108,0.032820466270849495,3199.7904087881716,0.03623193416402405,74.80204784010624,0.12058173253960519,181.33695385898483,0.41448566115669516,3.8203785135117516
2693,2018-05-16,594.3093700000001,train,174.68982526726782,15.566485207658163,371.13671170362954,0.39942268970979705,3098.0406673389916,0.0005376433121019108,0.03260719115822647,3141.943595191997,0.03596232029322031,74.10730903630983,0.11422970509427885,179.42325573091662,0.41077533070348116,3.707723764403385
2694,2018-05-17,579.16773,train,179.2568795226212,16.078971226215906,404.3195064306798,0.4337781331583083,3258.978326955191,0.0005516993464052287,0.03404217566240768,3291.412232610853,0.03764183146849428,77.6468920968096,0.11728086849378888,188.5604525224238,0.4300214472484345,3.881976684690476
2695,2018-05-18,647.30511,test,160.44937448431392,23.922902518741893,371.0576016003538,0.41223294993796433,2611.692400062032,0.000493625730994152,0.026843214682914462,2452.4647338392438,0.029093128751459155,59.28285875080826,0.09046786714148497,143.96225398879994,0.3306173292714159,2.806223718124581
2699,2018-05-22,590.52396,val,167.36374253129375,18.003066050935665,401.58753390823733,0.4339827344555503,2989.6877614048985,0.0005410897435897436,0.03110902763103951,2949.79345736079,0.03402164525032365,69.96545951446421,0.10584246444943897,170.48045170322973,0.38815268942586906,3.4574094393732935
2702,2018-05-25,670.01757,val,117.13618196609383,34.94990053195223,351.0770937551777,0.4090321759699512,1855.4098904897544,0.00047689265536723165,0.01864763617060659,1450.643052246286,0.01884024452530933,37.555721246937864,0.04475984949349115,92.75951858954467,0.2113856554853529,1.5049184240901534
2706,2018-05-29,620.80724,test,108.23262950348325,24.91027921607958,377.32109832605954,0.4200916608761842,1869.3905878766338,0.0005146951219512195,0.019250332920709226,1566.4523624511426,0.01920858771452099,38.73574447312445,0.05437456683822777,97.25552377340641,0.21706631189083644,1.7443649350191455
2707,2018-05-30,594.3093700000001,train,121.04756147459025,23.505650524120764,390.2680983232178,0.4310210236299788,2174.0744011326165,0.0005376433121019108,0.022538635470224635,1934.6376537362362,0.023153364274646114,47.08309962992727,0.06614209432563205,117.15135192741715,0.26259903493274467,2.1978696446962145
2708,2018-05-31,590.52396,train,146.55307127588864,26.626726828791796,394.2329912651757,0.43984602305936926,2623.5487898613633,0.0005410897435897436,0.027068205127019393,2425.114472025914,0.028882789079598244,58.97693884312085,0.07946612030588118,144.47333055694708,0.32796978993998066,2.7501200065268057
2709,2018-06-01,723.01331,test,111.08882629007203,0.5632283634937958,349.3222566861061,0.3542136009284141,1665.5367396674387,0.0004419371727748691,0.017667326590394144,1620.9861863275237,0.017943416139995408,36.59021750376526,0.08724502645845472,92.23751167385872,0.2057117318257356,2.038928909405301
2713,2018-06-05,635.94888,train,146.31176015279718,34.9032942491792,369.3444559787951,0.42743799826581524,2422.3766393878627,0.0005024404761904762,0.024569906175198324,2106.0803478460916,0.026111436281783994,52.79100255049496,0.06587792702606672,128.4974265371532,0.29491761002986283,2.287583528278705
2714,2018-06-06,635.94888,train,180.69376897086445,42.530025143750684,376.7805186010023,0.44672438462970887,2963.744153535302,0.0005024404761904762,0.02981234136129066,2645.3144110700478,0.03278755578053104,66.47035694225107,0.07866445890847894,159.54437981949783,0.37050984775141177,2.855109801928862
2715,2018-06-07,700.3008500000001,train,164.08947668705528,21.850658085563886,334.26388611354713,0.3718189830034437,2467.0700203394626,0.0004562702702702703,0.02545508011601363,2335.7921340655917,0.027717280920603632,56.3090160150441,0.09406019481574639,135.71291830849583,0.3149985172567465,2.6852147019163626
2716,2018-06-08,696.51544,train,150.25898061929541,23.398839993171336,345.9785643804249,0.386056723259117,2277.51941945101,0.00045875,0.023335922164555222,2081.752253552389,0.024994224913494307,50.60957414476396,0.08259396001233447,122.9105587078041,0.2835400712044502,2.367969461346963
2719,2018-06-11,764.65282,test,0.0,24.570848295332993,281.8050997678242,0.32295217967777806,76.66689888057451,0.00041787128712871284,0.0007956727502238683,-448.6014948990088,-0.003283547240542354,-8.040499690493336,-0.02204261149878702,-12.549385489179336,-0.041089204657754494,-0.6720701181540188
2720,2018-06-12,783.57987,train,0.0,31.17553697078903,300.3750085190196,0.35192405889608425,67.79680867880381,0.00040777777777777774,0.00016932528936256877,-561.4129275789438,-0.003973124381521756,-9.692219741804195,-0.03169144872585607,-16.386141834501487,-0.04992301854976215,-0.8715785420114168
2721,2018-06-13,791.15069,train,0.0,47.647071510624244,292.4595985178967,0.36932584360657617,50.79741697877718,0.0004038755980861244,-0.0005802153568862577,-766.1621945966663,-0.004880256624241864,-12.06333397301422,-0.05486675308539127,-23.076023222980933,-0.06258588253072453,-1.2764552093010781
2722,2018-06-14,783.57987,train,40.12507365713721,39.564174615266424,311.7936765420551,0.37641419876818893,579.4229014094319,0.00040777777777777774,0.005029728297578804,-75.37768136564529,0.0022219694517791873,2.820093135515578,-0.016515869339708496,11.629432296269213,0.019967865607974263,-0.3701092317759821
2723,2018-06-15,658.66134,train,43.19169544701075,23.547428680526554,333.8626742615003,0.37403052281100735,759.5070702744963,0.0004851149425287356,0.007983937740979849,318.6635174028743,0.00517425032328204,9.509236881491008,0.01079133712692535,29.0446695922486,0.056119699192312085,0.267740462318201
2726,2018-06-18,609.45101,train,0.06546875687350162,7.348655863900571,348.7267657410835,0.36407818685358134,120.17359193907565,0.0005242857142857142,0.0021794666617702746,-252.91118897076683,-0.0026251935733789685,-6.26781205526578,0.005304395053519814,-5.571390245196579,-0.03118202280164139,-0.24657398746525921
2727,2018-06-19,673.80298,train,115.53065556344085,5.282580371823949,330.41740619299264,0.34237094365373577,1849.5328576079357,0.00047421348314606745,0.019892775300112586,1816.3930043586274,0.020439818600000825,41.78829631196657,0.08519114735674624,103.89439121963494,0.23381216797724544,2.2270754992630692
2728,2018-06-20,813.86315,train,88.39287047214265,20.59884184735026,276.89780813203106,0.31186131817080515,1176.9430749693022,0.0003926046511627907,0.012148181754129402,883.6553884060776,0.011437139140524074,22.42369666476372,0.0419871276924043,56.392976731779484,0.12825186681848855,0.956830817918075
2729,2018-06-21,810.0777400000001,train,88.7566667367011,60.50343606658648,230.30379106859363,0.3262860202732223,1148.188362844028,0.0003944392523364486,0.010850079227046203,438.1992810162403,0.00978080916788739,17.839385219419743,-0.013428745417096169,42.28906650956027,0.10381096743095598,0.0368823392146616
2730,2018-06-22,798.7215100000001,train,90.01860986565895,33.153406079424165,298.2447913557078,0.3528202950103656,1208.0564046238956,0.0004000473933649289,0.011845292957581069,749.1182377601568,0.010980269656272815,21.088323761543297,0.025724950465879786,53.0624459440281,0.12128909389093863,0.6768052045734824
2733,2018-06-25,745.72577,train,79.50831577135922,27.02975945923662,304.3637186911385,0.3495635863885027,1159.107498283846,0.0004284771573604061,0.011770640247356938,766.0390904171996,0.010585319997865392,20.551379597969166,0.028411309833479607,52.79327906909113,0.11766205934362312,0.758750777430282
2734,2018-06-26,749.5111800000001,train,0.0,40.14442996264574,329.2944630858431,0.3950115902223601,63.515454249258205,0.0004263131313131313,-0.00034219394088222486,-702.8571264213199,-0.004810626024723148,-11.744292817735541,-0.0437711474961839,-20.97897169188911,-0.06077531932830284,-1.1217133428516528
2735,2018-06-27,670.01757,train,0.0,62.55481929657105,377.9918895506811,0.47883916617296,53.84488251715331,0.00047689265536723165,-0.0013255273002877532,-1025.507167726992,-0.006572978302417679,-16.157983440965307,-0.07372861054948268,-31.32434400807787,-0.08408454513661123,-1.7104534593013008
2736,2018-06-28,635.94888,train,139.15929846436714,64.3243672081008,402.0218324004799,0.505875454769689,2279.523925822732,0.0005024404761904762,0.02164386847185996,1552.4881828843022,0.02240073146215117,44.14308045788039,0.019641907363158823,107.48010466955807,0.24827643873307123,1.3448005906321687
2740,2018-07-02,825.21938,val,147.17977175960166,-1.3310003182232086,284.7956526712335,0.28602199465645683,1907.0160335568498,0.00038720183486238533,0.0203949924101242,1982.382420191714,0.021989633888430178,44.804801238444256,0.11183452743122686,108.55977947050673,0.25224639319897674,2.484421915585251
2741,2018-07-03,832.7902,train,198.87950170403064,22.66582158727014,285.26966004223675,0.32351801578588096,2494.457213936551,0.00038368181818181817,0.02553152293456941,2383.566837867808,0.02858231896339344,57.588867366672545,0.1126303891400992,135.63501298093692,0.3245162701610599,2.7353249664004355
2743,2018-07-05,855.50266,train,88.70784808547528,21.04451530117441,277.69118549333473,0.31335130983877557,1121.9835409274558,0.0003734955752212389,0.01137609039970067,806.5049140321968,0.010654011531997626,20.72131699856374,0.04075367987279851,52.239927665131106,0.11916111647892488,0.8588674842071848
2744,2018-07-06,855.50266,train,98.36217224619735,2.9782988822428265,260.07662448487645,0.2676656766617561,1254.151613119925,0.0003734955752212389,0.01360640464893437,1194.4024514536761,0.013486088944303608,27.137521340220957,0.0725841526888328,67.60752294800025,0.15413007534491732,1.4964016586482705
2747,2018-07-09,908.4984000000001,train,83.62106086262784,4.2306694824076825,248.15879427449053,0.25754246747842485,1014.8945976480072,0.0003517083333333333,0.011004572589344506,907.5651579157167,0.010399277546419419,20.690257676022046,0.060107007304902545,52.4178646711912,0.11852481773023385,1.137911219061477
2748,2018-07-10,836.57561,train,89.47475769703591,20.19389718586237,239.18552778526092,0.27309012005583977,1157.9670072874746,0.00038194570135746604,0.012259423636903988,908.2859461145783,0.011688483431056556,22.96746116855956,0.04296491189827262,56.69158293859872,0.13119126166795114,0.9871826758736162
2749,2018-07-11,847.9318400000001,train,78.8653012487419,-26.744833382587345,233.3927560898339,0.19482480005153338,1101.735327262831,0.00037683035714285715,0.013458540944000211,1401.7744197522527,0.013244889252132668,27.696217774305982,0.10159795562250648,70.65278351901505,0.15552115746999262,2.0266382289518194
2755,2018-07-17,829.0047900000001,train,73.73515899709096,33.86635290294441,298.41261177388617,0.35408981170367565,962.6633488682421,0.0003854337899543379,0.009141263958998102,448.8729933782677,0.007688935054902803,14.233084254230246,0.013195709449409027,37.312991800584626,0.0834145860434738,0.30911446601588327
2757,2018-07-19,798.7215100000001,train,137.0261081362389,189.33466332420926,464.2942775899608,0.7617009575952645,1653.1995322580685,0.0004000473933649289,0.008848316596341839,-768.1803023982518,0.007243582776716353,8.284148969180206,-0.1621821871870676,16.75885955692704,0.056840888412467296,-2.632230900288622
2758,2018-07-20,783.57987,train,142.32180313667322,-0.7393142066778762,283.2969293395594,0.2854187249314699,1943.7658815021857,0.00040777777777777774,0.02096211353230153,2029.062854565341,0.022494975251535668,45.96008251738871,0.10876579290714268,111.55884366630823,0.2580403911108058,2.534314631073647
2761,2018-07-23,832.7902,train,79.48472496434276,184.22965650826757,444.82660359982043,0.7341343255189083,881.6154347252386,0.00038368181818181817,0.0011057629843198875,-1591.987702924586,-0.0024509639421603667,-11.576489956274136,-0.19426452228900895,-28.468832687262825,-0.05365696673445424,-3.5720350860455055
2762,2018-07-24,613.2364200000001,train,137.09117276498355,-84.43848529149615,269.5449243382834,0.14239730665696707,2605.8520935818156,0.0005210493827160494,0.032175951072069726,3856.988652293511,0.03553827824370794,76.34057069169293,0.2285579157116582,188.76821545563183,0.4196491475288438,5.521376708996146
2763,2018-07-25,829.0047900000001,train,101.3617786213274,65.34335801998076,317.8745298605786,0.4223310309124608,1270.2550439941808,0.0003854337899543379,0.010936846639266242,414.1914273810619,0.009992380173421687,17.957469067680854,-0.012485292241810296,43.91499379424815,0.10547883392533686,-0.033445755895660914
2764,2018-07-26,749.5111800000001,train,112.16550498953198,64.21211023799263,361.7924713970227,0.46500967974838386,1559.1590133839202,0.0004263131313131313,0.013895252091059533,727.3424239201271,0.013333002678971653,25.01000336739465,-0.0019691819396449733,61.60045647919373,0.14403324650910584,0.3567741800779494
2765,2018-07-27,836.57561,train,76.5018717196405,56.67621875622339,326.3425211757237,0.4175269444059487,964.9842153253317,0.00038194570135746604,0.007984051413143475,148.3036162430106,0.006263395008391214,10.530358269497908,-0.017161726518739956,27.88944601632073,0.0639010118932849,-0.26874069631605924
2768,2018-07-30,810.0777400000001,train,68.75932672832117,62.55336340606517,329.4494428102041,0.42973549561739666,895.6056331731907,0.0003944392523364486,0.00712910115325406,-1.43560451342897,0.005046605035686665,7.8760208802546305,-0.030084601793443466,21.713132094620196,0.04916530467341902,-0.5033269873568569
2770,2018-08-01,817.6485600000001,train,86.71488395943608,-109.3089061450085,169.7471796904708,0.0030862319487145076,1443.9254813441569,0.00039078703703703704,0.020903405578470972,2859.9646641278164,0.0225344355607381,49.73708476973455,0.22383917902901534,125.6181346240348,0.2735771500031989,4.558401599830624
2771,2018-08-02,821.43397,train,97.48720277540994,-106.74487896408928,165.82297788095457,0.0030720096816697407,1565.2410423284957,0.0003889861751152074,0.022085952007020397,2975.4276307824916,0.024060987101851405,52.79333406828475,0.22738707333305255,132.21506087900892,0.2907238392209042,4.6719626837716675
2772,2018-08-03,806.29233,train,99.31794836743641,-107.90988140075862,167.6566401642128,0.003129700004330205,1615.5847865933017,0.0003962910798122066,0.022700029198389326,3048.4688910555897,0.024766064688170084,54.313766992682005,0.23056741264864267,135.89974658029573,0.29898947648335683,4.7710861619258935
2777,2018-08-08,806.29233,train,99.31794836743641,-111.26826631805037,172.77817716308263,0.003129700004330205,1623.980748886531,0.0003962910798122066,0.02286029764801546,3091.773019335796,0.02496863854991299,54.836042217427426,0.2352731083751257,137.44441133629948,0.3017742954779026,4.855318174434276
2783,2018-08-14,787.36528,train,136.16462742680247,-113.57707749846469,178.3629813591649,0.0052173330796694275,2137.1437662729018,0.00040581730769230766,0.02828888612270059,3715.9467728418867,0.03178227295985142,69.00643131670299,0.2636799705054398,169.98903373130153,0.3802602481207349,5.625244707010093
2785,2018-08-16,810.0777400000001,test,59.49947470473637,63.48333780726453,349.15880770665456,0.4511063606219705,778.6649142975605,0.0003944392523364486,0.005679255101569159,-172.93393060074027,0.0032011054491110995,4.015441216450258,-0.037671623446445354,13.336096583981048,0.027859681554646062,-0.7164819999842628
2786,2018-08-17,806.29233,test,63.193333365827755,64.66097509577227,363.20010270132565,0.4671259215765408,827.9675850373781,0.0003962910798122066,0.006016413062347086,-145.65090418226458,0.0036125117478257095,4.811055299801977,-0.036823821959565524,15.370859505455407,0.032408212765980715,-0.6940568501458964
2790,2018-08-21,802.50692,test,73.58441220668851,70.1133517425693,369.93199847904214,0.4823459589385381,958.2920429433542,0.0003981603773584906,0.007107228109056404,-65.02072057878844,0.004985376144476475,7.466900559698436,-0.03744161325327743,21.164186715376403,0.04740064025343087,-0.6493292607574943
2791,2018-08-22,802.50692,train,96.70383901487106,83.48326439847554,378.7498803740747,0.5118892832883213,1237.6959700054438,0.0003981603773584906,0.009403662232154537,93.64972059400884,0.007917274571293606,13.082411952009014,-0.04069386983119774,33.12487856394502,0.07917790705522589,-0.5873732055298728
2792,2018-08-23,791.15069,train,146.10402475917707,96.8375741244666,397.1081485713366,0.5510587853290327,1877.446382160178,0.0004038755980861244,0.01538415536363708,664.5488681482709,0.015482045563120887,28.27303140258337,-0.026040539648114633,67.07931621397269,0.16410087264696513,-0.031127690288884513
2800,2018-08-31,798.7215100000001,train,115.2458007547587,115.72450787119288,386.16771736761405,0.569126614983401,1448.1627854684814,0.0004000473933649289,0.010308734534555766,-47.65256026094997,0.00906575895547347,14.44457887331447,-0.07336807001127722,34.15641694771002,0.08791590845551707,-1.0661602638367225
2805,2018-09-05,715.44249,train,133.7914665929333,103.5699184396397,406.13391906470906,0.5705735398075247,1904.8497039718666,0.0004466137566137566,0.01572190390805176,624.1762626539944,0.01546534065630177,28.263100149800007,-0.041720755425089615,67.66733412133847,0.1631293868118799,-0.14341688922311951
2806,2018-09-06,715.44249,train,145.5030997669708,98.92508921562478,418.16391398294115,0.5755771318041117,2075.5476490108354,0.0004466137566137566,0.017538824335805513,864.4892056118001,0.01777726177618805,33.18290945481188,-0.027330722918449776,79.44968353729915,0.19028504624587947,0.18892607385947274
2811,2018-09-11,779.7944600000001,train,107.50255907178412,97.44579159849197,376.0655035018434,0.5307120415109841,1403.0750561695063,0.000409757281553398,0.010725922963142528,130.45081600425814,0.00948618935140758,15.939956670126389,-0.05247920911143389,38.76494881228649,0.09528659222315757,-0.677266908978331
2812,2018-09-12,783.57987,train,117.57461303848962,105.39255458337551,398.6545712486515,0.565819592457952,1518.5694529635005,0.00040777777777777774,0.011368846375701257,143.96689292519122,0.010330591970142335,17.396040652442036,-0.05701757837911624,41.962278070770274,0.1038567026159535,-0.7363557924149063
2813,2018-09-13,757.082,train,129.2261604423299,131.39136152746002,436.5952220482513,0.6443018780077253,1706.1913647001777,0.00042205,0.012071738987189854,17.547458884833958,0.01108936918710977,18.18171005695539,-0.08507758093317336,43.03996853505371,0.10900747406920269,-1.1354894674834475
2817,2018-09-17,851.71725,train,117.49110400194432,93.10734576463197,373.9334904596745,0.5218631615902589,1399.846074587779,0.00037515555555555556,0.010553826009404502,166.83623429328455,0.009628601426684289,16.200038462261244,-0.041274155466447665,38.97342366439078,0.09740938508208853,-0.5932269813401336
2818,2018-09-18,806.29233,train,124.15980690278923,112.51150210176824,403.5573948122497,0.5817602822002634,1548.8629024634085,0.0003962910798122066,0.011255784231625644,85.19664442354727,0.010310977250517129,17.067393344215265,-0.06312417328893812,40.6093193272463,0.10261201596096017,-0.8751988908984569
2819,2018-09-19,749.5111800000001,train,133.56585288027327,152.91139576477764,458.435297333694,0.6995894070637835,1762.5120643171163,0.0004263131313131313,0.011657860397572512,-194.20994576959845,0.010528168762481853,16.35252229044989,-0.11218342680348055,37.97032174138153,0.09961432551184858,-1.59484219441053
2820,2018-09-20,821.43397,train,121.8225732739054,117.76847236725352,409.44708946299323,0.5958269940726894,1484.2821206284534,0.0003889861751152074,0.01025996679123962,-62.14438059167519,0.009122112820886492,14.405447023224713,-0.07242148059323779,34.205036426918824,0.08822707099254745,-1.1019994707163823
2824,2018-09-24,806.29233,train,124.11032112881442,111.35812033860758,397.1853711598998,0.5735357217237679,1549.364438658743,0.0003962910798122066,0.011370593789312353,107.08207218524419,0.010456376789460637,17.41225163647679,-0.06151730472154737,41.33494342147474,0.10444282550310835,-0.838288797991013
2827,2018-09-27,813.86315,train,122.95580651366268,150.39179571002487,435.677646881972,0.6726830606278478,1481.484137622986,0.0003926046511627907,0.008764576858208863,-479.3426364066848,0.007195714808550613,9.39867381964688,-0.11730252683838892,21.23390591762244,0.06164231328321256,-1.9136631725764672
2831,2018-10-01,813.86315,train,103.1005028302363,131.27051138601644,418.07412720586484,0.6253810895943105,1252.4804068158228,0.0003926046511627907,0.00729757125878617,-500.66599417066675,0.005317064648404025,6.151479736039543,-0.10375490358575346,14.859719903552113,0.0427434736277581,-1.7565332062565309
2833,2018-10-03,753.29659,train,139.35666428544434,144.7365627343649,447.787000041,0.6762083155318285,1838.9100335225196,0.00042417085427135675,0.01284680443543844,3.439784521457767,0.012060673714929747,19.77641168229592,-0.09688806402986654,46.03438284889188,0.11831659887287102,-1.2804179477008004
2839,2018-10-09,783.57987,test,137.89175058823295,139.80313437166282,408.4467468646516,0.6288049368996645,1748.2199000546457,0.00040777777777777774,0.012348691710228937,-3.752219916847679,0.01159498374469429,18.92562569093582,-0.09161241750239274,43.26274357337285,0.11362259511129305,-1.243893261079348
2842,2018-10-12,776.00905,train,146.53823947027422,157.82865914785566,439.5811571423023,0.688103334349667,1862.1354149416188,0.00041175609756097557,0.012563104840507282,-118.48118305371565,0.011835874810742816,18.845394387145298,-0.11097665506910363,42.587431196760285,0.11390074430317944,-1.5529235261805778
2845,2018-10-15,794.9361,train,93.81018172404048,93.99828643287015,373.7376695347438,0.5230394158399485,1203.055897678383,0.000401952380952381,0.008736972367617009,-62.99468431826633,0.007032970620275703,10.954143325680185,-0.05718580318146576,27.532519788333097,0.06760507688084476,-0.8761546172567893
2846,2018-10-16,791.15069,train,115.28954111131473,100.04274288541816,390.6069562256324,0.549426897689076,1478.9514669208158,0.0004038755980861244,0.011207262380310409,168.77593199339424,0.010162940360367103,17.208045428559842,-0.051206570251255995,41.66351773457073,0.10266289026735015,-0.6557744952466878
2847,2018-10-17,783.57987,train,137.89175058823295,127.5455608736335,420.253752381653,0.6218398512479649,1760.1710342152244,0.00040777777777777774,0.012810994849003434,139.96471231283795,0.012178707158471889,20.49402602064115,-0.0744817689435385,47.91296272938459,0.12199290534980715,-0.9531788419143206
2848,2018-10-18,787.36528,train,137.2288094796357,127.12645901785258,417.34782361752093,0.6182539699408272,1742.9725681117468,0.00040581730769230766,0.012660563326868454,127.48506806233388,0.012007442090522086,20.14607201594732,-0.07442443883342652,47.0505973729158,0.12008131812058312,-0.9642577267626653
2849,2018-10-19,776.00905,train,109.31238495221159,111.93355908970479,403.55704418783864,0.5808684153357283,1419.9315542323393,0.00041175609756097557,0.010088169461899988,-52.76162805094754,0.008660881074200844,13.758010715583483,-0.07157518781226069,33.44100238688074,0.08381598627423144,-1.034270472332755
2854,2018-10-24,726.79872,train,148.60964532243534,159.24899710525628,476.61011025989336,0.7277496423949847,2026.1825281206222,0.0004396354166666667,0.014084874460425643,23.825163370218206,0.013482113684843661,22.32551427127946,-0.11032092512164188,51.78823199470608,0.1326672833421072,-1.3944600674999386
2856,2018-10-26,791.15069,train,136.52177943496454,126.63339038131308,410.115349609042,0.6101776239220116,1725.449018785182,0.0004038755980861244,0.012554688931058131,120.76216096353176,0.011892488548020401,19.92295224594248,-0.07427559058270423,46.384996974714106,0.11882907257648377,-0.9680001462612235
2861,2018-10-31,813.86315,test,112.17020945106069,140.73589520221157,409.6274232500369,0.6314380492998246,1356.374353543843,0.0003926046511627907,0.008104124193487206,-480.3221431571603,0.006348559478915196,7.993054123968641,-0.1109055186416436,18.182414817022117,0.05327615243176306,-1.8236514925927905
2866,2018-11-05,813.86315,train,176.39353741473616,125.2839267977877,387.2836262771161,0.5850013582242178,2172.4710048621655,0.0003926046511627907,0.01736226344186672,681.7514840845538,0.018133934395273422,32.78826181568947,-0.04611528837000564,74.83112820380612,0.1905602402311774,-0.2843085212671861
2867,2018-11-06,810.0777400000001,train,161.8503922845726,120.72396757694565,397.6562840105954,0.588459445532723,2005.4012533998302,0.0003944392523364486,0.015714681457319354,528.4501284368408,0.0160140420140269,28.56162033909899,-0.04942019606839429,65.86167011545552,0.16687883285749355,-0.42358165144747584
2870,2018-11-09,798.7215100000001,train,143.0706429829341,141.95252572602251,433.98834007086833,0.6579562144560234,1776.2173101115059,0.0004000473933649289,0.012219471780263032,-30.578073152414206,0.011514158456691933,18.60905418562903,-0.09161966547778187,42.7721241511365,0.11235240782751577,-1.2951194078856663
2874,2018-11-13,783.57987,test,142.83100457902268,144.10830244339328,439.6421717318388,0.6670005678928552,1808.0085114386395,0.00040777777777777774,0.012481260885247045,-22.310804594229737,0.011767292998767847,19.104124420657225,-0.09444186547148477,44.03320132055952,0.11498418496340153,-1.3056825786532147
2877,2018-11-16,798.7215100000001,train,204.46513328531745,144.82895803148324,436.79286156869256,0.6652301022540296,2553.677400608786,0.0004000473933649289,0.020127306458440866,841.0184418006929,0.021588539274803746,39.291110283588196,-0.054447270717934884,89.4354729635546,0.22748771658361425,-0.27905782828076753
2882,2018-11-21,832.7902,test,134.34307944545938,140.6671992284527,411.49812804525124,0.6332243280008553,1592.7637948535653,0.00038368181818181817,0.010449426186987219,-209.41316021322012,0.009430371613993679,14.288176803474682,-0.09638187956463494,32.263934317436856,0.08859021562806625,-1.4983078541289143
2887,2018-11-26,783.57987,train,90.33233587279368,113.96900836604401,405.9366982468632,0.5864152758366333,1157.2941075784615,0.00040777777777777774,0.007231610762703878,-388.3160462913059,0.0050653144285643745,6.250982887204803,-0.08737468897798206,16.27199079852498,0.042284985377057875,-1.4554117643693805
2888,2018-11-27,794.9361,train,137.47784255866605,155.02137945639632,441.75108984438583,0.6859678549025832,1701.174862902597,0.000401952380952381,0.010888309399774912,-280.5538715237492,0.009804917666957687,14.67779573863895,-0.11362249723037025,33.173415440612324,0.09095540846250189,-1.719669470953934
2891,2018-11-30,813.86315,train,147.46852711048538,145.71894964838677,411.3667037156545,0.6408840221738997,1791.7771786109492,0.0003926046511627907,0.012403759759124354,-32.4245646596727,0.0118282039983091,19.12378756227841,-0.09423029607899591,43.02772101221313,0.11542396853389358,-1.3348293502427087
2895,2018-12-04,847.9318400000001,train,141.59050802951333,137.7534231837525,411.7417925323284,0.6289761218004746,1651.4756669806536,0.00037683035714285715,0.011099538697048477,-109.92243451597719,0.010329630111315886,16.18524792716567,-0.08778542345375535,36.59870469369607,0.09927452995715412,-1.3509195318863125
2897,2018-12-06,787.36528,train,152.4314102343959,108.87417525602866,409.2243587983728,0.5818817050425603,1956.7655894568456,0.00040581730769230766,0.01564437333204177,601.9531326131289,0.01579913774077624,28.54905912992519,-0.03860335198937674,67.17333731242293,0.16608186305069747,-0.2212096923620094
2901,2018-12-10,783.57987,train,117.67645332695952,137.72129585907464,429.0951785525681,0.6464797779082784,1488.3682322867858,0.00040777777777777774,0.009523307795435889,-308.3443487050204,0.007996310174828124,11.532567572963725,-0.10236201492683478,27.09329659955793,0.07261992563985221,-1.587063234403123
2902,2018-12-11,813.86315,train,157.32264079040812,141.4835073879197,425.9523332281184,0.6491041817742399,1918.8130152782073,0.0003926046511627907,0.013726086618669621,148.03845465723282,0.013511404927625184,22.70257332112788,-0.08174437481357803,51.71971568718411,0.13529639345003508,-1.0770165934109235
2904,2018-12-13,836.57561,val,196.5964558780288,158.08683272897088,434.32141036256917,0.6831812687448815,2323.3321997510216,0.00038194570135746604,0.01709888644870698,409.74161714048444,0.017929671136660122,31.179524561308828,-0.07930424813673331,69.57855550003467,0.18361475456639684,-0.921530826567333
2922,2018-12-31,1059.9148,train,41.63485593370335,58.26214271352014,253.20363925310588,0.3459922346066166,414.53091562009234,0.0003014642857142857,0.002242867069195991,-446.77504596374933,-0.000216608699046182,-2.8816030128585965,-0.04542796133608032,-4.74461953219041,-0.010670014674565458,-1.0131627546463557
2924,2019-01-02,1173.4771,test,51.0702765311739,65.8188656988446,222.81645577440787,0.32691183958959463,443.16951483041,0.00027229032258064515,0.00229851489741214,-475.1990479657155,0.00016157965053474968,-2.3962131211985573,-0.05079559218442711,-5.228797424375527,-0.007418024657534504,-1.1240638430467087
2926,2019-01-04,1037.20234,val,57.78139393707886,61.942364333720576,275.7778160250446,0.3745033238843089,579.2882181694604,0.0003080656934306569,0.003633973723264423,-325.14604747517603,0.001491866054506365,0.4383332729509082,-0.039762899725373835,2.8536898965394664,0.008373157481246991,-0.8984519543210863
2929,2019-01-07,874.42971,train,68.50757849936274,47.73223922282539,295.2420565613378,0.3722717186968877,836.7349854341116,0.0003654112554112554,0.00716300222683146,136.19964965392836,0.0053842786718008365,8.99941652543808,-0.010528923456681515,24.20281370762537,0.05504236821259471,-0.20096467374785307
2930,2019-01-08,840.36102,train,72.55166832940444,84.12237343457912,332.74941102777024,0.4663449719211549,885.9128063456069,0.00038022522522522523,0.006050365173805202,-275.0039082664459,0.0038312616695929725,4.649365634281321,-0.05835625122999816,12.79819870371635,0.032229474644554015,-1.0394840049492233
2932,2019-01-10,836.57561,train,100.2470225016481,113.17213930823691,368.27648512233515,0.5470921773222436,1198.0234920690223,0.00038194570135746604,0.007833019923658325,-294.96430958846906,0.00610005864886822,8.355705860693943,-0.08059196477534589,19.87724275358897,0.054219244033077096,-1.3397806666655543
2933,2019-01-11,863.07348,train,97.1600170126882,113.2107632668314,364.3169261098213,0.5431466028322728,1121.5090937320851,0.000370219298245614,0.006971432908789134,-384.2236141351751,0.005125270124001429,6.303613168847765,-0.08321007589746103,14.965592857255205,0.04300760876545391,-1.448032238583722
2936,2019-01-14,851.71725,train,126.59806995807588,125.93607177233807,355.2718658775491,0.5536269478977728,1476.3771533340364,0.00037515555555555556,0.010303872854512152,-107.2665503042394,0.009324992094227486,14.56854357905765,-0.08111659577060017,32.577397949480165,0.08942315388031402,-1.2380376556456363
2944,2019-01-22,904.71299,train,72.49373527841134,63.22931666430599,291.738349563927,0.3926328489717706,836.7847933313999,0.0003531799163179916,0.006502610742807458,-45.857285658058785,0.0046781294527741555,7.022318593618493,-0.030069920248997524,18.403374372107066,0.04478724081903835,-0.5691980038266865
2945,2019-01-23,931.21086,train,67.49414198197819,53.77814998804683,260.5281336249543,0.3464842411487041,765.9347500043987,0.000343130081300813,0.006356243279817939,17.459480995845595,0.004590316201528159,7.162275224107983,-0.020442167695194274,18.623874379195886,0.04508857135042754,-0.4057422593086445
2952,2019-01-30,866.8588900000001,train,51.988451084581946,92.47550175287213,338.1103128926157,0.4846528136999073,607.3843514674812,0.00036860262008733623,0.002690666144403823,-708.1651144555981,-0.00032373333294984596,-4.192902292219717,-0.08428178258596548,-7.742743486482344,-0.016581401784385334,-1.6401926685426944
2953,2019-01-31,859.2880700000001,train,117.6961865652342,83.45315020061669,328.5437664251819,0.46105858081412515,1398.5483388633886,0.00037185022026431716,0.011344401257964048,332.64048288262615,0.010663716942595373,18.68293366276226,-0.027591875856103093,44.23886518258183,0.1106307792115248,-0.30468970696129183
2954,2019-02-01,594.3093700000001,val,188.0916634378489,114.02807897945598,499.88502938473937,0.6815365647409195,3230.947935419193,0.0005376433121019108,0.028941481512194785,1986.1362380035957,0.03134218802009379,61.41472504714218,-0.015000168548984422,146.83197413948548,0.3442031681364067,1.3817905409229119
2960,2019-02-07,730.5841300000001,train,174.1307465849279,164.61334584296503,468.59285132240007,0.7279148965608133,2364.2480797734333,0.00043735751295336786,0.017444438532291245,366.06933786698,0.01778617094614265,31.07431817694773,-0.10067511359765496,71.11778594005847,0.18130865250505554,-1.038149196257328
2961,2019-02-08,711.6570800000001,test,222.33775570672324,222.21324636044386,475.87208616141254,0.8241292989383726,3062.8537886019335,0.0004489893617021277,0.022543201836145964,505.69179727372125,0.024181049267491806,42.654941516153556,-0.14815144216626822,94.09477012968593,0.2468309222102451,-1.4287724535968582
2965,2019-02-12,594.3093700000001,val,166.408507070989,162.5479846965005,504.4768108237183,0.7610261235088767,2813.2863645416064,0.0005376433121019108,0.022741790626191888,917.66090457529,0.02347265420938537,43.53394260205391,-0.09791472614541338,102.70438596550846,0.24721006484828204,-0.359599582457237
2966,2019-02-13,688.94462,train,163.64948172467044,146.50500001173017,440.0801994391826,0.6711406911790272,2380.066268323568,0.0004637912087912088,0.0188347037788355,643.627455357731,0.019267951991599072,34.90656214777359,-0.08091036367768319,81.04839765816337,0.2009171543255708,-0.533826504727753
2968,2019-02-15,548.88445,train,235.5344317005155,191.28695380308145,578.0895661548078,0.8798181530857876,4309.608914851875,0.0005821379310344828,0.0368156666235243,2278.318555905754,0.04092551833984133,79.42219371708836,-0.0882366411880938,186.2570232029232,0.44385041558527694,0.9770747073160857
2973,2019-02-20,707.87167,train,148.2305712276916,168.33105947813112,456.999315258672,0.7219226572356278,2070.219090233498,0.0004513903743315508,0.014513145276918498,-2.5258734958816547,0.013906764100247564,23.022121233383583,-0.12264272315275754,52.58494682533186,0.1363493724428051,-1.5147531005031418
2975,2019-02-22,723.01331,train,172.71911909892782,170.81113212883517,445.0911892267704,0.7137030689650653,2364.8233714307003,0.0004419371727748691,0.01750451746011546,324.5208525000526,0.017815986048751623,31.008877645138174,-0.10998300014342564,70.15410108469374,0.1808357412532388,-1.1491180686404028
2978,2019-02-25,586.73855,train,203.04549104537278,243.9280871384687,579.6335724797719,0.9625820848126843,3406.131068465505,0.0005445806451612903,0.02510527375851067,573.5952585438029,0.02644296512497003,47.31004005416296,-0.186637777018962,108.06135807756097,0.2701870271473931,-1.5579569957821853
2981,2019-02-28,598.09478,train,187.373529660299,210.2950460171219,555.9144991210807,0.8867088716566279,3103.7466479114873,0.0005342405063291139,0.023387614521891,635.9253375177624,0.024351658980647943,43.88982820612854,-0.15077779312313372,101.56778582959724,0.25074053020215714,-1.1571155308822052
2985,2019-03-04,658.66134,val,167.44505605870233,160.37947410864362,450.5724676990639,0.7031559995294117,2541.0300585367213,0.0004851149425287356,0.020070709368809274,666.195115011741,0.020623015372287872,37.42199477441229,-0.09670112535667189,86.57135436253887,0.21464141131852824,-0.6409568876919465
2987,2019-03-06,624.59265,train,179.45629043185184,194.9991053088592,511.21244019470475,0.8178971400322642,2849.6153029061284,0.0005115757575757576,0.021582391496906116,560.5150422439192,0.022285155709490034,39.940935905402974,-0.13583397507848688,91.99787906537689,0.22904651802595044,-1.0999982831320916
2989,2019-03-08,613.2364200000001,train,187.29373901178278,220.33488465179374,548.7603646703737,0.894959416569863,3010.9386425738076,0.0005210493827160494,0.021998884996976966,411.5891457203296,0.02272724884657113,40.1282887076159,-0.16559283572728276,91.83718118580782,0.23067238412443447,-1.5217420939533348
2993,2019-03-12,700.3008500000001,train,168.57231002932528,213.94105998919974,491.3435825564529,0.8270186033944076,2344.7612987870516,0.0004562702702702703,0.01532813522922222,-255.6894296841238,0.014914456976882496,23.71508229808783,-0.17264452081112502,51.97520315391774,0.1416562734258221,-2.2563157334071304
2996,2019-03-15,847.9318400000001,train,142.61773328384507,168.66334574374093,413.9361550211633,0.678876186041027,1633.6358737264454,0.00037683035714285715,0.00972879118699006,-496.8274597073535,0.008598152846058502,11.648296515237103,-0.1304173226387036,24.228968701367204,0.07516646605147259,-2.1113544348909676
3007,2019-03-26,810.0777400000001,train,152.30634161111502,148.85939010277744,405.24109001492917,0.6395321907131453,1858.3739665153175,0.0003944392523364486,0.013055598566956582,16.708832840101167,0.012640340017109189,20.720201361495537,-0.09527191672741732,46.33078882868748,0.12431697215880899,-1.3065763689685808
3008,2019-03-27,806.29233,train,153.07088063209036,148.50945617086296,417.66549429654384,0.6515598706689302,1877.7466276500224,0.0003962910798122066,0.013157570053117197,29.19023274857804,0.012751089955462858,20.95394700063482,-0.0942221883237402,47.18988560937593,0.1256331943611175,-1.2875453307490698
3010,2019-03-29,779.7944600000001,train,158.41661019238325,153.5457266575341,436.1887289236626,0.6780651579713509,2011.151525370472,0.000409757281553398,0.014282922719832563,109.47858508519323,0.01404532871389173,23.53235332196934,-0.09707444151362317,53.389625122206866,0.13982506079107007,-1.2391326924032808
3013,2019-04-01,768.4382300000001,test,209.01647878711086,182.5778907741598,453.3120839693751,0.7401695692678725,2683.197316560333,0.00041581280788177336,0.020024869164419343,536.8765740979441,0.02130838229792144,37.66054790753208,-0.10344635387471485,83.95973142134376,0.2191581244730099,-1.0070276193273018
3017,2019-04-05,787.36528,train,153.24221560798313,180.6044464502209,426.4999198146128,0.7100044988132995,1897.281750758632,0.00040581730769230766,0.012149727762762297,-331.7608330527553,0.011381988965506526,17.182904598676856,-0.13863050413863104,36.838141150691825,0.10555217385789585,-2.0281641947411826
3028,2019-04-16,794.9361,train,257.4755706779451,190.88848166246234,462.88316950128115,0.7626704594273122,3198.5217090560795,0.000401952380952381,0.024813847104799714,1022.8138960741876,0.027560482899708277,50.15751548366713,-0.08337797042519646,111.45166851680514,0.28963477042889796,-0.5032458499806158
3029,2019-04-17,791.15069,train,172.09964766636304,179.66227883208816,463.9576784902437,0.7464402418584005,2130.2330519086136,0.0004038755980861244,0.014188375497326502,-94.63672852541195,0.014000564276047138,22.549023555639156,-0.12488189062987286,49.80402332466548,0.13567708050226188,-1.7329648020242183
3030,2019-04-18,791.15069,train,260.35111844495776,183.5449754944141,450.63000660244364,0.7389483940567807,3258.7712165833477,0.0004038755980861244,0.02585940458662512,1195.6110971093094,0.02886761718815144,53.121686138528446,-0.07098963563461866,118.48292339273145,0.305656639794344,-0.22681442352029327
3031,2019-04-19,798.7215100000001,train,198.91465174138108,172.86975307697733,456.7165349731175,0.7286378312406904,2455.796371542948,0.0004000473933649289,0.01785207230911794,372.77277212531953,0.018704409744184206,32.44218211749266,-0.09753838586986656,72.41134736581664,0.19054268377635078,-1.1082330091103694
3036,2019-04-24,787.36528,train,204.9153488200547,227.7015860262148,511.1096782957274,0.8682387577867022,2517.54946129543,0.00040581730769230766,0.015917011406641177,-262.682395951829,0.016206266796930335,25.558384409031273,-0.17021720065205428,54.35253210451201,0.1543456966161621,-2.393819400999788
3041,2019-04-29,768.4382300000001,train,295.5802172934577,232.87468045074226,522.172956017492,0.8874092442109655,3777.6546951654445,0.00041581280788177336,0.028743738504535734,1143.3218836670003,0.032438987713729946,59.012373334034685,-0.11590800733916501,130.4243072244193,0.339870186234325,-0.7626059710915762
3044,2019-05-02,787.36528,train,153.10387194111482,199.09535202636408,471.3966412197694,0.7839415618851862,1877.4695447153292,0.00040581730769230766,0.010782274808896142,-626.825371392755,0.00965092305392258,12.973356215990933,-0.16480144375173666,26.978500783141374,0.08312445401206306,-2.5565913926222317
3049,2019-05-07,791.15069,train,207.97153953060447,182.83524368576641,464.912156580884,0.7523002020200632,2587.3991250651006,0.0004038755980861244,0.018790020939723057,401.5103294199716,0.01986339341971009,34.54557920027281,-0.10523461975112784,76.77030003987804,0.2024783120344091,-1.1695966529692563
3051,2019-05-09,787.36528,train,153.24221560798313,164.98105783029825,449.95716330470873,0.7096318321647518,1912.5145546630565,0.00040581730769230766,0.012651606354024065,-158.7947526044334,0.012015110204053525,18.941284756913756,-0.11682757228852814,42.39858042063093,0.11494290363597728,-1.6693385703599906
3055,2019-05-13,794.9361,train,164.48704367558602,165.34653640926328,443.30221326172705,0.7034640216709767,2036.00324240116,0.000401952380952381,0.013948506391763139,-12.338137931656291,0.013707768130287718,22.40508719062835,-0.10995864689735653,49.98312408750364,0.1342938764455819,-1.4978468407439323
3056,2019-05-14,791.15069,train,244.86066238531632,211.64517085055758,490.86267292485945,0.8229906075145537,3032.6208954720464,0.0004038755980861244,0.02204347931919263,551.96910530443,0.024022072955357732,42.194328688216935,-0.12092005102710773,92.64728552915055,0.24619322450605333,-1.2652362227135214
3059,2019-05-17,787.36528,train,189.77558548174747,186.7816982417883,475.51168186085835,0.7691094292729832,2362.2594283259245,0.00040581730769230766,0.01621987507084347,79.9281619097107,0.01657139001115621,27.631855275749565,-0.1229207401360491,61.12058751625463,0.1641830550515373,-1.5919946550689188
3066,2019-05-24,783.57987,train,153.98608057657225,208.03992542779204,417.74209983020745,0.7434667232733407,1890.1849309477022,0.00040777777777777774,0.01115321883310216,-651.0476769149271,0.010104289741877623,13.720032070933058,-0.17644060342632198,26.958279553665985,0.08714259990194684,-2.674973851229581
3072,2019-05-30,764.65282,train,157.73604418277043,180.65260636129582,436.1981059223085,0.7198886514680509,2018.4768946169704,0.00041787128712871284,0.013414905415713156,-196.9711807022649,0.012866466948534267,20.313393429906764,-0.13509982016727912,44.41761502719477,0.12261308083413837,-1.8670596169479163
3073,2019-05-31,768.4382300000001,train,157.0125005363151,165.03100098931654,449.4182011714522,0.7091637041086941,2013.3391314588953,0.00041581280788177336,0.013792880206369498,-36.34572269213331,0.01336307059168257,21.79006613270367,-0.1138529524528808,49.07272680127175,0.1304368469101362,-1.5235715115607402
3076,2019-06-03,760.8674100000001,train,156.2108120782831,162.6730999730486,438.8685063365185,0.6948553214403914,2026.5767722198245,0.0004199502487562189,0.014167191021336444,21.49741054658847,0.01379451211188575,22.796006138133265,-0.11083879125357173,51.38652232303139,0.13573350459052508,-1.4323750987173305
3077,2019-06-04,632.1634700000001,train,170.16547159866738,175.19692231819656,524.2015439255638,0.8004897463101636,2683.3308485439106,0.0005054491017964072,0.020412762283931477,578.768661831378,0.02085325655742869,37.49297759763012,-0.1148186974620588,87.81441799633227,0.21528569647396284,-0.8850227117153886
3078,2019-06-05,783.57987,train,164.90030429189048,164.0848784996392,452.6398407473385,0.7109629902320768,2074.4307042328314,0.00040777777777777774,0.014351564803346047,38.754136476779536,0.014159335807660144,23.40445314283878,-0.10764629971459912,52.6755895538504,0.13966415094344037,-1.424207778719841
3079,2019-06-06,776.00905,train,177.18992581336516,201.5976693377209,391.74849245424963,0.7072362218747209,2220.41548753161,0.00041175609756097557,0.015120858561913636,-155.5537815460548,0.01511147415946951,24.32276233207859,-0.15150598340550853,50.97871217582197,0.14549291571775305,-2.021829026608605
3083,2019-06-10,787.36528,train,161.94469103336638,157.43358114063977,437.22475583860836,0.6851103666903053,2032.068586043595,0.00040581730769230766,0.014305183839656945,85.22018460331921,0.014117206513889365,23.531651383725322,-0.10035643593692459,53.047660366301244,0.14009809463154238,-1.3054215520390995
3087,2019-06-14,791.15069,train,181.566906046685,194.32873324347997,478.25747154135075,0.7835285973119631,2237.4043440717824,0.0004038755980861244,0.014596874937792706,-159.08365709520302,0.014528376960410315,23.16221818266904,-0.13912644363881266,50.480957669568454,0.13970387712426757,-1.9504032705265557
3090,2019-06-17,783.57987,train,166.7782392112753,145.3428079583015,432.20649108975425,0.661383563335033,2117.0321531278005,0.00040777777777777774,0.015710114953592907,333.71260147748575,0.01588009435430181,27.56622734381477,-0.08004605570503136,62.964224030450055,0.16199007916827204,-0.8920183332921171
3091,2019-06-18,779.7944600000001,train,184.19778078443903,160.12487677117633,448.02918902371704,0.7001907025266869,2340.3433664648005,0.000409757281553398,0.01731911907273025,402.9282382591791,0.01791603922757049,31.304276246455714,-0.08900106309492699,70.80434352527936,0.1833069457267256,-0.950724478816826
3092,2019-06-19,779.7944600000001,train,192.8941800894559,164.880665090019,467.8582911044974,0.7275842338809123,2448.9118927262616,0.000409757281553398,0.01805767474325282,449.96868119731175,0.01885984094847266,33.07807967881939,-0.08989150456003057,74.9191679908846,0.19346374146684686,-0.9390690477965946
3097,2019-06-24,791.15069,val,213.15704723710726,133.21826276398636,422.95308810723645,0.6333207577250346,2702.3091194658173,0.0004038755980861244,0.022282497577366073,1170.0906984508501,0.02428687644257698,45.27292340010871,-0.03207112415985511,103.6053611740886,0.26005986403136017,0.22536435923669723
3098,2019-06-25,719.2279,train,215.68963467629663,150.55212134561157,464.45397060382476,0.7020380627093954,3004.3725191499707,0.00044426315789473686,0.024708347001507643,1290.5941236862725,0.026955953513718395,50.564246944396174,-0.05247388494112126,116.53454457603182,0.28847945385216694,0.2007221290271203
3099,2019-06-26,783.57987,train,197.9026681734435,192.98687774334948,412.784617296886,0.7152319136960215,2473.784282831838,0.00040777777777777774,0.017810847547768006,214.61778773200348,0.018576900362973953,31.68342087007513,-0.12580870444418135,68.59428688154237,0.18638766718776575,-1.494500037495395
3100,2019-06-27,783.57987,train,197.97039196527598,154.20098594825666,433.28380655073056,0.6761375619735793,2512.4778632066696,0.00040777777777777774,0.01945796758553102,690.8814794051067,0.02065786709705746,37.152742596789054,-0.07149429163733476,84.09810539438686,0.21556873228318785,-0.5498874113631194
3101,2019-06-28,783.57987,train,202.8673822363507,150.8565023256821,435.42251221817037,0.6731418262094073,2579.177374634767,0.00040777777777777774,0.020251877079560224,805.6217733635001,0.021667622378781063,39.33783668511948,-0.0635243046748272,89.32542820117139,0.2276076690689945,-0.38025912728140143
3104,2019-07-01,776.00905,train,199.90798045460943,156.61786897083246,431.85792951802966,0.6784234544950942,2561.445775693524,0.00041175609756097557,0.019926278216692458,723.4995716999979,0.02121307404076653,38.26031582740915,-0.07334995170616639,86.5262299247184,0.22162563376168581,-0.5345628381765087
3105,2019-07-02,783.57987,train,197.97446557681474,174.21655818809847,454.9588203643563,0.7289374048171073,2493.015452355507,0.00040777777777777774,0.018278051149244606,406.51396549333515,0.01916527986032318,33.42075747860341,-0.09961850398160145,74.72187200404461,0.19568381464403167,-1.081593387310251
3106,2019-07-03,666.23216,train,232.84736359769852,196.56548263288488,532.0456009269362,0.8413864318195208,3471.5919943157023,0.00047960227272727277,0.027446595274816268,1234.59277741849,0.030089330692334916,55.89645550167511,-0.10347278791554629,128.13577054893884,0.31826580667037163,-0.3109712319659583
3108,2019-07-05,783.57987,train,197.97955759123826,157.25146676095258,436.25802534310907,0.6838515815663216,2509.6223816003294,0.00040777777777777774,0.0192827080692529,648.0717076475225,0.02043618888462619,36.59640265692466,-0.07577359216576096,82.6902971418718,0.21260493012587994,-0.6303086497187055
3112,2019-07-09,779.7944600000001,val,198.17311346377093,206.33503751247238,489.82862250292874,0.8137534465198909,2477.212420260572,0.000409757281553398,0.01656215572456902,-30.867241275248546,0.016975179325206816,27.87218518723034,-0.14450936727844824,60.73207640580837,0.16613626064975076,-1.9123115549737464
3114,2019-07-11,783.57987,train,197.5513191782224,197.54989646951088,466.90967078983346,0.7770189638320651,2464.7837474423663,0.00040777777777777774,0.016983560607717937,84.7027701605576,0.01752783936126501,29.300537822537553,-0.1326421114676113,64.03044110957332,0.17368887801195373,-1.6906373007538564
3115,2019-07-12,776.00905,test,199.92289136318706,197.69311397801388,465.36358619835653,0.7756759974090047,2521.5924614788523,0.00041175609756097557,0.017619830311323387,153.3646524231046,0.01829592083459718,30.918198660537293,-0.13101977424576738,67.76864926490319,0.18249976488666647,-1.6102965469680333
3119,2019-07-16,794.9361,train,195.1517801242138,126.18345673180897,411.5051390349871,0.6108893671242872,2465.7622023907916,0.000401952380952381,0.02020009052083426,989.1104349899372,0.02165107307548648,40.05293859950712,-0.03437268567017496,91.97378729350177,0.23079683470954274,0.07592113321585112
3120,2019-07-17,776.00905,train,206.10731923809396,148.4559149176285,429.3522803175517,0.6632986422223244,2650.497261550618,0.00041175609756097557,0.021181099949254562,926.6905590495892,0.02280740944622955,41.80909528696305,-0.05773395404590599,95.08027918424861,0.24103513596464884,-0.21302165751312188
3125,2019-07-22,779.7944600000001,train,213.68960610466507,147.82670626087605,432.7829995326223,0.6657982744253652,2736.2440609779073,0.000409757281553398,0.022037582730832225,1029.2202049673015,0.023919441471446184,44.10216318965588,-0.051880050364635596,100.33473684532554,0.2538629278652494,-0.08390510713780594
3127,2019-07-24,783.57987,train,212.64965114532612,201.37472231666345,481.4380303897072,0.7976146472107465,2656.6476701980205,0.00040777777777777774,0.0186742243876976,246.54139112117824,0.01968368658872856,33.61185911482471,-0.12790676935095474,73.84435024451064,0.19787814391303832,-1.5329488658660606
3129,2019-07-26,787.36528,train,211.6278038066398,191.4444036136521,420.948024967908,0.7211099649400244,2639.4394426075382,0.00040581730769230766,0.01947981606020187,415.5943191854275,0.02072322390334392,36.1324196741387,-0.11456457757980346,78.89523487156814,0.2111994083364566,-1.2384740875865856
3132,2019-07-29,791.15069,test,199.42619401621204,130.66703099248744,407.6306612798491,0.6138864594673678,2528.620789170715,0.0004038755980861244,0.020740316957548004,1015.5845475208868,0.022320623639745202,41.31699357229417,-0.037662378542952846,94.4989062349893,0.23787192173268007,0.06405986175083052
3133,2019-07-30,776.00905,val,214.71914019559435,170.35167243690123,448.51974149828425,0.7164623573611105,2741.8001696284678,0.00041175609756097557,0.021102819789863714,752.8927105288092,0.02271867196573891,40.9217953968674,-0.08269289332056796,91.97122356959572,0.23699539042833762,-0.6307319218649914
3134,2019-07-31,787.36528,test,211.1281449951667,185.64013446934848,464.72614533409933,0.7564387632223576,2638.6568354881733,0.00040581730769230766,0.01923526078910825,429.7239448964811,0.020411107020314585,35.60672876413097,-0.1069322013653382,79.0349138798831,0.2083849021940508,-1.1630416019182879
3135,2019-08-01,783.57987,train,212.64455913090262,184.24711031825623,456.0992851721402,0.7455637383082612,2673.2811267931133,0.00040777777777777774,0.019754251550164623,498.1042488529822,0.021050202919419992,36.99920634744773,-0.10381600150671191,82.16261226249702,0.2159230217916685,-1.0685265099312187
3136,2019-08-02,787.36528,train,211.37544063411076,202.54883691056804,472.61434190439496,0.790500494899628,2625.359069201402,0.00040581730769230766,0.018379321330166006,205.83453373534104,0.01932909046612868,32.837894919848715,-0.13048783106052975,71.76232028699236,0.19364594518794903,-1.5932917104266546
3139,2019-08-05,791.15069,train,210.38424803750095,136.35834660019069,400.34471814718387,0.6152958169746031,2663.6707197781448,0.0004038755980861244,0.021999394853538443,1115.4611589255412,0.02392666228755361,44.464176262019194,-0.03824851003845031,101.07716771760984,0.2555140522803898,0.12838356172300439
3140,2019-08-06,794.9361,train,209.6047720062028,187.86527085434497,404.5821589872907,0.6990346123625225,2590.180670036876,0.000401952380952381,0.019238140717093052,417.9205815709396,0.020454154781896824,35.675975069528995,-0.11106854798487546,77.64353762902908,0.2085968933470804,-1.2018247445388892
3142,2019-08-08,783.57987,train,211.03751937884775,200.92831716229546,475.60320816474837,0.7910240285295685,2636.198363501473,0.00040777777777777774,0.01854002855596501,234.9547351415731,0.019512279196613507,33.280046078016184,-0.12834301739416973,72.99929040843817,0.19597791670550144,-1.5428648274987768
3143,2019-08-09,783.57987,train,212.5865101664748,214.90721952727108,489.2326379705996,0.826373710546796,2642.6355181360814,0.00040777777777777774,0.017938932645397344,61.615649192461916,0.018753766296992134,31.261809126894924,-0.1469399932422339,67.75162567084561,0.1853475847276388,-1.884070585582105
3146,2019-08-12,791.15069,train,201.89387435154742,109.71117298901738,386.1291184056178,0.5598116372160735,2580.714695106874,0.0004038755980861244,0.02229150552584347,1348.9530018805574,0.024285687624764022,46.05277638571411,-0.006560915485473218,106.21693879751528,0.2633045518030913,0.6634771640525475
3148,2019-08-14,791.15069,val,210.61069162437312,138.10756843183913,419.163510566609,0.6370295932703908,2664.870647055105,0.0004038755980861244,0.02175043520692322,1073.4417188598616,0.023611255898668183,43.73244251746294,-0.04061816549052891,99.69830093395402,0.25164233344653414,0.06239301189172301
3149,2019-08-15,802.50692,train,207.4826856321688,165.29816025555826,431.10381469563606,0.6910505324392335,2559.1774794910916,0.0003981603773584906,0.019455065364229533,612.754823642289,0.020761637076219135,36.93959155142024,-0.08118873608565182,82.51477861055304,0.21518502196510392,-0.7494288421498341
3153,2019-08-19,704.08626,train,236.03965514111866,122.85153139369827,439.47004929822816,0.6340366028652406,3392.538552340332,0.00045381720430107527,0.03011945002061163,2107.001045849547,0.03373074727181626,65.57405547601498,0.000778626715376568,152.34226077829086,0.37007907831614506,1.440450876816323
3154,2019-08-20,787.36528,test,199.9679157810972,124.51334861366597,410.50114681849226,0.6072975704735214,2554.374021199842,0.00040581730769230766,0.02122699076445136,1115.53518734992,0.02291713260300296,42.751794098595894,-0.028578013455348703,98.29157785902035,0.24556659598657904,0.24292294034513862
3155,2019-08-21,507.24494000000004,train,293.74873606427695,199.00223008947788,619.425207878985,0.9335310670500365,5836.154267503001,0.0006299253731343283,0.05236535360423154,3968.0972416813825,0.06020555999413231,119.98897128426692,-0.05564283114121568,281.79483430444964,0.6644723337078494,2.901915008112075
3156,2019-08-22,533.7428100000001,train,279.8405040809824,237.0835000140043,643.3624336120929,1.016486607789374,5235.140856765787,0.0005986524822695035,0.04416017819230839,2764.591119324754,0.05011475281523886,97.42549104895612,-0.12086171966115775,226.92290580144552,0.543198798064968,1.1073491528269594
3157,2019-08-23,772.22364,train,193.46257387302987,175.94957369236266,461.93691991459286,0.738669140556895,2471.176320852623,0.0004137745098039215,0.01797106752482516,355.09560111870195,0.018711663792497238,32.470996091437705,-0.1047744643807833,72.76769039838808,0.19026756407317633,-1.1598506549696541
3160,2019-08-26,787.36528,train,197.3034066221462,111.40174866427421,408.46457225520214,0.5850121048903619,2532.8060824533873,0.00040581730769230766,0.021518404702816525,1246.9039269867199,0.023282142413637703,43.91482546032546,-0.011989132443864639,101.78865719362786,0.2515561802121304,0.5262465048416134
3161,2019-08-27,783.57987,train,181.10920460475845,113.18380674306968,411.65061930380324,0.5909837728769953,2334.039366193747,0.00040777777777777774,0.019379785011905244,990.5496948405756,0.020538311064229712,38.207818746628824,-0.02527474709188894,88.85825422665563,0.21984959922640634,0.20237409152894514
3162,2019-08-28,787.36528,train,167.83316505904352,100.87525481050568,387.45400536041103,0.5475218400464517,2163.129142853825,0.00040581730769230766,0.018307218556139728,963.7864381289642,0.019186121815078772,35.81786799523675,-0.01696390447323147,83.72884935543978,0.2060419401951892,0.28750572850998163
3163,2019-08-29,772.22364,val,171.1358952958239,140.52576505674855,430.6860961427696,0.6524150793910437,2212.227499585946,0.0004137745098039215,0.016948954732384083,506.32887210723777,0.017392165869322896,30.88319095248306,-0.07004601918110091,70.93192311091909,0.18002159387803454,-0.6394479828823443
3164,2019-08-30,787.36528,train,167.23063531579652,151.56826858848405,431.5060761002565,0.6702782340781024,2105.935438216252,0.00040581730769230766,0.01534977091616236,247.50600143052515,0.015444730176744246,26.46140727078957,-0.08856453722408661,59.967865173352806,0.15613349010214786,-1.0550846615240586
3168,2019-09-03,768.4382300000001,train,156.42576502212808,100.19183426179971,386.2000136121233,0.5451991905698866,2068.8066122638425,0.00041581280788177336,0.017463998769976466,867.4715840534686,0.01800602912314803,33.47285569591354,-0.023158776751556198,78.67289594882108,0.19264331841236612,0.17849581427158887
3170,2019-09-05,787.36528,train,197.0125301943718,146.28524990466286,423.13096226732085,0.6536573015528697,2495.044591955849,0.00040581730769230766,0.019662391455155432,774.8823571121343,0.020934955243071495,37.967653192653934,-0.061117823721407186,86.21865153452893,0.219832030326006,-0.3735968202571226
3171,2019-09-06,791.15069,train,239.90613722399715,166.73648744287587,447.07670660236977,0.7094260631157449,3012.8370801439364,0.0004038755980861244,0.0239838674176993,1109.9148517211902,0.026470691948345025,48.70337612764011,-0.061158366744019144,109.5656610671653,0.28048024576873526,-0.16781764030169632
3174,2019-09-09,791.15069,train,221.59547506682958,140.22882797263168,429.78838918566555,0.6510489916318375,2803.7443381937624,0.0004038755980861244,0.02299733044225952,1197.996862175897,0.02520096930949465,46.93148415909858,-0.03625143116958823,107.02093755569871,0.26957452869634824,0.1917023595707569
3175,2019-09-10,772.22364,train,193.46722408031957,167.98733117575935,427.87461627770114,0.6919323585154866,2479.000634873648,0.0004137745098039215,0.018705638596545043,499.2181015265456,0.01964200327390774,34.68605788400658,-0.09348666058514662,77.61210570940794,0.20205696778225465,-0.9127728017771468
3176,2019-09-11,787.36528,val,194.97690195330944,170.97648568299428,456.8774289998241,0.7258800980414366,2444.7266327896828,0.00040581730769230766,0.01786175760271175,384.80156098483144,0.018654484989695706,32.44756967039538,-0.09720952972728066,72.72532660161707,0.1902595199377132,-1.0761004581497464
3177,2019-09-12,791.15069,train,197.4043402528032,177.4480098640096,455.3812783212792,0.734349437980539,2457.0676353982967,0.0004038755980861244,0.017743068931739027,324.00599114143006,0.01852689479381864,31.968882454364685,-0.10474874559231222,71.10614178233025,0.18789817762434274,-1.2110880211390516
3178,2019-09-13,791.15069,train,195.95439523663947,159.59428979256975,433.69557596823336,0.6848735718054866,2455.8712744543645,0.0004038755980861244,0.01862795052972434,558.8164268907315,0.019644684326720882,34.8604305298392,-0.08062488757609663,78.42942286155251,0.20318759714997092,-0.75950690055906
3181,2019-09-16,791.15069,train,195.93422208858846,102.74137049711423,393.2381181470361,0.5562511550925314,2511.044036151592,0.0004038755980861244,0.02175895903944659,1340.7732632332113,0.02360446000066728,44.85367115905751,-0.0008250784325703614,104.13471965638905,0.2564444962219072,0.7212025969845478
3182,2019-09-17,787.36528,train,200.88970014019415,144.28102249990613,421.176840547683,0.6485890351326193,2546.9844933030263,0.00040581730769230766,0.020295634217051307,861.5639776838227,0.021740509416750875,39.69507033071038,-0.05569682017051637,90.22852542292048,0.22934765124919862,-0.25068384374393166
3183,2019-09-18,791.15069,train,203.35188862693153,141.1410191445884,423.19070633238744,0.6457824451574317,2568.7778669651148,0.0004038755980861244,0.02060000935298296,920.5224714842169,0.02214750990629463,40.61244668637321,-0.04975978828562651,92.5087298548398,0.2344353920939899,-0.14959318708352828
3185,2019-09-20,791.15069,test,203.3488626547239,169.45442656175948,454.0050225266733,0.7206267464627208,2541.133469540997,0.0004038755980861244,0.018928165112176272,517.9457874797231,0.02003262166706902,35.32581468920562,-0.08954991461750197,79.23171214506988,0.20626631507558515,-0.9021007498610353
3188,2019-09-23,791.15069,train,201.378450418845,118.0131174819484,381.3885384360496,0.567822721994043,2566.007074791523,0.0004038755980861244,0.021876120511045944,1239.9257838815051,0.023760223169493278,44.71744707133082,-0.018521832582593767,102.51810835202896,0.2561407705600282,0.4527852740697724
3189,2019-09-24,787.36528,val,204.32548791076997,157.05115483107195,423.9552077219395,0.6710981007049076,2578.8289463772144,0.00040581730769230766,0.020115712502707415,745.3273379853977,0.021517385557715044,38.83440838522296,-0.07129175227902182,87.45570464499382,0.2250317014535354,-0.5125659901222388
3190,2019-09-25,741.94036,train,205.88065191655028,179.08330003946116,475.7042734522949,0.7574289917456416,2745.887313911386,0.0004306632653061224,0.020713247755045898,631.6845702647615,0.022026502710116885,39.35112257634558,-0.0999020008723464,88.94659984459017,0.22793496212739067,-0.8599630693172414
3191,2019-09-26,783.57987,train,203.44023385899388,186.64603212241514,458.43823393119516,0.751630103230709,2551.7036572103416,0.00040777777777777774,0.018381473718570983,324.8417395137764,0.01930291898847477,33.31468823804205,-0.11337337381474383,73.69813790862014,0.19555193820534325,-1.2988045794750558
3192,2019-09-27,787.36528,test,199.20778574335915,187.80972070972362,452.87008591488825,0.7477928969760481,2482.860206172319,0.00040581730769230766,0.017664514317928218,236.40409479799496,0.01841086279746082,31.428080078697526,-0.11793778452391782,69.16795523620767,0.18515515659342005,-1.4159979432646386
3195,2019-09-30,802.50692,test,193.31171997868879,106.16049640516573,386.0979412749315,0.5543029667607822,2437.586954468248,0.0003981603773584906,0.020890195652694,1220.5048888344409,0.02255989700310924,42.55413812172031,-0.007666522662933925,98.37690631685024,0.24397185326156942,0.5443656921365669
3196,2019-10-01,715.44249,train,217.72093379581077,142.39927821062906,449.90636748844037,0.6747466846544995,3057.815217026107,0.0004466137566137566,0.02574182782477365,1467.9684991563984,0.02824265665793493,53.51897825471621,-0.039484483718128294,123.56600563625365,0.3043824658523909,0.49022551882801246
3197,2019-10-02,779.7944600000001,train,196.10800004914114,133.40323135854757,414.3794805114495,0.6249337482568367,2521.4383074312336,0.000409757281553398,0.02054859159924485,969.7818710527021,0.022015440634485364,40.643167189911914,-0.04342364926438401,93.09632110098411,0.23402048640722217,-0.017184602172570618
3198,2019-10-03,791.15069,train,203.36096654355444,158.49968206057466,424.0716828627542,0.6734503583257893,2551.9696461991566,0.0004038755980861244,0.019763620755534655,695.7504686144698,0.021090270841099972,37.890656050438224,-0.07407961525800395,85.16283760654177,0.2199239818271523,-0.5856544491159483
3199,2019-10-04,783.57987,train,205.33955523895733,179.7222947045272,467.8863215471044,0.7505067023191446,2583.059284744036,0.00040777777777777774,0.018868367104113118,431.4284069301446,0.019920316840137307,34.79055775717479,-0.10243076758655212,77.72065491478119,0.2035772970407409,-1.1040248763834297
3203,2019-10-08,779.7944600000001,train,206.1659619895222,150.24235698870035,432.9679434965497,0.6697116360473975,2635.9497279831653,0.000409757281553398,0.02090679438400303,883.2540132794495,0.022480309277286194,41.055592837991675,-0.060324768275844126,93.26693428051368,0.2370250014908943,-0.2817909172834411
3204,2019-10-09,787.36528,train,204.31940687046804,138.21872719031126,423.8638909307215,0.6419555687884684,2597.112164509085,0.00040581730769230766,0.021014623653253923,988.1886017989038,0.022653616220899925,41.76383960617383,-0.044907878905662335,95.39052038785584,0.24065099909132906,-0.04062022980189242
3205,2019-10-10,787.36528,train,204.32751492420394,168.0147228804584,447.54136903493145,0.7118678320560387,2568.1656004683527,0.00040581730769230766,0.019347664875425132,575.331567367113,0.020545301253143546,36.454820926964764,-0.08674105102174375,81.80884098599294,0.21235887584162624,-0.8201350956730539
3206,2019-10-11,783.57987,val,368.5574579653252,203.5620091391932,472.77148064277367,0.7922223228352372,4674.241196566544,0.00040777777777777774,0.03956179879511309,2591.5761248092317,0.04628872547904929,88.4762922972055,-0.02613596925573311,197.82606998535425,0.502719172430763,1.2514162205970414
3210,2019-10-15,791.15069,train,201.11216486457218,84.44765679333261,371.12342200245706,0.5491496251437052,2595.31678203382,0.0004038755980861244,0.023549332389706558,1681.2232787923645,0.025875389433570928,50.13870639826022,0.028369151141838647,117.98645594067308,0.28501952973162026,1.3040606273934525
3211,2019-10-16,791.15069,val,196.08299905546443,115.93690006263242,395.4079462649364,0.6304588533206382,2500.087300117041,0.0004038755980861244,0.021126413058396444,1170.2147496062132,0.022804990030670488,42.791213272332676,-0.01922261112200606,99.88872875699349,0.24546053570220278,0.39092239330341594
3212,2019-10-17,783.57987,train,197.92660064123393,147.75690710261833,428.0807451161232,0.7117159808986336,2518.1935401923174,0.00040777777777777774,0.019813702798922566,779.6341656336004,0.02110774428708354,38.28847506632917,-0.06247484388182516,88.27500819690854,0.2216177193702317,-0.38121678233452755
3213,2019-10-18,791.15069,train,215.7518184051638,150.78653544646653,434.7342473684147,0.7145829269602895,2718.472656062974,0.0004038755980861244,0.021666166777500377,968.1700365898464,0.023510546288299704,43.108776384050614,-0.05498872597946661,98.79504778749092,0.2487331113982826,-0.18409529356830664
3216,2019-10-21,779.7944600000001,train,241.9447170732657,181.64141974925576,469.0078184273444,0.7998775692916159,3071.0857585586805,0.000409757281553398,0.023853876373773866,979.5287074671934,0.02625009329473753,47.81670591616709,-0.08039672798582179,108.32801662843843,0.2759214781495188,-0.4662499180624785
3217,2019-10-22,776.00905,train,326.50930681800685,200.28827184577477,496.2455963266819,0.8575445265798209,4174.939696283621,0.00041175609756097557,0.03431221070814854,2020.1737373382462,0.03955882340620775,74.70932611408713,-0.04961923585717737,168.702350506443,0.4259980154943832,0.6002419380729809
3218,2019-10-23,764.65282,train,365.11717958484746,246.40489453547622,539.0391975951198,0.9810155581279778,4707.410470705017,0.00041787128712871284,0.03770186858971155,2053.753837250573,0.04383268182816596,82.14680087911265,-0.08796339683315141,183.83690619849713,0.46870536551549424,0.19681481353312985
3219,2019-10-24,768.4382300000001,train,314.02240489778865,277.30092357075466,570.9945158687954,1.06622900377169,3977.9582253819462,0.00041581280788177336,0.028637575740106547,796.3422744369199,0.03232636840789636,57.34082286051087,-0.16592607198936515,126.15167393086256,0.3324414425955325,-1.6020104568981304
3220,2019-10-25,745.72577,train,323.593494697119,303.2131420638212,595.2024528985646,1.135572577230363,4212.368185551393,0.0004284771573604061,0.029958804018645188,745.3026394160117,0.03388504465784162,59.903782947887265,-0.19498477633117509,131.3875877020997,0.3468427656809176,-1.9145571886463972
3223,2019-10-28,802.50692,train,224.08293127241822,175.99703288944718,454.1885643471059,0.7792663017435223,2758.723994681878,0.0003981603773584906,0.02087742152412946,692.1604321879707,0.02257956440735056,40.321153384363306,-0.08512682842140037,91.11812940475814,0.2345440130229386,-0.755132298871882
3224,2019-10-29,794.9361,train,303.4651464438463,231.61516466065956,507.91412580683846,0.9496550019882887,3746.0794883164363,0.000401952380952381,0.02847946469156171,1129.5593317251266,0.03225072005988696,58.50185708774165,-0.109730083303236,130.4376390761572,0.33779167594029913,-0.7634922521965082
3225,2019-10-30,794.9361,test,252.92108384560726,200.69454904577194,479.895501735249,0.8437654630849405,3130.802035335656,0.000401952380952381,0.023567236062649946,807.7017182516954,0.02597796819223924,46.56411202732559,-0.10024043912052003,104.21699151907602,0.2701254104939829,-0.853384650526886
3226,2019-10-31,791.15069,train,291.25587693034817,215.71743447610683,496.97229260146594,0.8936554714949216,3623.9312296795197,0.0004038755980861244,0.02794590508010844,1188.1492197311006,0.03154242111276373,57.575523486514726,-0.09548326119284845,128.7800992860749,0.3318763097875592,-0.5417657104122359
3227,2019-11-01,791.15069,test,284.70111679988554,218.3896001774306,492.09058491432074,0.8911134108865643,3537.224030568528,0.0004038755980861244,0.026998775156464833,1061.2746521074068,0.030337031629338294,55.012413017068084,-0.103612205927502,122.6444540311887,0.31768864436777217,-0.7196655043969031
3230,2019-11-04,802.50692,train,210.37037661930697,160.6783581953307,429.76284489527126,0.7268209411688591,2600.208434881845,0.0003981603773584906,0.020067453378724513,716.6458145938798,0.02153947777771307,38.68912604258414,-0.07277269712436162,87.87194188989508,0.224741261797989,-0.5800338087562422
3231,2019-11-05,798.7215100000001,train,235.62995567754274,177.9961807061489,450.0609277095241,0.7836371479852949,2917.4141191513254,0.0004000473933649289,0.02250516135699729,860.2066866971692,0.024633531005455848,44.519289113607854,-0.08004987096271687,100.59074828714287,0.25783803129020705,-0.5735783947119812
3232,2019-11-06,753.29659,test,311.18168343228524,223.57000294383633,505.5530091046673,0.9193215908121837,4077.4594950895043,0.00042417085427135675,0.032449797853401526,1629.3200064828675,0.03706374199246366,68.99012793334865,-0.09172586946170824,155.27685243348012,0.3942700818032935,-0.09381984501763124
3233,2019-11-07,798.7215100000001,train,323.7173116822659,236.08891521191248,507.76078696191956,0.9330168426793545,3980.2788298718733,0.0004000473933649289,0.03071788987578101,1349.66572544243,0.03512467091743195,64.2637840480865,-0.10253336382399333,142.49622600424493,0.37012057539197935,-0.542876265726896
3234,2019-11-08,791.15069,train,326.12667632256,274.11283683516734,537.86409008883,1.020233714045913,4014.4107584571398,0.0004038755980861244,0.02936416325458059,908.673135387136,0.033377973066634516,59.49094514172029,-0.1540352598574838,129.82227447714882,0.344870965324016,-1.4359338193737348
3238,2019-11-12,764.65282,train,258.622951263032,123.52910255986839,395.99573399711096,0.6562763968552338,3413.473967456437,0.00041787128712871284,0.030420437278775265,2156.6497359993696,0.0344964937746475,66.83622843421762,0.013030716174780022,154.67938241482912,0.37859242601237614,1.4963124783172579
3240,2019-11-14,798.7215100000001,train,309.34230881048893,88.34561661397784,350.9977535176216,0.5160886763677641,3941.636158089716,0.0004000473933649289,0.03750731181294439,3231.674602869567,0.04369650989397764,86.7632114392962,0.09542152273037709,199.5896177282979,0.48885124147439546,3.121780757084569
3241,2019-11-15,794.9361,test,310.8038230997435,101.86908269484415,367.5733508961494,0.5446373386671178,3966.2935339522182,0.000401952380952381,0.037099604851484135,3082.6706612761564,0.04316366658904499,85.24617989768409,0.07752347989069279,195.4257399652668,0.48088394438731025,2.8136722454478598
3244,2019-11-18,802.50692,test,255.0619688114341,106.85313562092858,368.8476869962771,0.5667013639642682,3217.9957696198617,0.0003981603773584906,0.029118970061153913,2145.4132671907482,0.03304128891569072,64.16688039361799,0.03286609718699966,147.57763456700678,0.36408729017165736,1.644627542100486
3245,2019-11-19,798.7215100000001,train,269.89797232329454,11.008630582885006,278.772521465134,0.31677741562109735,3515.7403397862768,0.0004000473933649289,0.03676119917278851,3730.6684589853207,0.04270657761490894,87.23201597981071,0.1775777614292636,204.31670180293474,0.4881849286419824,4.458722244750501
3246,2019-11-20,806.29233,train,316.4832983094357,96.90604671148591,360.0057030670756,0.5423554607036895,3985.37318460203,0.0003962910798122066,0.03750795174016683,3168.6762815076245,0.043742432494844524,86.52557548408072,0.08792371280410535,198.57834221253876,0.4881642584025236,2.965598388491253
3247,2019-11-21,798.7215100000001,train,316.7785853169273,16.984007755938748,288.8362866459653,0.3328731333194169,4105.721611300422,0.0004000473933649289,0.042536925721864516,4337.863482366146,0.05006689677994834,102.21025346435785,0.200637688923642,237.9282567275444,0.5717639198178956,5.128798767291099
3248,2019-11-22,798.7215100000001,train,0.8978656966431268,11.722956544318704,278.4095461682559,0.3107877302647086,96.31260162830989,0.0004000473933649289,0.0013535089006388328,-274.44690656508544,-0.002394984216214548,-5.799042017508996,-0.003998150557291264,-6.4387803005034625,-0.029137056301188086,-0.3435933794840455
3251,2019-11-25,798.7215100000001,train,0.7778676925828629,11.900129560147688,271.16618809375734,0.30822877286368927,94.61479932728933,0.0004000473933649289,0.001404537793163287,-269.71505945794604,-0.0023302487844509097,-5.66070690994629,-0.004299705731916905,-6.178999626487037,-0.02841356572571227,-0.34000987639308444
3252,2019-11-26,794.9361,train,386.8106493087936,66.86640195765288,333.4457371773879,0.46274609947063616,4970.994293717435,0.000401952380952381,0.049168497141965146,4710.250473936276,0.05851867827102575,118.05636105949574,0.17773664001993392,271.5676464001383,0.6618161389220865,5.096908796622289
3253,2019-11-27,794.9361,train,253.8245526904616,41.66054273681698,307.80553636060995,0.3948015198932181,3297.397084195621,0.000401952380952381,0.0330646745643533,3080.9699860105216,0.037993238488719605,76.53804640621048,0.12384887189319801,178.70698024960788,0.4299090615843153,3.387421875121883
3255,2019-11-29,810.0777400000001,train,164.60864607883192,15.103215984838629,287.3639134867929,0.33061104868848695,2142.944803514528,0.0003944392523364486,0.02225910153097253,2064.781102526301,0.02429570399937603,49.084498171298684,0.10083810635113237,117.71693744658468,0.27645561768581883,2.4255003321461217
3258,2019-12-02,802.50692,train,204.37274983248744,0.6020139210173274,262.0895061305066,0.280623823394377,2680.418380288892,0.0003981603773584906,0.028664317327213685,2895.835139317736,0.03240731884353385,66.32337501378666,0.14812902963922775,157.2320026740298,0.37150640539732427,3.5584137144195456
3259,2019-12-03,802.50692,train,227.18491200050968,-7.751017353583866,264.4897579989605,0.2672717459865247,2988.9358626357175,0.0003981603773584906,0.03214674661472318,3352.229106147834,0.03683889372202589,75.73373730097057,0.17517693548157526,179.1293023697708,0.42348206212730244,4.184833484199283
3261,2019-12-05,802.50692,train,187.04461514176103,-0.6992880010500294,260.8207367564909,0.2777876337871977,2463.568517478391,0.0003981603773584906,0.026482579069895724,2659.281311093393,0.029627475274087222,60.636047657203854,0.13833292145115322,144.44508349022757,0.33980864432003915,3.2875382833752744
3262,2019-12-06,806.29233,train,196.13587543366557,-8.316233695337239,255.31498909711567,0.25870020173700353,2585.509275071188,0.0003962910798122066,0.028071058277457282,2897.609400297449,0.031666385034669044,65.08529600838936,0.1550669022024219,154.87321602936322,0.36424097196699,3.645454366692818
3265,2019-12-09,772.22364,train,261.94824338711,-14.095401204392624,268.9724935451555,0.26240503067730386,3578.2185101860346,0.0004137745098039215,0.03858647929453723,4119.93506641304,0.044870858603570186,92.68111150926046,0.20840540023896842,218.6468904219807,0.5165712930960821,5.162096701317858
3266,2019-12-10,802.50692,train,273.88963449685895,0.8933015494813222,267.645740248854,0.2790217379100054,3559.459349046613,0.0003981603773584906,0.03769185111108016,3913.031686339353,0.043907088394644175,90.01547229624666,0.1943501121615148,210.73579877279028,0.5033382071348107,4.773922781026274
3267,2019-12-11,794.9361,val,296.990286389057,45.1053436767574,311.1642172770518,0.40261254943429675,3845.245499363147,0.000401952380952381,0.038569425275248086,3676.924992370602,0.04500676094359851,90.89318759824887,0.14799589030576948,211.01303784738545,0.5098659137027145,4.067889860847336
3268,2019-12-12,802.50692,train,322.9261873530013,32.132317844885804,288.6137695118023,0.3592899081080394,4149.268827093624,0.0003981603773584906,0.042401565844254537,4209.667752833071,0.04992199010097777,101.41307150900568,0.18340631644260813,235.06340658729854,0.5680044519403081,4.830128940868192
3269,2019-12-13,798.7215100000001,train,298.08049115892726,50.18664356486133,318.03052723183686,0.41683574875062823,3835.7143430386614,0.0004000473933649289,0.0381899123193475,3596.469794244081,0.04454661501848803,89.75109319143996,0.14145320743330086,208.12639824914774,0.5038709245308552,3.9235371134859562
3272,2019-12-16,810.0777400000001,train,175.07868195464795,153.45905616520693,421.2162665595808,0.7020566950152939,2139.2465086439406,0.0003944392523364486,0.015622819236826816,271.3755027577123,0.015913547464549385,27.29849102864774,-0.08650545081115311,62.20134245683298,0.16120661724703458,-1.0441864173188105
3273,2019-12-17,832.7902,train,172.47754116222788,185.28247636502354,430.6115691380736,0.7541422987319901,2014.0893590946896,0.00038368181818181817,0.012930806005281188,-265.4823558444972,0.012613837298740388,19.40893953762524,-0.13344320617864192,41.89657607894034,0.11893533417153107,-1.9920953838571158
3274,2019-12-18,802.50692,train,174.5720572727274,163.38958410319282,429.24295294707974,0.7197347603175781,2144.749009911853,0.0003981603773584906,0.015257765892530754,153.09223229931487,0.015414092227092443,25.976656068668284,-0.1005925431112823,58.64459282664523,0.15412472317517922,-1.2811449344021286
3275,2019-12-19,810.0777400000001,train,177.3118824373572,159.67838070967352,419.96797026893756,0.7107694699013408,2161.166610194227,0.0003944392523364486,0.015628537785171637,225.38833166122737,0.015923693978173992,27.127060179885767,-0.093717525684221,61.36309483855482,0.1604686314033622,-1.159130870460362
3276,2019-12-20,806.29233,train,177.99439069450162,165.6951607305875,427.07508923569964,0.7351459696159741,2174.770067814702,0.0003962910798122066,0.015486509524696022,162.81083517146988,0.015726280934412782,26.536860134099467,-0.10161820025428472,60.00681096496461,0.15738072357078697,-1.2914969628870365
3279,2019-12-23,802.50692,train,178.99060234894924,164.77059026849716,427.42609674989444,0.7163801304630685,2199.2930805830356,0.0003981603773584906,0.01578908670037436,202.81294983168925,0.0160914521779416,27.33275723385453,-0.09955563026655623,61.486851271951046,0.1617039985978557,-1.2350510841266773
3280,2019-12-24,806.29233,train,177.9963701254606,183.48528846788568,437.0739967729897,0.7549355540334708,2157.449613711786,0.0003962910798122066,0.014533839142497425,-78.70835675171668,0.01452156048880085,23.48446830813127,-0.12658165064242616,51.631654214703666,0.1411117998690477,-1.7514592956897848
3282,2019-12-26,802.50692,train,178.9891107730261,172.13969469887144,436.7198650417474,0.7493681771812201,2192.089336692975,0.0003981603773584906,0.015340632871014951,96.47710456088606,0.01552409847876113,25.920110536680006,-0.10991703207090249,58.280666284517096,0.15417753291719621,-1.432516964304692
3283,2019-12-27,802.50692,train,169.8666324272942,180.38904370441932,435.2729686970855,0.7611201679104735,2068.6552185693295,0.0003981603773584906,0.013767914372919918,-143.00172367377482,0.01352454202894789,21.542678045536793,-0.1275921532867816,47.785687270224855,0.13011408323401197,-1.7987127102840652
3286,2019-12-30,806.29233,train,142.49725530689346,142.73691318908652,400.4928167361215,0.6617599026404072,1750.2560916131335,0.0003962910798122066,0.012234028857770389,-31.064739177669537,0.011571118070487005,18.726593279437157,-0.09316241371314651,43.10367991541093,0.11290876802685236,-1.3047371989427745
3287,2019-12-31,817.6485600000001,train,183.88825634328762,154.86253215379247,413.8603855098388,0.6956465858916204,2226.054366311504,0.00039078703703703704,0.01651012361481557,363.4338945372369,0.01708295713722021,29.64507180783081,-0.08273417032518529,67.12331992402419,0.17441129045128,-0.9476067916236945
3289,2020-01-02,810.0777400000001,train,141.85305227619267,139.87802278561523,402.75180349912307,0.6469958023178698,1736.1419990565319,0.0003944392523364486,0.012154690579082547,-17.488874207622274,0.011488372362413686,18.630345096141536,-0.08968819683290069,42.77585217443052,0.11234420441157177,-1.2610133714130782
3290,2020-01-03,798.7215100000001,train,143.86992031803425,152.91474373977616,422.4281973394827,0.6882628802120186,1775.6871896896107,0.0004000473933649289,0.011921539616964762,-146.01712810415435,0.011139217633123841,17.511172994872123,-0.1063996707652165,39.90909981323831,0.10655430027525603,-1.5391391611367942
3293,2020-01-06,810.0777400000001,train,211.42606387382034,53.51052154928885,316.45430758756254,0.42351184091853356,2692.1606157994624,0.0003944392523364486,0.02619434564649342,2219.5879673971144,0.029328095714663223,58.213516898908075,0.07830969757853783,136.39666106530174,0.3288587904537601,2.243583840456056
3294,2020-01-07,806.29233,train,160.4328792263223,-18.368904951626877,254.9590922021162,0.24132479875831195,2161.1509597985914,0.0003962910798122066,0.02406259889378684,2521.0473408647395,0.026554780382472686,54.88541160979702,0.14526056589634276,132.52445677940162,0.3070182348716026,3.2903552759348087
3295,2020-01-08,802.50692,train,216.32822804817687,-24.63974546752287,260.67659692129814,0.23860846291135493,2893.830566172967,0.0003981603773584906,0.03183891267694238,3445.417927086968,0.03643740776076197,75.47459489790636,0.1916668013657644,179.77496919713235,0.4212224392495567,4.457444866063413
3296,2020-01-09,810.0777400000001,val,226.96488364190827,8.999195892041424,276.1895383809598,0.3180803808433079,2930.274075203022,0.0003944392523364486,0.030751844992800755,3069.957141644039,0.03511082281809116,71.57773728093255,0.1512501371538972,168.96530982172357,0.40132239764975103,3.68767046201642
3300,2020-01-13,806.29233,train,178.16165261053644,-8.795695442311708,250.64953274720088,0.2542460199692128,2360.4178653930703,0.0003962910798122066,0.02580843251671197,2645.9220497906604,0.0287836901595216,59.16624213312495,0.14370121658687368,141.4498771285339,0.33125387676386453,3.3483181054350384
3301,2020-01-14,802.50692,train,179.01098721989837,-16.499018525702404,262.28713127285897,0.2562868761935591,2401.449802371828,0.0003981603773584906,0.026420173576256086,2771.731845886563,0.029539464513862558,60.97930785522122,0.15516524291416134,146.48614398072024,0.3409888759423854,3.5731443069195405
3302,2020-01-15,806.29233,train,178.06762963998435,-16.443324277592634,264.1830003658753,0.25496107150586095,2378.3532165361526,0.0003962910798122066,0.0261417056473815,2740.877234856495,0.02920471138936179,60.26983979681784,0.15434680442482107,144.78359392269115,0.3371321172233012,3.5358486907786806
3303,2020-01-16,810.0777400000001,train,177.33798733933855,-15.499361951688519,254.39262668946543,0.24788493736105288,2355.9285533756574,0.0003944392523364486,0.025958304578258064,2714.5128533356624,0.028990785716172682,59.79690508880814,0.15246728313740698,143.41994139705983,0.33454681853505125,3.494796412311527
3304,2020-01-17,810.0777400000001,train,177.33798733933855,-3.8446984623354816,267.84510579772694,0.2808544831657757,2326.7918946522746,0.0003944392523364486,0.02507764981111823,2526.3007308150027,0.0278759819799734,57.09058519923101,0.13601953909511338,136.73227985925746,0.32013646291563636,3.1589931071439077
3308,2020-01-21,806.29233,train,296.48510733073704,10.336638161385652,278.7490155906888,0.31068880698315887,3818.007143021553,0.0003962910798122066,0.039878540625841695,4089.4884342138375,0.046717657850248645,95.47507383642228,0.19611313894413995,222.73248536053987,0.5342481434702767,4.895610644619252
3309,2020-01-22,802.50692,train,211.40602750191866,49.90617690957122,322.8144138777747,0.4240606485362797,2721.311347547956,0.0003981603773584906,0.026600890521119094,2290.271590520644,0.02980488563192823,59.33465351514305,0.08353635710395788,139.42626503415835,0.3348376326036335,2.362863554380307
3310,2020-01-23,806.29233,train,213.77854357116357,43.58482953108865,309.0670116028419,0.40179505342394084,2744.3393722264796,0.0003962910798122066,0.027202184224058398,2407.1994724734204,0.03058714767188736,61.14636022090403,0.09392964653874478,143.64949552791464,0.3446775656883411,2.563073518010636
3311,2020-01-24,802.50692,train,204.892812637678,-9.056538122771498,252.67241788781246,0.25677287850452113,2710.2250077307285,0.0003981603773584906,0.029434683950068995,3056.28204841234,0.03338296167169426,68.66911743245346,0.1620987717591849,163.0829477620308,0.3840403882077346,3.8422299981948056
3314,2020-01-27,813.86315,train,192.77440808076892,-27.22316788093547,250.02626690317283,0.22310973315252575,2566.9925715565428,0.0003926046511627907,0.02861226829296819,3104.1257279754172,0.03238445477768392,67.17253503318896,0.17922878457685837,160.7857063402006,0.37508262640513895,4.073217183572017
3315,2020-01-28,798.7215100000001,train,329.15689349595715,25.99174236972806,284.9055105830982,0.34696471736815176,4254.25539894235,0.0004000473933649289,0.04377580350543065,4410.380659004109,0.051648978083385026,105.19811167184746,0.1963404233337067,244.08555678505198,0.588671848646892,5.1287866100851
3322,2020-02-04,802.50692,train,286.4322964342788,39.62203335189571,295.9162421311369,0.3792763387597901,3680.352030913488,0.0003981603773584906,0.03719150008094508,3564.7105363971364,0.0432892087606488,87.49439480551517,0.14839474821060655,203.235150182589,0.4909063271549711,3.9862277941526245
3323,2020-02-05,798.7215100000001,train,287.7897954695123,-25.43610503166402,247.4766766780526,0.22380784739599302,3817.4517905215585,0.0004000473933649289,0.04158174600955601,4551.551372663259,0.04882650429288028,101.08708601860037,0.24091759185532477,237.57152268529885,0.5634312967570014,5.788394009808822
3324,2020-02-06,798.7215100000001,train,287.7897954695123,-20.99070965049743,251.81093717469003,0.23413323521288293,3806.3383020686424,0.0004000473933649289,0.04125412171199463,4480.730349806738,0.048411797988616265,100.07763525724597,0.23464698750883484,235.0193242711697,0.5580559275478677,5.661399419062134
3325,2020-02-07,802.50692,train,281.75869187520533,-25.657476507813016,231.21427428180192,0.20381917530803229,3724.010383972623,0.0003981603773584906,0.04077404454288583,4463.5077825618455,0.047817098401298205,99.01241346540596,0.23711738916862557,232.3929741564184,0.5518849010658573,5.684457148243759
3328,2020-02-10,813.86315,train,232.42520440936545,-20.897149704330737,245.79680922735176,0.2271756356037327,3045.7254938419437,0.0003926046511627907,0.03337132547553394,3593.652792592565,0.03845017499382006,79.4633689114972,0.19692632801933263,187.95723596580544,0.44376334873169015,4.599072543965998
3329,2020-02-11,806.29233,train,266.9044910795567,-23.38399883197895,246.92088980881198,0.22523242721395378,3514.1342927535666,0.0003962910798122066,0.03833546577516434,4171.112795145603,0.04473290772486446,92.53306433242874,0.2237718763968939,217.87287654193003,0.5161764099082528,5.313965801488372
3330,2020-02-12,806.29233,train,248.00785342953716,-19.46190551965108,241.2994732084487,0.22581221627037606,3266.4260699445404,0.0003962910798122066,0.03568280585014646,3842.10747665719,0.04135572715889952,85.4492142196065,0.20559837525100405,201.44076066694117,0.4769091877868042,4.882148646800024
3331,2020-02-13,802.50692,val,237.46236730270192,-18.016122680117043,241.82793147216253,0.2286203878070326,3144.5990303434032,0.0003981603773584906,0.03437999500729633,3683.073717413783,0.03967695738559173,81.95980344622365,0.19660114059476747,193.51669898389628,0.45746858546822283,4.677628745232116
3332,2020-02-14,810.0777400000001,train,244.85708495088386,-9.646847855442557,238.16241476881066,0.2367037007906599,3187.37024381672,0.0003944392523364486,0.03450966826749277,3636.3975314219274,0.03988639838912783,82.077167105172,0.18957380967598386,192.9090266727375,0.4586893587125878,4.542191644968021
3336,2020-02-18,806.29233,train,255.67221010275514,28.56131382279452,281.82514034741115,0.34805284572574674,3286.415972526195,0.0003962910798122066,0.03365992680643666,3250.3326758677604,0.038804873226045644,78.59250230363229,0.14318665848352496,183.50060193025666,0.4410004099809456,3.7156131092034057
3337,2020-02-19,810.0777400000001,train,241.79049778605201,-22.1546690314059,239.54697346217162,0.22254352863675214,3180.2127943303863,0.0003944392523364486,0.034892761227985465,3774.2725006007013,0.040367635563903055,83.48492334483606,0.2051095533338223,197.16692244469,0.4659414779832533,4.826827505712073
3338,2020-02-20,810.0777400000001,train,240.95317074136616,-22.756267801607752,238.9604146612248,0.22184660299586992,3171.2243556432013,0.0003944392523364486,0.03482852852536152,3771.598357463713,0.04028545477684003,83.33653432833714,0.20539663357874027,196.88548611355063,0.4650829837607567,4.8293399524128375
3339,2020-02-21,806.29233,test,242.2828442383918,2.913684777038274,264.16516903437446,0.2875961759990765,3142.8543181504556,0.0003962910798122066,0.033323165440393224,3405.5332511729957,0.03836301930729028,78.50708258743455,0.17020793016313165,184.64486464527045,0.43947362039465776,4.146976997255883
3342,2020-02-24,806.29233,train,264.8265834303547,-9.193727624211117,248.16246079654167,0.2464301764781664,3452.4983818469914,0.0003962910798122066,0.03714981168904923,3929.7732112763315,0.04323037652763854,88.96052732271843,0.20240874105245205,208.6921757006558,0.4969774915574757,4.889534126679405
3343,2020-02-25,806.29233,train,373.3958972423812,-3.5664768801490343,247.3520585520802,0.2584223984044485,4805.285290537588,0.0003962910798122066,0.05094433395443398,5444.976894147496,0.060805322405029914,124.9991875801682,0.2673271926727559,289.85437717398844,0.6977374265723683,6.650559431392863
3344,2020-02-26,802.50692,train,243.42519065131555,51.96994270129041,307.95545374679676,0.4177470183040416,3124.3122881260383,0.0003981603773584906,0.030847834636592412,2755.06522734192,0.035214935859642305,70.44562642688307,0.10218738930768125,164.24305313373992,0.3966060499058202,2.898768505463803
3345,2020-02-27,806.29233,train,242.28234938065208,-13.628981342738149,251.18455542755342,0.24756105354368452,3179.7613840546765,0.0003962910798122066,0.034463412028557,3659.851570057286,0.03980608065334554,82.04610295711583,0.1935138635167997,193.57864964485853,0.4583223222128735,4.608842552948986
3346,2020-02-28,802.50692,train,243.42519065131555,-17.847555551848753,244.10117589446216,0.23184928180937464,3219.601871139418,0.0003981603773584906,0.0351261410415763,3765.977703590147,0.04062760704532761,83.91087968539324,0.20035685180932078,197.98261630341895,0.46834526959727046,4.775444865615029
3350,2020-03-03,787.36528,train,248.3522196965556,-31.190931961893373,230.74666125016816,0.19523374668561885,3377.5385936277644,0.00040581730769230766,0.03747532771229081,4129.037464147596,0.04353000573876993,90.44371611583361,0.2229599606201093,213.70518849970557,0.5035381497038336,5.335467243549614
3351,2020-03-04,779.7944600000001,train,239.28657431087672,-16.37054862170074,245.56173232584416,0.2360416183576572,3254.510128146005,0.000409757281553398,0.03552705055735508,3794.144432973178,0.041014950004488064,84.78184474081318,0.19620066625839244,200.2876692071547,0.4726527337904155,4.793400529509443
3352,2020-03-05,779.7944600000001,train,239.8509499541712,-26.02806786080893,242.65659755481744,0.21785854732283014,3286.000688900823,0.000409757281553398,0.03624718408108792,3948.6879663213267,0.04192686375108456,86.98842810630926,0.21017843008132792,205.9430993483169,0.48445166908286497,5.070471024573594
3357,2020-03-10,798.7215100000001,train,241.38175520025752,-28.66543464004909,233.73364921711743,0.2047164451343172,3235.723792700819,0.0004000473933649289,0.035826511110759,3926.4173557490594,0.041493147828038736,86.09127394834806,0.21435955727670936,203.58428374566927,0.47979050832754633,5.069918166078202
3358,2020-03-11,791.15069,test,217.81956608038857,-30.658225535921407,235.3643976727786,0.20343773964984993,2968.665640086805,0.0004038755980861244,0.03315752292844132,3637.8771094601507,0.03805155528475182,79.0948938729901,0.2015628843356973,188.0627471393566,0.4406188909743754,4.743125119058205
3359,2020-03-12,787.36528,train,214.55937198551607,-2.2015368405450473,270.8332804195863,0.28834504298082025,2869.396341680822,0.00040581730769230766,0.03070737426741144,3143.277670855377,0.03492701601442879,71.67091772013767,0.15931548863838998,170.04590413789091,0.40082553760758444,3.8812250384646636
3360,2020-03-13,787.36528,train,204.3229541439775,-20.1432420940339,243.6676059488045,0.2283792525629913,2782.279261398481,0.00040581730769230766,0.030764451030334757,3286.508898183693,0.034988783600032394,72.43193394541501,0.17778152681062487,172.42371806934733,0.4040401677656658,4.222412391671461
3363,2020-03-16,787.36528,test,225.87720149407656,-13.357052856645218,253.50831107146857,0.24726089277830945,3043.1983982485153,0.00040581730769230766,0.03310654841175139,3499.4936801284293,0.03797607329907833,78.35796819096153,0.18268086198736946,185.50660797704725,0.43735318105198234,4.413008821563794
3364,2020-03-17,791.15069,test,183.61498490256014,-7.470195463469343,251.5552390683314,0.25240294862144746,2471.828532016127,0.0004038755980861244,0.026973643319648435,2763.0518136697806,0.030188159741782284,62.07755254048122,0.14590160369865976,148.04232538345613,0.3472117252236361,3.4753944680528863
3365,2020-03-18,783.57987,train,183.1826728780054,4.985331490003555,266.2002346561338,0.29126515291989824,2466.393869651466,0.00040777777777777774,0.02633289011622245,2593.871746504201,0.029337613927006897,59.93008655455351,0.12827174560826218,142.80830495785753,0.3357443243848258,3.1542371529258064
3367,2020-03-20,779.7944600000001,test,174.1280503582957,2.320956944331982,269.21173899197925,0.2921466310205847,2363.119423934505,0.000409757281553398,0.025351782658911904,2501.647397251216,0.028065907826117807,57.39815604749293,0.12601192151450807,137.41853379922057,0.3215317744541151,3.069655355465604
3371,2020-03-24,806.29233,train,175.530494008296,0.0670783086060189,254.04326072107736,0.2690473781311646,2305.237729303747,0.0003962910798122066,0.02486806439537601,2472.5172338487023,0.027590808032346325,56.40685204105503,0.12945457008053748,134.55016203484195,0.3163430530712598,3.0562188979752403
3373,2020-03-26,802.50692,test,143.1912886184209,-10.965114275136955,250.81155613925617,0.24998614069612388,1934.5286340258729,0.0003981603773584906,0.021499139958614504,2174.524160533034,0.023273456282725223,47.892594551239654,0.12338543910947702,116.13692819325506,0.26837351168301044,2.8044143570312112
3377,2020-03-30,791.15069,train,139.44537291625193,-8.431762347519555,266.6614311691023,0.27090968565339835,1907.5075869765474,0.0004038755980861244,0.021013053307973283,2096.1604995586067,0.022596102941444804,46.42382439726153,0.11752690903395935,113.10593872831829,0.26026396821093295,2.687346707883116
3381,2020-04-03,791.15069,train,145.2673434437629,-12.071914039995159,270.5993525148745,0.2713559327462156,1991.3076363395066,0.0004038755980861244,0.02197656206760089,2232.4104682047796,0.02382158874738708,49.0676546843121,0.12654436235216276,119.50286503142377,0.27482001375673215,2.885478396297611
3384,2020-04-06,806.29233,train,158.79836411193446,-27.83820140028144,245.72652816467803,0.21940728521151434,2164.246146805849,0.0003962910798122066,0.024547548519906044,2647.8597880920847,0.027166916758894568,56.476591651674624,0.15752131138604192,136.69849774237383,0.31535802207668123,3.532072867736413
3385,2020-04-07,810.0777400000001,val,130.36541776842307,-20.670603724238955,255.61821257965576,0.2429400633061429,1780.2495359979375,0.0003944392523364486,0.0201836780424241,2101.608760628522,0.021631978047530885,44.80383895114762,0.12823756527856472,109.98748722446543,0.2508784073738028,2.8100627391401063
3386,2020-04-08,791.15069,train,93.43647415639619,-21.99645862373136,265.2012468291237,0.24990679103435642,1351.09521931805,0.0004038755980861244,0.015781550274121477,1607.6543394720109,0.015925132653971493,33.112645151985035,0.10571055291457196,83.99079952447606,0.18563868403663547,2.23218652192422
3387,2020-04-09,783.57987,train,104.88785910235289,-21.293039294163233,263.25704737926117,0.24774107537525308,1510.207736909794,0.00040777777777777774,0.017458306179989756,1789.2165711274108,0.018020220997518946,37.432146071713866,0.11259503704065944,93.7118121879571,0.20958143990091302,2.44283579912941
3388,2020-04-10,810.0777400000001,train,106.89809597780086,-12.622728937049667,258.2419349818095,0.2555841899188066,1466.0639109319388,0.0003944392523364486,0.016601972056562494,1636.1804071115714,0.017073927239895464,35.138345459224105,0.10116741918040642,87.51714834403813,0.1974922756062317,2.1758825922782408
3395,2020-04-17,810.0777400000001,train,0.0,-94.02232524327364,177.83273748016995,0.03706386546941837,330.0368511719312,0.0003944392523364486,0.008751195475873913,1369.2721330011161,0.007024775357101724,17.267672021759545,0.14430463933791202,51.326146996606816,0.09360803311394705,2.6276934121528956
3400,2020-04-22,851.71725,train,39.08921534699455,-94.38264706696376,169.27325894549503,0.026955810150163868,792.1691344723848,0.00037515555555555556,0.013456903467258006,1918.448269147919,0.013219012647419212,30.026302964247268,0.17034740483987185,79.83097331359082,0.1646692362096583,3.285674273906345
3402,2020-04-24,851.71725,train,65.63574002992189,-91.90782326060985,173.6732565660877,0.0355128088167939,1102.3701624346838,0.00037515555555555556,0.016527010702315614,2245.496164918632,0.01713227161767355,37.97761816976676,0.18459036003606993,97.65099746499105,0.20918414245923084,3.6548602495522293
3405,2020-04-27,847.9318400000001,train,63.72184585025137,-93.72327759696901,177.07039112596837,0.036397592477194186,1087.8922380172992,0.00037683035714285715,0.01642597081221442,2246.5076526260864,0.01698519894918564,37.736524073701645,0.18591931337342094,97.34685989772412,0.20775096467517015,3.673729463684137
3406,2020-04-28,836.57561,train,95.32638777264854,-82.87846322494394,163.97758906088202,0.03996299428185749,1455.8556824340071,0.00038194570135746604,0.02000773432954845,2565.0931925574514,0.021500392609517853,46.69299581246994,0.192061653910726,116.50362101587753,0.258033622036607,3.9522027166774425
3407,2020-04-29,836.57561,train,108.34982984980881,-91.29864271505475,173.97499518485722,0.03710397174896618,1634.9321054731813,0.00038194570135746604,0.022074067300741556,2861.504657251424,0.024128749504270727,52.36867406348331,0.2125848292326899,130.16648814089007,0.2893296413280316,4.388463305529932
3408,2020-04-30,832.7902,train,115.0132950651917,-81.25972234296337,195.11937951312058,0.0761232042310523,1697.4505943351598,0.00038368181818181817,0.022138959483996214,2790.694959322603,0.024199800885519866,52.15383080885128,0.20291974981064959,129.43743776872608,0.2887393917973922,4.209369595249358
3409,2020-05-01,829.0047900000001,train,115.53606342853583,-56.30142973807046,222.74792759244357,0.14608009868761915,1648.2793380035805,0.0003854337899543379,0.020418557825243728,2405.2031343760586,0.022004824304187137,46.765031216696606,0.16813202328460286,116.0563429706782,0.2600920081367144,3.5112818550535088
3413,2020-05-05,836.57561,train,109.69719760297578,-94.16535765247488,175.22596614905774,0.03426709292218782,1658.4478043173817,0.00038194570135746604,0.022412450155717262,2921.336047132822,0.02455832091989103,53.34711804743028,0.21751490885392594,132.62908728194262,0.29465183409283097,4.487592398039638
3415,2020-05-07,859.2880700000001,train,86.81678892620957,-100.67433362558202,163.79100027110712,0.011144673503771208,1366.8151892253989,0.00037185022026431716,0.0196651527056535,2668.373815627309,0.02115980318515003,46.553198773875344,0.2109762497124052,117.37314351544222,0.2565737286194108,4.244805653680541
3416,2020-05-08,859.2880700000001,train,93.31984092366139,-93.41537383024513,156.09695549509166,0.014569262204621493,1425.4899184112528,0.00037185022026431716,0.020078384116726872,2660.210125532756,0.02169002666899676,47.40757155770746,0.20513595064481097,118.57014936068921,0.26164942024085724,4.165511173458188
3422,2020-05-14,749.5111800000001,train,96.29145091604907,-103.48841793757599,194.89744890982467,0.039870482461967685,1665.4971761322395,0.0004263131313131313,0.023047292930325265,3032.3108178970183,0.024897353354714557,54.52275652385498,0.22352504234087694,137.1545497976587,0.29994266787486135,4.712991079006431
3426,2020-05-18,798.7215100000001,train,89.76883569844013,-94.257169848269,176.13836604475887,0.03493200120336281,1472.8495120027833,0.0004000473933649289,0.020655281572179135,2711.2519709096923,0.022129902737052357,48.42665353066772,0.20508247292702486,121.83832166121906,0.2668693506776311,4.23771433035341
3427,2020-05-19,878.2151200000001,train,81.64320832918477,-90.5893809373641,150.63457350931617,0.013492563068136836,1257.7702578929316,0.0003638362068965517,0.01821873838047006,2435.1209782046103,0.01940581710665365,42.59791517343954,0.1930455971976801,107.28915053708478,0.2350556794355532,3.8675562333608697
3428,2020-05-20,855.50266,train,83.8573663815376,-101.33217309773413,162.33041865939413,0.008467162144870007,1338.2789211960537,0.0003734955752212389,0.019425287764297045,2645.2549627950225,0.020836491510518404,45.92010130776866,0.21000002638334223,115.98925265075593,0.25296423080193037,4.223321424112144
3429,2020-05-21,810.0777400000001,train,87.67700739437674,-89.5344455037399,186.3867846385,0.054403992151169096,1417.4862568488777,0.0003944392523364486,0.019745515514837577,2576.2834695597408,0.021032821138063526,45.97135501685817,0.1967560971905794,116.10356210675086,0.2536116776867145,4.03126160225249
3430,2020-05-22,730.5841300000001,val,90.89871826260446,-82.12594013396753,217.59778602071938,0.10052687195573101,1573.6075435631815,0.00043735751295336786,0.021158124731013056,2648.4210322678864,0.022388156051578973,48.64083454748075,0.1902226021091686,122.97492505288707,0.26821356127434043,4.051765671106899
3437,2020-05-29,753.29659,train,113.75709400197869,-85.46850652114053,184.0205381098317,0.0588694001439435,1848.7348198988443,0.00042417085427135675,0.02435769448900889,3046.478370233482,0.026597569225595124,57.45469200300144,0.2098947193079876,142.27088234732088,0.31695523354481375,4.5564897839994725
3442,2020-06-03,745.72577,train,104.22759025747494,-97.05201057549037,179.97979245970765,0.035012035414485096,1764.5755737188972,0.0004284771573604061,0.0240054488424374,3091.251946181416,0.026097571977181606,56.824010292842495,0.2199745685726192,141.63083789987547,0.3128369941228211,4.720986992249742
3447,2020-06-08,817.6485600000001,test,116.14036230920532,-66.75549663562367,189.50345573433475,0.09867645296042908,1702.8546385388108,0.00039078703703703704,0.02177299533054541,2635.074755942155,0.023666554055815272,50.61404651093132,0.1836161551366282,125.01165870215166,0.2806397420086285,3.8845210416491422
3449,2020-06-10,787.36528,train,101.50269770594913,-93.04738134802493,179.03441140858337,0.04092058681046326,1638.9462640325105,0.00040581730769230766,0.02235231576657755,2889.717871061407,0.02423182063758578,52.74201975849239,0.21150186145883787,131.69963181186029,0.2908204685203012,4.4403330445216165
3450,2020-06-11,798.7215100000001,train,147.56657799287265,-72.09254152763705,187.15444756461525,0.08473465167719293,2151.991363559491,0.0004000473933649289,0.026733072961806464,3229.6705693513923,0.02988426163280408,63.66397600228842,0.2126561465358376,154.98690778861692,0.3527152935677628,4.647489202444526
3455,2020-06-16,817.6485600000001,train,140.51275892909297,-84.53251638498409,176.31053733161994,0.05275865667770108,2049.8766547605132,0.00039078703703703704,0.026170968766454715,3266.6332151947,0.02925872373276749,62.746956195693315,0.2250104778083221,153.37710132255896,0.3472395659365377,4.809903118950119
3456,2020-06-17,810.0777400000001,train,141.85305227619267,-87.64018838290337,168.38645437296339,0.03855204436861117,2091.623542229765,0.0003944392523364486,0.026836787164339848,3363.3491540774553,0.030066239445333882,64.5491060550238,0.2304901369736489,157.56659476338902,0.3569504591257908,4.954866207590458
3457,2020-06-18,866.8588900000001,train,142.4114136961784,-62.86141921482536,185.68064684405732,0.09930798371163174,1913.560720885973,0.00036860262008733623,0.02363739880636778,2830.129292969587,0.026277902915627004,55.725990553274855,0.19466720630635104,135.6458694929892,0.309959555997692,4.081155615142912
3458,2020-06-19,741.94036,train,132.8852092639899,-110.28056808796013,176.46665794204668,0.009153492980812472,2197.495888009026,0.0004306632653061224,0.029042147501525246,3760.0884756934242,0.03248158869554707,70.48443414465622,0.25803914828763547,173.5769143393387,0.38791269843355697,5.646685186494394
3461,2020-06-22,813.86315,train,136.9927708362272,-41.51644927731892,202.81887626806468,0.15475363798707312,1906.9845065203867,0.0003926046511627907,0.02281234843393175,2559.5637279247517,0.02498592278153466,52.47742797500296,0.1621199332813287,127.7042762785455,0.2922633963997694,3.5542372400971938
3462,2020-06-23,802.50692,train,107.6917816484374,-80.47367514467614,178.8229263469794,0.0621185933001631,1659.2637596024283,0.0003981603773584906,0.022019147501152997,2762.204447135548,0.023894595635676693,51.59421821028863,0.19762662311322537,128.0668162351992,0.28518843091569246,4.167221100210805
3463,2020-06-24,802.50692,test,100.04546627460859,-80.48705263359072,159.8298600451455,0.040877942495555465,1562.5783111988078,0.0003981603773584906,0.021216517342025235,2672.4351673972087,0.022871274745040818,49.512147245060966,0.19258574336903525,122.90570761820844,0.27346952880761144,4.058658706990781
3464,2020-06-25,802.50692,train,130.80772811279934,-79.02773070105573,137.00044699862985,0.01807488371995109,1948.044467230603,0.0003981603773584906,0.02538748980662859,3133.421438115799,0.028183996648058457,60.449540057279336,0.211261861824318,147.00665600145845,0.33420926527615363,4.595325368436997
3465,2020-06-26,817.6485600000001,train,136.299498894733,-104.8314205853774,171.00797122142737,0.012235534030629373,2048.3169552701415,0.00039078703703703704,0.026975212635347617,3511.332433172314,0.03027183898189289,65.52156829943108,0.25076564071844015,160.99001930024917,0.3616768838074229,5.296292473879105
3468,2020-06-29,821.43397,val,122.68378309214557,-94.19638198902054,175.997462928815,0.036003429560541485,1845.2398495683308,0.0003889861751152074,0.02440425945159892,3141.591440630841,0.027021751398528696,58.45400533732636,0.22657494730991037,144.33574471730128,0.3229239000358122,4.752155292722174
3469,2020-06-30,829.0047900000001,train,102.91445240020869,-88.71651456612955,166.64541209799225,0.03493006561536705,1574.7682474497374,0.0003854337899543379,0.0214630545966034,2770.9838894782606,0.02331473796057408,50.63439369941124,0.2054977042620197,125.99417333707228,0.27965444771321846,4.255024763099739
3470,2020-07-01,836.57561,val,95.47948690495531,-82.04897318131177,171.86687340274744,0.052264582975264186,1455.6396566494252,0.00038194570135746604,0.019892247353845753,2545.444486047428,0.021354118966664937,46.35232352115313,0.1909673938824486,115.91255179697653,0.25623514935605873,3.9212853314143716
3471,2020-07-02,821.43397,train,97.72764206476634,-64.28421402002853,189.7095804273451,0.10208228637117202,1462.060640057222,0.0003889861751152074,0.0191693249953848,2323.716702817441,0.02036999593872784,43.733410888337886,0.1677196920657622,109.23586773283357,0.2424913076841077,3.4877811334615423
3475,2020-07-06,813.86315,test,90.9431739230361,-77.35199365543197,170.99841811880768,0.05874832695702154,1422.21580906179,0.0003926046511627907,0.019477948066725596,2455.7787894621138,0.0207171118414304,44.92862408184672,0.18178569941677925,112.49303914077538,0.2483087685986803,3.769622907660233
3476,2020-07-07,806.29233,train,89.1773235645191,-87.54550038350492,168.6209964962692,0.038916388140665836,1437.0064150638373,0.0003962910798122066,0.020074409471405548,2597.8034674463283,0.02143260975625761,46.76162154201879,0.1951100807015812,117.37733275731624,0.257938587108491,4.0370834439386405
3477,2020-07-08,806.29233,train,93.56869114704341,-88.01374696684023,177.60991365740026,0.047908046579656936,1493.4630297695255,0.0003962910798122066,0.020582853837481076,2658.3919993057402,0.022080463661939914,48.09963915154166,0.19868094527427135,120.6443974925878,0.26542590416602396,4.114679541851317
3478,2020-07-09,836.57561,train,102.86449302532259,-95.75464151665956,153.44632424055186,0.008190862190000018,1579.5132241872886,0.00038194570135746604,0.02188201505184968,2874.4940249297924,0.023880559032302576,52.03908579167223,0.21526090364641115,129.3046944573518,0.2871189895027316,4.445151231297951
3479,2020-07-10,798.7215100000001,train,128.32597434367332,-98.92719721239602,162.05010138125124,0.01235968238507157,1974.5485333197742,0.0004000473933649289,0.02616935693329022,3370.05099753005,0.029150455558450927,63.08023285606303,0.23758873097000127,155.0269774758784,0.34803897015315816,5.070215561487393
3482,2020-07-13,783.57987,train,140.00086296244442,-98.0173257584162,158.21323575969447,0.009723371909863625,2156.8940162725194,0.00040777777777777774,0.028134522078478368,3580.389905795393,0.03157239300821071,68.09721659521921,0.2445382141903436,166.39418827741645,0.37571940234283685,5.313093680077221
3483,2020-07-14,772.22364,train,143.7947431912341,-86.06883912060361,185.648832985248,0.06005914609259304,2205.009290186856,0.0004137745098039215,0.027953340465538646,3464.6428254493267,0.031286038094780214,67.10857682197341,0.23047068474557236,164.07366663384403,0.3707821001497504,5.062036184599308
3484,2020-07-15,783.57987,train,140.79419880962485,-115.92803371339527,188.26657485874992,0.012574881720339097,2211.9481492626082,0.00040777777777777774,0.029067154371068105,3820.0312381801255,0.03275208868164833,71.08380525495716,0.27015731582337166,175.1482760184224,0.39170853444744735,5.772883679804743
3485,2020-07-16,787.36528,val,141.73891437021456,-103.32874897288919,166.86063089686732,0.010252059501550427,2183.388528007314,0.00040581730769230766,0.028500650385293258,3662.842885849928,0.03205697017392998,69.24952146965904,0.2530504920454738,169.54528758857478,0.3819992151797873,5.463058485453556
3486,2020-07-17,779.7944600000001,train,142.39867772335802,-112.28879325835885,178.08522975351767,0.0075421516143187,2233.0670788806474,0.000409757281553398,0.02927292501335259,3814.9197760366465,0.03299476836622105,71.49049203510769,0.26625140575956197,175.61401098561495,0.39400258017389556,5.731349561346065
3489,2020-07-20,783.57987,val,142.68231775785665,-101.34737040257876,166.84551207042603,0.013787424494236169,2199.956351309441,0.00040777777777777774,0.02861600079514327,3659.647498048732,0.03218427117335212,69.45854649235268,0.2509933389362121,169.92426686078778,0.38319203632184035,5.44029267307089
3490,2020-07-21,764.65282,train,139.71236253336514,-96.5262112842888,171.48198881828998,0.027567591002912995,2196.6593440960405,0.00041787128712871284,0.028446803114642552,3597.4023308065425,0.031865115251123066,68.69369403699835,0.2426896411545602,168.1835103823723,0.3788972634514583,5.320025014103197
3492,2020-07-23,734.36954,train,130.90285580199856,-33.22910864749034,257.976407761594,0.23048332397844729,1997.2780539011146,0.00043510309278350516,0.023260200460704594,2517.6689572396167,0.025115603729833832,52.6342346634325,0.14820181960506024,129.65581529805988,0.2927109464027569,3.4287135738479804
3493,2020-07-24,760.8674100000001,train,116.7270510377097,-79.70382186080107,211.44822132193715,0.09856608347841722,1857.6769763013504,0.0004199502487562189,0.023908457152276123,2953.9008109941287,0.026074045681894364,56.125819575342746,0.20348874846064713,139.4148945775456,0.3101199378346035,4.392083287898892
3497,2020-07-28,768.4382300000001,val,136.10706224233536,-110.73893041386673,173.9353506821989,0.00565441463827645,2174.933315896282,0.00041581280788177336,0.028712857177631633,3736.128184610163,0.0322182353647143,69.87658528143571,0.26014895890032286,171.87482863506904,0.38490621235563305,5.622054293993399
3498,2020-07-29,295.26198,train,371.1677812361754,-297.4566959003005,500.9762460074065,0.05310123762565402,13764.81723603954,0.0010821794871794872,0.15875749166541414,19605.639290323506,0.19050170228738714,413.27148949329114,0.7308403207477725,1005.3525641572838,2.232023977722793,26.190539755362938
3499,2020-07-30,488.31789000000003,train,218.57175865500238,-179.40546797918685,292.9593116307748,0.021588684876295772,5149.6708796501725,0.0006543410852713178,0.0631160469873026,8011.074301913969,0.07346045418923469,159.41051296662081,0.42572409703707526,390.0588660791659,0.8686752991421486,11.37289182752661
3500,2020-07-31,768.4382300000001,test,134.84532126934914,-105.0583949846009,171.76551079272514,0.012842213137194913,2144.064528284934,0.00041581280788177336,0.028201799274540224,3635.4815868867304,0.03157026218612685,68.35334544698443,0.25131571780965356,167.96448678286984,0.3766889417730846,5.447208775727039
3504,2020-08-04,692.73003,train,151.01670992955223,-83.5479898554237,225.14817716071494,0.10905408732007164,2532.8768409402196,0.0004612568306010929,0.03128783562698635,3791.1774988929988,0.03503470266551954,75.0171047305978,0.23401936540411877,183.857411676495,0.4135851292874385,5.430275817660288
3507,2020-08-07,760.8674100000001,test,146.92523497622273,-97.79500154417835,182.6878039138667,0.03732761655552189,2305.788661961034,0.0004199502487562189,0.029527204385099093,3727.4491211011937,0.03321900399731363,71.53114055868247,0.2493932043187403,175.0114562708428,0.3946023011211189,5.488316116256093
3511,2020-08-11,749.5111800000001,train,148.89744539901326,-107.3269978576258,177.60680342370156,0.015568702596593475,2387.561050540002,0.0004263131313131313,0.03084546871902196,3944.7616046740595,0.0348254858120127,75.21198309314273,0.2644695158274261,184.05838304991107,0.41437675383789246,5.839023818570644
3513,2020-08-13,768.4382300000001,train,145.34425232851834,-95.74871379303804,170.93169889777442,0.027990812064389248,2259.4799629817735,0.00041581280788177336,0.02905405083181576,3661.5667585122155,0.032660597363115024,70.30052547605099,0.24528848988897742,171.71081935470784,0.38790692149134304,5.3892653422319245
3518,2020-08-18,776.00905,train,143.81314238538843,-84.96627865542884,187.58977598019155,0.06453802771227737,2192.7870460820895,0.00041175609756097557,0.027746147537700588,3434.0925610307277,0.031044119844230746,66.55752597218131,0.22882495014419252,162.75979601937422,0.3678457415431371,5.015079633201962
3524,2020-08-24,772.22364,train,181.0759717223886,-108.06241098036105,175.16306591498596,0.011314898937457447,2750.0597191249153,0.0004137745098039215,0.03453232502291822,4375.323162973459,0.039653034616233124,85.1338016433014,0.28654082609533593,206.270475631755,0.4698038255115077,6.360970892126732
3526,2020-08-26,768.4382300000001,train,211.51763362944607,-97.24694072576195,183.78645694252623,0.03905211627536311,3137.368071557292,0.00041581280788177336,0.038062799478631566,4691.386119708329,0.04413398880635896,94.0400415703191,0.2918940434839557,225.9654398856094,0.5197067034529986,6.635830187588475
3527,2020-08-27,749.5111800000001,test,229.92118543181707,-108.09202643045434,199.44095067198464,0.03765313899087363,3486.8157777589886,0.0004263131313131313,0.042025416028574764,5215.338276206891,0.04906364438262044,104.66503218501792,0.3201082494164903,251.54010556713305,0.5778005260262149,7.365808647366249
3528,2020-08-28,757.082,train,214.04532137866178,-99.70895382166685,175.50561521369573,0.02561309254670532,3220.828178176622,0.00042205,0.0391646014258219,4831.49247868818,0.0454691113646096,96.94805294407819,0.29745075350398303,232.72714491242135,0.5354008197710213,6.825800517998685
3531,2020-08-31,779.7944600000001,train,178.26697563355347,-93.77944799510223,177.68415967173215,0.03847150553665601,2653.7094566645246,0.000409757281553398,0.03293262792445744,4088.7585555826863,0.037665919270150824,80.52340677688142,0.26433137153696673,194.76069669932153,0.4450140459429257,5.881962004377945
3533,2020-09-02,806.29233,train,156.77093195218663,-95.29842423678612,177.85382032577866,0.03628127778198118,2307.371942254177,0.0003962910798122066,0.029277039276980044,3695.313833640408,0.03315144457404086,71.1619131192024,0.25132745577106386,173.34426106249475,0.39339171628504205,5.426107314740597
3534,2020-09-03,817.6485600000001,train,146.29781773235192,-94.0669006043193,172.18910753390776,0.031836725452115675,2145.5332095522513,0.00039078703703703704,0.027563018354242578,3496.1201765189694,0.031026616478755008,66.71371439584541,0.24231709985112343,162.93052875303547,0.36883728137930893,5.175515739031249
3535,2020-09-04,617.02183,val,154.29178575416043,-113.16889438455732,233.88834337606764,0.0671845421557462,2945.9634598383545,0.0005178527607361963,0.037121669826001784,4639.185537185022,0.04185131637216448,90.44001028504786,0.28074686856332004,222.4236869074109,0.4960936905979102,6.727183056078353
3539,2020-09-08,556.45527,val,263.19768343644233,-140.35072927530456,243.33235197907854,0.03223284669166222,5290.457961881273,0.00057421768707483,0.06286506385871238,7742.239375920707,0.07400271902523434,158.87655087581828,0.3971799562685151,383.31179985088687,0.869253052306083,10.673227592617037
3541,2020-09-10,776.00905,train,163.33409255987416,191.91410920996378,456.45770294867015,0.8400955978411865,2048.6087367521463,0.00041175609756097557,0.013034824442461294,-321.39933704396435,0.012453146959638952,19.042268027594318,-0.147501638216526,43.10826607121406,0.11628578197658457,-2.121864813897009
3542,2020-09-11,772.22364,train,163.6159934186941,90.57081734084926,360.06409113376475,0.5547753618262513,2162.083505273897,0.0004137745098039215,0.01904383161857695,1120.5830947513357,0.02003406564003909,37.98241325510817,-0.004844835615316359,90.2283879686614,0.21723709316126041,0.5731525283758571
3546,2020-09-15,779.7944600000001,train,169.45851987714812,-82.1606758160652,190.09762029414384,0.07222386069908679,2509.998410948503,0.000409757281553398,0.03087838408516265,3768.177084114209,0.03505627725254482,74.73320019363163,0.2420148066770586,181.11088778581734,0.41346460493143955,5.388105251009524
3547,2020-09-16,779.7944600000001,train,163.94677515405792,-32.642803679772776,245.9736498619834,0.204984986111411,2314.454567106668,0.000409757281553398,0.026407459260958655,2886.115310351672,0.02939087721680257,61.31857104046143,0.16843073801958702,148.17568781657187,0.3415859144401712,3.862621653880815
3553,2020-09-22,783.57987,train,122.2302418258907,148.1867129027543,422.0203131319157,0.7114547901866949,1537.1570425991877,0.00040777777777777774,0.009707870461255949,-365.68962269345457,0.008235892348274484,11.7126176302016,-0.11393822132357793,28.02875029319394,0.07393491716359049,-1.7560816886449158
3554,2020-09-23,783.57987,val,108.44157596850975,148.65045577310016,426.792124190063,0.7187923082050428,1358.0779899267666,0.00040777777777777774,0.0077875672760938245,-586.4272277488768,0.00579044489119761,6.643478419279507,-0.12387485440525606,16.65694535219956,0.045820649050198316,-2.0243582287403927
3555,2020-09-24,768.4382300000001,train,95.28013591931784,135.8299647865242,381.30418664683174,0.6490884657185182,1226.3329057077985,0.00041581280788177336,0.007454352533188892,-531.7198303520663,0.005273775702883618,6.070198004267419,-0.1142372764177697,15.302694881793292,0.04171124522651019,-1.8377109407345296
3556,2020-09-25,783.57987,train,91.73365824213937,60.54338475124766,314.96975938639673,0.4500631704771635,1227.5376870460652,0.00040777777777777774,0.010914444197067044,432.343962930832,0.009727159772132883,17.65804774799412,-0.011231592006592177,44.822904085689096,0.10316040228249741,0.03611392783935801
3559,2020-09-28,779.7944600000001,test,122.86043299153472,-105.0461828010487,167.78425098378494,0.008315253762707161,1960.6213577606109,0.000409757281553398,0.026287386554531087,3423.042020353196,0.029195556023265293,63.42059756569831,0.24296196445263793,156.56080717734818,0.3494324452668765,5.1926407217334996
3560,2020-09-29,794.9361,test,119.7377298628154,-98.16930618806202,156.56860058837086,0.0075252096015357975,1871.2106756219043,0.000401952380952381,0.025146250643464634,3247.704076054801,0.027827342032332714,60.34416315547381,0.23086640965932942,148.6866070430751,0.3327707901572553,4.9161989564750215
3561,2020-09-30,791.15069,train,123.36838257702843,-102.03020340257154,167.9158818944907,0.013629970629184248,1935.2254425195322,0.0004038755980861244,0.02585436623561694,3355.183596989351,0.028707527280810767,62.282273487282495,0.23878392609419807,153.65819055114991,0.34339800634020556,5.082483497758898
3562,2020-10-01,794.9361,test,128.09180511490172,-96.474697246809,176.31714160596357,0.032386364393646505,1973.6519545155343,0.000401952380952381,0.02593725085656588,3323.4480184009594,0.02883675038735795,62.34185348602606,0.2340178269520827,153.55599284056768,0.34409724620779164,4.991918862048099
3566,2020-10-05,704.08626,train,107.84147385577444,-105.57718462407028,195.11890640117187,0.03764662134383524,1927.9982558039083,0.00045381720430107527,0.026097904952812587,3374.433247478374,0.028492742999929155,62.14817024004349,0.2354916071172026,155.11393267742375,0.34155288128280187,5.143315835078514
3568,2020-10-07,829.0047900000001,train,134.57147816962555,-93.323139448028,150.92579093572326,0.00930791824699744,1973.9180061077457,0.0003854337899543379,0.025929894547772996,3310.4710715487477,0.029002020803423675,62.517706553207304,0.23323365281399822,152.77613959299762,0.34551545832310965,4.944628199728538
3569,2020-10-08,817.6485600000001,train,132.53664875285784,-90.58693645037413,162.12812606204136,0.026056422349611776,1965.990552843991,0.00039078703703703704,0.025678613981774928,3257.500056057671,0.02862749054276003,61.670458218358576,0.22823645764595643,151.03352750795827,0.3408523759598954,4.8557678227844825
3570,2020-10-09,810.0777400000001,train,137.71567158480372,-94.73780004569254,164.60005631095748,0.021783316662194598,2057.522595418149,0.0003944392523364486,0.026790849208242144,3412.0456372428903,0.03000365866685944,64.66288092621589,0.23771552549307967,158.23471356696666,0.3572201255471067,5.080656301281104
3574,2020-10-13,779.7944600000001,val,123.91857336355018,-94.40949349652983,179.24018080354148,0.038953601585708666,1947.8039818925815,0.000409757281553398,0.025634739313372873,3268.38369438137,0.028370523203992762,61.349069915875916,0.22866547583270433,151.37732819809045,0.3384880538472636,4.906613768930364
3575,2020-10-14,776.00905,train,144.06971284677672,-93.72341085596494,176.8706696841105,0.03759498962581054,2218.0360760316303,0.00041175609756097557,0.02844894145336034,3580.182188349017,0.03193406458982312,68.69987368101903,0.24135841727125923,167.9798101284905,0.3792737518315689,5.272924310621362
3576,2020-10-15,794.9361,train,140.41261052303452,-90.73214932404008,160.62636430140324,0.02469460285015545,2116.6267543315553,0.000401952380952381,0.02736335944551686,3441.77141571254,0.03065563280599207,65.92503614696257,0.23427117933443675,160.88383943224335,0.36417248064965446,5.077746165932419
3577,2020-10-16,791.15069,train,132.23498547413263,-92.23228055967859,164.63388081613542,0.026357952453737857,2024.4949199399034,0.0004038755980861244,0.026442919505345323,3347.7160482361005,0.029462319233229593,63.518758529672354,0.2309675099565861,155.6726923637161,0.35069897891770296,4.9797390478842445
3580,2020-10-19,783.57987,train,102.55317048918064,-88.49604851907799,173.97597370738927,0.04309008280804311,1647.9702600840121,0.00040777777777777774,0.022345020855462788,2853.3294740317406,0.024204173720631803,52.549588019039014,0.20591051708491082,130.8527493469685,0.2898820054275578,4.35308685319473
3581,2020-10-20,787.36528,train,91.06357852101378,-83.54308591314506,163.58245806664752,0.04043233138975752,1480.600888100217,0.00040581730769230766,0.0205159280063046,2610.919484150349,0.021897160666619692,47.630272282100734,0.19117339198092345,119.0889343280092,0.262739270742758,4.014917478200691
3582,2020-10-21,787.36528,val,92.94667400117008,-88.47818701054673,170.5926934227844,0.039867927750531856,1517.2161414444188,0.00040581730769230766,0.021008042520067507,2703.575924460058,0.022521652613672487,49.07293682978899,0.19935569213835286,122.87619705446816,0.27058005131517593,4.173394794752731
3584,2020-10-23,802.50692,train,109.4597963092954,-88.04026452380916,167.22771875784863,0.036096969716683025,1700.5440005513813,0.0003981603773584906,0.022852048476466765,2914.011391831512,0.024950881709837374,54.040915134355366,0.20950224831364128,133.86531327490871,0.29835950871711864,4.420497303538308
3587,2020-10-26,798.7215100000001,train,124.0947999509867,-95.17415554774217,163.5904307857368,0.020360567103603174,1911.3917935714956,0.0004000473933649289,0.025358316526341282,3249.9745216540236,0.028119470458318276,60.82692843776931,0.22946238896812146,149.692454815039,0.3356942078404571,4.890711195278594
3588,2020-10-27,783.57987,train,159.9335534232139,-97.32893094210334,162.12416702526954,0.014963700142038234,2413.393426313193,0.00040777777777777774,0.030722415569199336,3867.5580415650084,0.034869138100998044,74.87430687598622,0.2569539686476331,181.78726689400656,0.41343174947089417,5.650361321370884
3589,2020-10-28,787.36528,train,175.13801472170584,-99.18225927078238,162.30567004652804,0.011993344416890097,2603.6147444384774,0.00040581730769230766,0.03274046057394857,4110.850249588559,0.037459314218362016,80.26750923270941,0.26967728757009307,194.09277899220632,0.443386471555878,5.95929788588882
3590,2020-10-29,779.7944600000001,val,176.85987407502228,-87.43689468626049,163.2501519386908,0.032323125258240645,2619.536122071585,0.000409757281553398,0.03248986188910348,3991.3285067267625,0.037104697490370875,79.17482933741525,0.25451602848866944,190.88787916705672,0.4377092650511099,5.703859827204046
3591,2020-10-30,787.36528,test,163.94839381284376,-83.18221394394708,167.15847885282562,0.043929385530843766,2419.3542730040567,0.00040581730769230766,0.030180030024232068,3700.276837365872,0.03420687862100652,73.01757145459123,0.2396291369214798,176.62731602495595,0.4038643286956225,5.315348492743015
3594,2020-11-02,776.00905,train,160.80797897911114,-87.23833271815907,172.28910886567948,0.04392434544165791,2420.776721041268,0.00041175609756097557,0.030350310344366197,3746.3429592797715,0.034358991397002395,73.50007791470416,0.24351130044416186,178.30435616517488,0.4061919343191913,5.409384142697629
3596,2020-11-04,779.7944600000001,train,169.42065605339127,-105.8620433603861,165.90362919058035,0.00484504271589296,2568.7589373010355,0.000409757281553398,0.0326313431170022,4146.512736549065,0.03727516718857001,80.13290384222853,0.2754262018340447,194.4545371590345,0.4422147049262618,6.065858802120798
3601,2020-11-09,794.9361,train,162.37342850576294,-87.60494268255432,187.0941284590379,0.05887001796740129,2389.2385525529776,0.000401952380952381,0.02979151001580034,3691.3723515762563,0.03375148011761976,72.16928747893546,0.24451890877461951,175.40807859695784,0.3992231436714038,5.348320661738641
3609,2020-11-17,741.94036,train,153.32081408807576,-80.57588064126253,149.54310418826927,0.029102721991844153,2402.8272324866048,0.0004306632653061224,0.030327704037076603,3682.4789379796357,0.03413294331648358,72.96752101848237,0.23014135483211076,176.49289139989432,0.40276787233328853,5.267549479798318
3610,2020-11-18,760.8674100000001,test,149.66470833597668,-100.37190411046724,173.50241358166846,0.022613610989427383,2348.7791182729334,0.0004199502487562189,0.030164736944998074,3819.410805997664,0.034029160760463334,73.30327739267845,0.2548987386524674,178.99348953671543,0.4042586310945451,5.622368669751788
3611,2020-11-19,760.8674100000001,train,150.92746711283112,-100.00589945709639,173.85926811870502,0.02354337558944108,2364.710979792262,0.0004199502487562189,0.03031212797116458,3833.3094239171783,0.03421708202550424,73.67925454179992,0.255233134321023,179.8275728585938,0.40636330906164325,5.635499115266044
3615,2020-11-23,783.57987,test,161.40514559160383,-103.12145077920466,157.55637562398573,0.0003203190465840717,2446.9386407754164,0.00040777777777777774,0.03133539121353126,3980.8299665565323,0.03564656217535597,76.67747356380671,0.2661099630305567,186.18412724964207,0.42315395920506543,5.840987134355093
3639,2020-12-17,772.22364,train,148.76323133541987,-113.05615203510884,172.48576148520715,8.242899119931881e-5,2337.788982196208,0.0004137745098039215,0.030481601132891528,3955.0570426929667,0.034491134849033794,74.63883179163392,0.2718325321903833,182.76296641640198,0.4112908539751878,5.905952294083219
3640,2020-12-18,783.57987,val,146.54970271250076,-100.94502054519263,166.15788774148749,0.013301722110121284,2249.05097266377,0.00040777777777777774,0.02911605361193875,3713.1578600233197,0.03282137006050025,70.76132410820779,0.25302955421775103,172.82109490641452,0.39044373621509726,5.500426465644995
3643,2020-12-21,776.00905,train,133.237194849725,-109.40909159766565,168.11983816262733,0.001378494296555591,2115.550057495722,0.00041175609756097557,0.02807049311030355,3656.303250260614,0.031443277546813586,68.21688105225302,0.2561728875532042,167.7935516116051,0.3758234333811816,5.513463746856929
3644,2020-12-22,768.4382300000001,train,123.62984595391617,-100.31330327642583,155.46927853288858,0.00276946907782939,1984.0466964528684,0.00041581280788177336,0.026536139623546735,3411.8606066887623,0.029450635638958014,63.83945232521126,0.23715113771853585,156.99923954430423,0.35173133104453375,5.1334059179221
3650,2020-12-28,768.4382300000001,train,114.30023204337454,-100.0348954198746,172.25864462090016,0.020937264124898713,1860.1075803842994,0.00041581280788177336,0.025068458534634807,3243.081099276362,0.02758230902094449,59.94661430948213,0.23041585190420488,148.52361220720798,0.3302505935178022,4.929919618885841
3651,2020-12-29,776.00905,train,113.19539121354319,-104.99258475061221,163.70232273627104,0.003807822737792552,1842.3418599343795,0.00041175609756097557,0.025122408186333746,3289.7393262896508,0.027690595372044602,60.326610739737745,0.23649399781908698,149.48111529301488,0.33217316449248474,5.032477624599917
3652,2020-12-30,772.22364,train,113.74407030585077,-106.22630660164627,169.2826918391318,0.007767710171357751,1860.383034857131,0.0004137745098039215,0.02531653607250462,3319.4276904079866,0.027916246015564496,60.83528238142865,0.23867019077845547,150.88696685902323,0.3349341727391937,5.08020821394057
3653,2020-12-31,730.5841300000001,test,116.336749608837,-105.19945524884515,180.0438422099106,0.019840540658852445,1984.7357733593374,0.00043735751295336786,0.026673820142798246,3448.8361869133782,0.029398176070660694,63.96216317279624,0.240016035762616,158.5466168257331,0.3518541428279093,5.22665551175565
3658,2021-01-05,772.22364,val,127.46734870742884,45.841767470475766,331.7944192003527,0.44083291235029787,1730.5157882312462,0.0004137745098039215,0.016554420933218846,1175.5214812212644,0.016841642999386848,32.80897504351491,0.03360952222904299,80.5537417974354,0.18678485857234062,1.0680065865712955
3659,2021-01-06,760.8674100000001,train,140.12007690012638,81.45488749833615,355.23214228696287,0.5264773446629458,1891.0928284610927,0.0004199502487562189,0.01669051537280158,918.9937973883748,0.016967293233004034,31.971818533954963,-0.0075626216250713335,77.01502491826459,0.18333959870534122,0.41950368676830485
3660,2021-01-07,757.082,val,154.2070740025519,86.33224765256548,363.60206153278915,0.5436270068911052,2085.068838294525,0.00042205,0.018447409553775232,1079.5811482973977,0.01918523400222875,36.40884025203823,-0.004832011958888882,87.00995536072928,0.20811341483420984,0.5649147293855491
3665,2021-01-12,768.4382300000001,train,149.5214976485488,52.98374055953203,333.5649548812627,0.4478824645123639,2023.6299481253147,0.00041581280788177336,0.019319989561590128,1433.3841163319782,0.020345790547249845,39.837550524524254,0.038538501119299184,95.94374331476025,0.22600258453977387,1.3075795146341815
3666,2021-01-13,696.51544,train,164.81915031201606,79.80806673474399,379.10927279568574,0.5385405805676567,2434.719544610799,0.00045875,0.02249652163027645,1563.4008144320217,0.023951565955246137,46.69512465673119,0.013306063775305396,111.74852883795853,0.26382369551423274,1.2058977221637677
3668,2021-01-15,745.72577,train,153.9074464330232,106.25606955047354,386.1483049601905,0.5871707082622759,2094.5986716047573,0.0004284771573604061,0.017622430812924365,831.9734656709567,0.018076810895550806,33.51372250140252,-0.03271068765686681,79.45288565967847,0.19267208414625353,0.07786230111361617
3672,2021-01-19,707.87167,train,162.1451187614275,141.9488778217558,420.517958386941,0.6924346977462029,2295.4782631030293,0.0004513903743315508,0.018217066156344153,616.2682698912436,0.0186095912106606,33.6260574843164,-0.07611327290718996,78.93762840129537,0.19395286446839732,-0.5226528896146689
3673,2021-01-20,749.5111800000001,test,159.54278760725092,135.1011082381084,416.2322118777215,0.6757946735757322,2131.6947908332663,0.0004263131313131313,0.0165879226103644,498.96483955798794,0.01679661549369239,29.92503592787692,-0.06954972114420233,70.27693531008741,0.17399745505174988,-0.5964771704186723
3674,2021-01-21,768.4382300000001,train,164.43081052851835,142.23385592027546,413.97664998683786,0.6828184176023956,2133.561345600191,0.00041581280788177336,0.01626335836251581,415.3958982371244,0.01649741534478292,29.019270101161446,-0.07678292967373658,67.39700839795879,0.16954499935782694,-0.7650790484702461
3675,2021-01-22,760.8674100000001,val,166.04963274744543,152.5321012370954,422.30812223889757,0.711538462968238,2167.7271338993396,0.0004199502487562189,0.016181825414076544,326.1053261294519,0.016354894381571308,28.424258341674065,-0.08993905133343501,65.72942752520855,0.1665072464854651,-0.9707019422154345
3679,2021-01-26,760.8674100000001,train,173.6781011556271,105.7066357687934,381.1019002940141,0.5730968681769381,2315.1558264157916,0.0004199502487562189,0.01989810035235089,1099.1600308283585,0.021064577643090637,39.65983963431252,-0.01903410375133434,92.94086749188531,0.22698979124409557,0.402259972166337
3680,2021-01-27,779.7944600000001,train,165.94537104046623,141.32691363798284,403.6573890204382,0.6704136799524233,2121.07054869536,0.000409757281553398,0.01621836572325812,421.2276367150212,0.016503296275913435,29.031327465587417,-0.07476860528436698,67.10564486622678,0.16971904047368863,-0.7497859868177855
3682,2021-01-29,692.73003,train,173.65856075273655,161.0356162232262,447.7371250614751,0.763657417646084,2498.7814184056706,0.0004612568306010929,0.019413652392366754,602.0111881085531,0.02003842917249318,36.04185179181609,-0.09463806435985422,84.34740749029561,0.2077534415442017,-0.7228803692621135
3685,2021-02-01,787.36528,train,145.76709681686754,98.32630669211119,349.5029041666658,0.5454916602184913,1881.1311901549507,0.00040581730769230766,0.015879188795932527,710.0255072139374,0.016090521393412435,29.56184853188314,-0.028077489915128984,69.93550861807374,0.17091760726533842,0.006649696045003567
3687,2021-02-03,745.72577,train,128.51722021085578,96.28998613073666,349.1977700453708,0.5370837241668066,1758.6984313626483,0.0004284771573604061,0.014904587262078177,600.3183267199684,0.014609570699915636,26.69374861738357,-0.03573781083426894,63.9006250987374,0.15429039530872315,-0.10477645702032214
3688,2021-02-04,764.65282,train,136.76520541701527,91.4259544927208,365.80181065172735,0.5476690293515067,1827.0791826041018,0.00041787128712871284,0.015523378872510648,713.1436223776933,0.01550780171231022,28.621153710216,-0.02393454813973231,68.78891805301126,0.1652142256317321,0.07778745946218686
3689,2021-02-05,783.57987,train,146.6764938716458,93.07870189518994,358.57076344053047,0.5436174457757337,1907.5792180265075,0.00040777777777777774,0.016274599582292843,792.4719451551352,0.016571460639014424,30.716831229890055,-0.020050256231014488,73.07669169123663,0.17715535520927175,0.15632141805877175
3692,2021-02-08,772.22364,train,156.35030287340078,87.66379869116541,339.6970031615207,0.506408371062621,2069.4094204700173,0.0004137745098039215,0.01840574192783614,1071.0214122947139,0.019219099515395268,36.41683148702195,-0.005584243678259146,85.86099536337007,0.20830366797463357,0.5403476011513195
3693,2021-02-09,764.65282,train,162.80329679553134,96.3072078372401,342.89488216050125,0.521742050259147,2167.982841219187,0.00041787128712871284,0.019106011036455074,1082.7627185738636,0.020071762176281364,37.93491010046812,-0.0131533804572109,88.84605944022589,0.21691105350645726,0.4711442465142719
3694,2021-02-10,779.7944600000001,train,169.4661949765583,106.84507682619568,358.1008629025887,0.5559388348434355,2200.522682146368,0.000409757281553398,0.01881170379170179,974.834252424223,0.019788333803472825,36.9456698003371,-0.023914406389930656,86.06975714362957,0.21216730578635898,0.24172309091655253
3695,2021-02-11,776.00905,train,172.5037871658842,116.51173659033546,369.85497524118244,0.5857323507776855,2242.0748696138176,0.00041175609756097557,0.01877465761019896,896.4803064945962,0.019724977005829102,36.51384905798284,-0.0353552385441912,84.80088966559319,0.2101127132703045,0.055526133549096635
3696,2021-02-12,776.00905,train,197.4409963388958,136.86213782267438,374.43029963880457,0.617976781772277,2548.436982395711,0.00041175609756097557,0.021131868765908175,1010.2456485903667,0.022736817345179003,42.098245695885765,-0.0471120938753925,96.06645230772912,0.24185839404602238,-0.0042442040280639415
3701,2021-02-17,757.082,test,224.56471029558227,172.92946601763242,416.7383999907172,0.7232795978700937,2943.9938460658927,0.00042205,0.023526421698376064,1003.3493593517743,0.02569532645998278,47.13311821192628,-0.07895497966494183,106.40345739681369,0.2708634387107116,-0.3585937233678987
3703,2021-02-19,734.36954,val,234.38962351297957,175.36644221669337,479.793564374357,0.8168023322323475,3173.690714977491,0.00043510309278350516,0.02528102229907126,1174.2442891321414,0.027794453024599576,51.441488494346515,-0.07520022040177385,118.44219091478526,0.2946373019177834,-0.17539428038426289
3706,2021-02-22,734.36954,train,219.25698606725982,178.69190625169531,446.162902768116,0.7724988346442287,2961.274308862585,0.00043510309278350516,0.02330652189342537,926.9355557480313,0.025280134920493805,46.17689852914917,-0.08995502142315925,105.13050134044646,0.2653585784677975,-0.504982600336602
3707,2021-02-23,745.72577,train,221.2599787184504,202.30327913650478,462.7733320687108,0.8450512957495296,2917.7696687514613,0.0004284771573604061,0.021732212125624033,574.8566348559843,0.023357265851657157,41.39117015313597,-0.12213661216339733,93.29063987918907,0.24001263834305372,-1.1516640156675166
3708,2021-02-24,753.29659,val,204.99783757152017,188.64271363739005,452.4023068903147,0.8190982803125691,2680.643062373641,0.00042417085427135675,0.01985883463287542,467.94579308507184,0.021010722587857043,36.932088044948834,-0.11417250910611294,83.87776212211114,0.21495432605156586,-1.1476900955758216
3709,2021-02-25,745.72577,train,210.43486267076437,179.36936723223457,435.8738340319513,0.7877845291189864,2792.77644570988,0.0004284771573604061,0.021581004813917108,730.5695592829413,0.023153156940135117,41.708528469813075,-0.09720443098651214,95.12410587215565,0.24083759562038898,-0.7457103934221945
3710,2021-02-26,745.72577,train,213.21711867353062,195.42978265010117,450.39800558184726,0.818493720349667,2814.990202459334,0.0004284771573604061,0.02105562049597805,550.2141641646169,0.022491990652424836,39.82802356442952,-0.1178854469496394,89.85247260351228,0.2310384244775104,-1.1155116237140572
3714,2021-03-02,741.94036,train,183.7053317870455,141.69335374920882,424.42227761142146,0.6986848142634298,2478.9472495261084,0.0004306632653061224,0.019890093567126295,820.4843946510534,0.020959144865557548,38.356206381430994,-0.062286189370859474,89.38618521724328,0.2208569671150883,-0.27561111415317396
3716,2021-03-04,749.5111800000001,train,181.31737541259892,124.65022453385836,387.97856018064493,0.6375470884676772,2436.7877618062294,0.0004263131313131313,0.020432710938939988,1013.6054331069379,0.02168692892266261,40.40153809521517,-0.04011451395211739,94.34924238375855,0.23155127843043316,0.11776914699107165
3717,2021-03-05,749.5111800000001,train,180.67855905765143,114.24907811276543,383.48245494677707,0.6078549141501276,2438.277092870622,0.0004263131313131313,0.020886269848647332,1143.0510916763292,0.0222596257669113,41.91195680750222,-0.025954561585855795,98.16454324720085,0.2395518251214517,0.37243593308154366
3720,2021-03-08,757.082,train,172.62549103003377,96.52861017557562,361.2486777095764,0.5453398122236518,2322.082072245306,0.00042205,0.02054128817217796,1240.223642626617,0.021856395964208873,41.62175957111362,-0.006697612078183451,97.81150609927262,0.237356055799785,0.6582526359121648
3722,2021-03-10,738.15495,train,195.20463691261574,120.76797582420623,397.463489443802,0.621131842917351,2670.9069484352585,0.00043287179487179483,0.022965555887111234,1325.2299271264455,0.02484152518423145,47.08733873949424,-0.024980597115410105,109.68693908824095,0.26829671896571866,0.527417009004346
3724,2021-03-12,764.65282,train,225.4303855179662,169.95665820559395,431.3027865709257,0.7385979857531328,2927.566589689832,0.00041787128712871284,0.023277250797151466,999.1368651576909,0.025421875275544098,46.60004967999163,-0.07450790632251955,105.70599889970623,0.2681014343233587,-0.3335583191330731
3735,2021-03-23,757.082,train,227.67414890328922,190.5362339616697,456.2592483418765,0.8249891256636983,2968.518693346644,0.00042205,0.02270699612227407,777.1366155093287,0.02466155525663005,44.39988681314387,-0.10167839852355717,100.70575830949821,0.25655955415999654,-0.7960118578065398
3737,2021-03-25,794.9361,train,216.82097844090868,166.86312058571284,419.23316899865335,0.7340430234247078,2702.8054923673863,0.000401952380952381,0.021041796908855426,778.6794228933708,0.022742511610453903,41.02843185976955,-0.07685008278127098,92.84084999647922,0.23771624248610326,-0.5662111670442489
3741,2021-03-29,760.8674100000001,train,224.12919486195366,157.03662831113746,433.3729464661551,0.7385664723064894,2938.1934380919743,0.0004199502487562189,0.02387170005157446,1162.023379885149,0.02615097065199444,48.5223575290341,-0.05716610490999585,111.50716098565607,0.27824871096997916,-0.014090173273788198
3743,2021-03-31,753.29659,train,215.07749291683373,190.54491462702595,465.49024411436704,0.8278717326377674,2814.6158746056776,0.00042417085427135675,0.021037931775590803,586.6455338684207,0.02251377232258453,39.96483146778002,-0.11009166072268511,90.73284803218475,0.23192575171871022,-1.0235360157391853
3745,2021-04-02,741.94036,train,221.11808420827788,197.8180514225157,475.7222890256931,0.8438155452910616,2936.0943484106597,0.0004306632653061224,0.02197686569277154,634.4503419190096,0.02364408879536572,42.12497591172343,-0.11586837165158537,95.42160221362641,0.2439210941961222,-1.0367445260671195
3749,2021-04-06,764.65282,train,189.60322411418036,167.56202642887692,421.22149844802954,0.7348607429143734,2454.285856999174,0.00041787128712871284,0.018573734350380833,485.3660811574865,0.019430000889674094,34.30345068760618,-0.09524130758351092,78.00147486648268,0.19970814799789777,-0.9251885477535357
3757,2021-04-14,760.8674100000001,train,226.54144169481512,169.80053085278323,436.9205376708376,0.7571396257076848,2957.931198106675,0.0004199502487562189,0.023558771294547795,1030.8140456350752,0.025758417812944467,47.31267142705055,-0.07343892947614797,107.84730502071645,0.2719907154007646,-0.2939014156607851
3758,2021-04-15,764.65282,test,245.1963755263467,181.09646417745043,423.3511150520357,0.7647153579977757,3179.1042752222324,0.00041787128712871284,0.025544022844642744,1172.3917472641267,0.028313524752638115,52.24389784370264,-0.0767761047861332,118.00708049557032,0.29974587794882324,-0.23404820240057225
3769,2021-04-26,757.082,train,227.62091953051322,140.4526076396565,423.0756874019198,0.7011682024437154,3016.636527985413,0.00042205,0.025434649629883597,1462.4345858624536,0.0281110513599603,53.11968590937789,-0.03141327376702893,122.88817636125404,0.3030284673479352,0.5041040348026424
3771,2021-04-28,760.8674100000001,train,241.591764325929,168.74655235435426,439.22936379990267,0.7605451135148703,3159.7500478586267,0.0004199502487562189,0.025663283920931194,1276.7490223384032,0.028438264023963246,52.88219889287064,-0.061831910775454024,120.67999327792111,0.302873507482138,0.010434977219145603
3772,2021-04-29,741.94036,train,226.6738798250576,192.63292916175445,464.9641801261134,0.8266252140752361,3017.162367215624,0.0004306632653061224,0.02312291910574583,803.4818204715489,0.02510071593381577,45.31333582302228,-0.10481274971231552,102.83371914004435,0.2613506942518348,-0.7853634009413684
3773,2021-04-30,753.29659,train,211.39203616997654,206.7792648649654,479.0720773445266,0.8708562911709972,2749.124353479217,0.00042417085427135675,0.019607987040846153,302.62394259331154,0.020700692403862048,35.69713794949682,-0.13537462609841755,80.32889591517466,0.20888920957511842,-1.518754032308909
3777,2021-05-04,753.29659,val,207.18167461769607,169.9825101187137,433.0852793336896,0.7599212819908395,2728.264853823055,0.00042417085427135675,0.021254707606816456,766.5094989176248,0.022779051593583694,41.18954965679046,-0.08648125959800171,94.13457447308988,0.23781460536340251,-0.6121157459356168
3778,2021-05-05,753.29659,train,209.80778766036894,172.398353277518,452.2906633022597,0.7793793814179517,2761.2973488210127,0.00042417085427135675,0.021306128995366706,753.4853176407269,0.022846499833380374,41.228881741557856,-0.08816809367664732,94.3783740340245,0.23824303062921678,-0.6499248621919743
3780,2021-05-07,741.94036,train,216.8621006141248,166.18738206390253,432.3366340713028,0.7472551744435522,2908.7053167898207,0.0004306632653061224,0.023334522701340815,1026.7736569806616,0.025356824559128705,46.697580729669255,-0.07425746619132731,106.93275130723951,0.26794067500051694,-0.26523165385761355
3784,2021-05-11,757.082,train,151.78276593552613,154.74681432041035,423.599989152221,0.7205033443309404,1985.8594405865176,0.00042205,0.014222464299917827,86.42363194570902,0.013838428829766925,23.16504533669291,-0.10255260786518572,53.81895239450221,0.13734464674076816,-1.2784672983400296
3786,2021-05-13,768.4382300000001,train,149.53967087243956,149.63937400173666,430.0065866111288,0.7227107470020968,1929.630771657575,0.00041581280788177336,0.013707480899898549,70.14482469145872,0.013246362572096507,22.050834131907596,-0.09724398328683423,51.72811029841815,0.1312261774257111,-1.2481912966139737
3787,2021-05-14,757.082,test,151.78276593552613,150.43005814786304,424.97971428541814,0.7214938473640271,1990.0682778547512,0.00042205,0.014414143307760498,140.4116324258958,0.014080640353142247,23.79692180986345,-0.09650924389357833,55.73413290048534,0.140714717598431,-1.1721248327925793
3790,2021-05-17,764.65282,test,165.33300956112345,141.138393653344,429.7644831145291,0.710493951072011,2157.8550732303456,0.00041787128712871284,0.016411365546620194,438.46259674242253,0.016664364147940345,29.390679409526303,-0.07459317505512789,69.03608018493556,0.17160756026672178,-0.7258734452654877
3791,2021-05-18,757.082,val,178.4285467096035,136.25801582819366,423.4568103068882,0.6973694781785409,2361.153446173725,0.00042205,0.018804133627898144,743.4853192179842,0.01966494617380069,35.78285844921257,-0.05868889576054481,83.86901291675608,0.20671897577147821,-0.3146916568516023
3793,2021-05-20,760.8674100000001,train,186.9916060670807,147.379315593843,421.7327631234375,0.7193782252721366,2452.144737507531,0.0004199502487562189,0.01932546011951591,720.4497968993464,0.02035612761239838,36.85579137232028,-0.06860901645293835,85.61962365650322,0.21311216037351927,-0.44939514220370713
3794,2021-05-21,757.082,train,189.79486237950448,127.20187570716915,419.09792361003383,0.683394894455844,2522.3830838844015,0.00042205,0.02085900564841657,1044.0684126745664,0.022277589319638236,41.470144577661166,-0.03832326691278434,97.41879206153496,0.2379350075718926,0.13174843370473063
3797,2021-05-24,772.22364,val,186.00829158765458,141.55854429164012,414.1603111079865,0.7014993018045953,2406.7200840779146,0.0004137745098039215,0.01909470186271675,741.9119918396904,0.020124760100691363,36.51913481313351,-0.06142291008427145,84.89657837785302,0.21123433521770224,-0.36770584916045546
3798,2021-05-25,779.7944600000001,train,189.67729009000655,135.6342431471045,399.1921930396824,0.6838671380149576,2435.5512730463884,0.000409757281553398,0.01973358993918737,861.5170911064232,0.020977711514850884,38.45257206323931,-0.050816877201674715,89.42574645292889,0.22182306898535092,-0.1680892650277626
3799,2021-05-26,779.7944600000001,train,178.26697563355347,120.39459991202868,393.0148028682886,0.651205823055619,2301.8761017625407,0.000409757281553398,0.01898789826547001,891.7453160801088,0.02002062863607098,36.95697967592669,-0.03711300254766797,86.88126308267206,0.2129442919509011,0.014457059653552234
3800,2021-05-27,768.4382300000001,train,196.47851200739976,144.53596881903303,418.42359918684303,0.7120017908462416,2554.663132061228,0.00041581280788177336,0.02048877434742022,875.911314710635,0.02188018907980619,40.06465226442208,-0.05845173874172008,92.92185094861652,0.23096689499223308,-0.2360192120707261
3801,2021-05-28,768.4382300000001,train,201.8785556777934,149.89915720093038,437.9682371633506,0.7304267780174237,2620.767961659292,0.00041581280788177336,0.02076801067386677,866.5200717168824,0.02223918217898911,40.61398327294342,-0.06240490003676716,93.97714092580922,0.23433383754263853,-0.297929445692802
3805,2021-06-01,791.15069,val,174.2970078178154,164.68562688325807,436.52046698995844,0.773548139403587,2173.028848089227,0.0004038755980861244,0.015479994002390168,164.78528390601224,0.01563749665050813,26.430463661777903,-0.10231762580469836,60.99686704025595,0.15652917234585234,-1.2788450353489267
3806,2021-06-02,776.00905,train,177.64805062518278,164.17449144341876,438.1351852285222,0.7806394824747397,2262.895818861013,0.00041175609756097557,0.016486884960932185,277.67650656488263,0.016836258097102454,28.978370731923974,-0.09893571908853788,67.20038517411437,0.17038254519123677,-1.1390662054812866
3807,2021-06-03,779.7944600000001,train,176.80359001268104,134.10426689641483,411.8075169173182,0.6935475830309016,2269.459547079096,0.000409757281553398,0.017941187275631987,669.8427064238715,0.018694659254775054,33.768336487979326,-0.05737745554152804,79.1641286712723,0.1958388696164536,-0.381918587850657
3808,2021-06-04,768.4382300000001,train,168.0613014269215,108.637798560765,384.52407774689004,0.6062028827910467,2214.275856947515,0.00041581280788177336,0.018669117645273032,940.5359950112393,0.019544665215867525,36.3937055508641,-0.027154074079794643,85.92683579728515,0.20913295746208838,0.18506512862938618
3811,2021-06-07,776.00905,train,175.38724838325018,137.4189389326897,391.32994872525705,0.6702154306220339,2259.4089174813425,0.00041175609756097557,0.017944077886382984,644.9367003708949,0.018677726693770325,33.67431266550626,-0.06279111091452191,78.1453260419405,0.19521330363626402,-0.4450807024193767
3812,2021-06-08,772.22364,train,175.0028010020517,137.62938804129257,399.3714182708962,0.6902246040991704,2265.8824353922805,0.0004137745098039215,0.017938648173142176,641.2140906954174,0.01864988995923587,33.61419892103968,-0.06326772147828343,78.50618194803613,0.19486821759153136,-0.45101199559136795
3813,2021-06-09,772.22364,train,180.7380566593377,141.720760476832,406.6478960434475,0.7114686050900892,2337.284013649316,0.0004137745098039215,0.0184480322887715,667.8589605990644,0.019300869959603572,34.82249605747815,-0.06516842898590346,81.31022249101154,0.2017675999684812,-0.4580331425210228
3814,2021-06-10,760.8674100000001,train,194.5005109365901,127.42373704292486,396.7153154279036,0.6582245295672315,2571.780154449455,0.0004199502487562189,0.021574647324637083,1125.4862156638774,0.023210370076592754,43.405499332780145,-0.035495054200015766,101.19046909989935,0.24861038412708933,0.22571376090843126
3815,2021-06-11,776.00905,test,215.11762137310123,137.95947854197905,404.94238924766427,0.6743361655593336,2778.595092889154,0.00041175609756097557,0.02315548853478217,1229.623925657796,0.025316127772488033,47.34898567996394,-0.036873619477855946,109.14092732125353,0.27126900102772666,0.24976069117574112
3818,2021-06-14,768.4382300000001,train,207.45462000244314,199.80949984310968,416.15436928054567,0.7983746684085905,2645.764527879894,0.00041581280788177336,0.019375067769033978,335.66251586848387,0.02048696950986666,35.48227576107564,-0.12850254869387626,78.77440890866811,0.20739672457413474,-1.4149509268274576
3819,2021-06-15,772.22364,train,190.98246331852778,180.33094235351402,443.1970268239123,0.8091081681321879,2434.303117161866,0.0004137745098039215,0.017619290329512798,283.20475433641764,0.018264770744962522,31.438271522913688,-0.11251198018820419,71.79117797403178,0.18455359029502416,-1.2879810927892927
3820,2021-06-16,764.65282,val,204.96308900031258,162.46914840312954,438.3888627746318,0.7672205692257645,2663.157877084431,0.00041787128712871284,0.02074880896985837,768.9364688591606,0.022198597869794657,40.1593075737527,-0.07782625205534553,92.57755620922457,0.23215214969769724,-0.5357012403588771
3821,2021-06-17,772.22364,val,219.64272422429335,155.03504649571394,422.91671455975785,0.7274066957411575,2835.709397021938,0.0004137745098039215,0.022936350154293874,1074.9928888461106,0.025024183945514596,46.21181432231532,-0.05770530372912824,106.04817200106132,0.2655727021500765,-0.09875476942338943
3825,2021-06-21,772.22364,train,222.89786932707733,148.0149975320315,423.7427426652685,0.7250476003048315,2885.34324189708,0.0004137745098039215,0.02370564236691752,1214.5955144394438,0.02600079390835202,48.4451402252801,-0.04568158534182748,111.80378097892243,0.27773797439480624,0.1360208071474086
3826,2021-06-22,783.57987,train,214.88300867147083,180.31449528734234,453.3449009568891,0.8292300047969314,2706.1136858829223,0.00040777777777777774,0.02027065495777654,586.0835654314533,0.021705997208133473,38.478719335833965,-0.09679062970079841,88.04071359996497,0.2239867842931397,-0.9242192149818886
3828,2021-06-24,779.7944600000001,train,206.15317015717193,122.93431146086503,383.554286402047,0.6318032193482621,2662.4085546335245,0.000409757281553398,0.022721799574839465,1295.220835302562,0.024777131611519905,46.71269342849739,-0.021883996386277638,108.27374404083851,0.2671563046421883,0.4719318821198211
3832,2021-06-28,779.7944600000001,train,190.03546139581448,115.46329027886019,380.61067174099486,0.6253724009747545,2459.880448792775,0.000409757281553398,0.020937576664799465,1149.6472733672474,0.022501028946146712,42.24850368499219,-0.022242993407026637,98.80881814621142,0.24207950951445495,0.36967680060663033
3846,2021-07-12,783.57987,train,199.68487322166658,131.73768378046987,390.8636935792284,0.658385877846168,2556.5900331197445,0.00040777777777777774,0.021200665278622077,1058.0571670497604,0.022865159040876014,42.46503664745949,-0.038707091040013214,98.27831117651951,0.24400233132237203,0.10408692989369818
3847,2021-07-13,787.36528,train,213.103976339927,149.47604938433818,430.540885914951,0.7475021685435165,2699.3899010192868,0.00040581730769230766,0.021580015127857705,967.3772083103858,0.023379298077479266,42.902738700007525,-0.054803503448214955,99.370024618876,0.24742171553098735,-0.17233268237549282
3849,2021-07-15,779.7944600000001,train,261.7582420372671,158.5433136279665,443.23169171553553,0.7704451721423227,3351.5290687530114,0.000409757281553398,0.027893328355993438,1610.4669846302952,0.03138318381023057,59.166741800480416,-0.03461160352200146,135.90320014748622,0.33798711987723407,0.5099906614646033
3850,2021-07-16,764.65282,train,270.4919377659524,153.5920145937703,437.4801794511036,0.7516903082505845,3541.7267140494114,0.00041787128712871284,0.030185393990459636,1903.0878289184486,0.03421277810980848,65.2657754900802,-0.021256102300804075,150.12127236438656,0.37117973707106816,0.905831260808723
3854,2021-07-20,787.36528,test,233.51245434647566,136.76026012517232,431.03967385210444,0.7389948672104704,2974.900761556633,0.00040581730769230766,0.02490456482835081,1438.4774606269496,0.02760797329863265,52.02359536887615,-0.02327424231041711,121.18449140597522,0.2976666324958967,0.514054925582816
3855,2021-07-21,779.7944600000001,train,224.21779580224256,126.78074363209423,405.7522394824563,0.6838614899805396,2893.814634678245,0.000409757281553398,0.024741222024535336,1493.7963107179953,0.02735202841472024,51.87921724686775,-0.015209528604612693,120.78333692100549,0.29614388200806485,0.6741196050867873
3856,2021-07-22,783.57987,train,238.33682710608684,158.1924015411462,435.01560587401787,0.7577522936891223,3031.5179933366026,0.00040777777777777774,0.02466124163928011,1249.043693296583,0.027287186830821857,50.71131284189636,-0.04995872983310126,116.4244746892991,0.29105116575036216,0.0807078949919845
3861,2021-07-27,791.15069,train,218.8120849644965,107.58691786491077,368.014249846894,0.6142337362836572,2799.857494428101,0.0004038755980861244,0.024827482769120324,1652.1915925808112,0.02751402000170546,52.80524937378215,0.007848415735604727,123.17091068015203,0.3006342715759148,1.04687282782156
3864,2021-07-30,794.9361,train,332.43286724555605,168.654794994092,426.302491929138,0.7530766615415038,4177.370675907549,0.000401952380952381,0.03616014573632485,2473.0496853298464,0.042000904190799805,80.68760017939726,-0.0017520117400874335,182.87207355710171,0.45832486701084046,1.4454604526827217
3869,2021-08-04,806.29233,val,187.10769082970194,104.7919101719863,366.64492465440975,0.5945527926788934,2348.884447242671,0.0003962910798122066,0.020208265240528746,1155.6308253221564,0.021709537612930225,40.85601886678236,-0.009940911340626052,95.71759235099775,0.2344139258470392,0.47968376761287146
3870,2021-08-05,806.29233,train,206.6723864283814,144.48848069195233,399.0521091914547,0.7029661539851714,2556.493929334502,0.0003962910798122066,0.02052579260988704,892.2034665286749,0.022134191035336058,40.44657872937808,-0.052560104639230484,93.0714677082043,0.23380042928968123,-0.21531727826221972
3871,2021-08-06,798.7215100000001,train,219.2852337230783,163.37812742935927,419.9166791255146,0.7637945104700753,2723.941108078556,0.0004000473933649289,0.02136646822606229,842.5019031312941,0.023174813406190636,42.009144217386755,-0.07042595739063376,96.11693601258303,0.2431417996185313,-0.4555089065787766
3875,2021-08-10,787.36528,train,236.51344773546532,135.10989953971114,400.4130367353893,0.6827577370446891,3015.19967974676,0.00040581730769230766,0.025701957253540738,1542.2154665905043,0.02862141793200067,54.209459529650566,-0.018829980911610977,125.03183066529817,0.30953919670957974,0.6519159717171756
3877,2021-08-12,791.15069,train,279.883769045313,155.16825720682147,415.4756370261049,0.7181023893626998,3537.0551337019924,0.0004038755980861244,0.03017246970134713,1897.298778651833,0.034346504621767804,65.35718930862312,-0.017975548710778805,148.86978942389254,0.37241778588620716,0.884893838281137
3878,2021-08-13,772.22364,train,297.33683755136013,174.33221795128134,443.9230498275364,0.777423404350418,3838.1936740552637,0.0004137745098039215,0.032367021436723556,1996.0337091205351,0.03704518644736567,70.41952850041312,-0.03254060151886243,160.05059059448348,0.4007863549489146,0.8180611449142966
3881,2021-08-16,779.7944600000001,val,278.19676995396964,161.34485074373782,426.4303509421012,0.7611151260140242,3562.786186459488,0.000409757281553398,0.030148793174266695,1845.1254744324044,0.03425641757593022,65.03603758376293,-0.02741980288523807,148.73985473601792,0.3705686960261422,0.7627833356155306
3883,2021-08-18,779.7944600000001,val,257.8638965965467,175.01576641528223,437.58917822615575,0.8104643864876998,3284.7737667388765,0.000409757281553398,0.026641173836329336,1345.596631375752,0.02979567811501194,55.38661111296255,-0.06028998626336829,126.58865419903934,0.31752045432640047,0.034394932110693166
3885,2021-08-20,772.22364,train,243.2585436001415,139.11614170906932,406.29998584347925,0.703874705718037,3161.6632839313806,0.0004137745098039215,0.027081557885857,1663.8019986001777,0.030295563098207433,57.61647468709323,-0.019445800660677415,133.09880199749367,0.3282335488153834,0.7581360317497184
3889,2021-08-24,768.4382300000001,train,239.3673203895647,147.85449628938994,420.5579689085828,0.7372835494483861,3117.9836544253367,0.00041581280788177336,0.026171886292731674,1493.7822580433708,0.02911985113506966,54.91876922237503,-0.034238095801610136,126.89057238611603,0.3135496760335078,0.47122653051915225
3891,2021-08-26,776.00905,train,222.12112088125775,131.14924216227297,403.7546647788467,0.6755466799095851,2876.847884349227,0.00041175609756097557,0.024440972275846812,1426.093775932579,0.02695019826816508,50.936180397289576,-0.022615628802228088,118.04013320657579,0.29094759361109035,0.550503062432532
3897,2021-09-01,776.00905,train,233.36137510251973,152.8957826649732,408.6007737647918,0.7289491502933049,3002.6788272731487,0.00041175609756097557,0.024874461140791306,1311.8537139499335,0.027512541643669196,51.41805800004722,-0.04554349884778938,118.11465024192991,0.29440648469618375,0.20483247498693327
3898,2021-09-02,783.57987,train,229.3565504688118,127.01634763097853,377.6210673143543,0.6283698212585975,2945.5785896229,0.00040777777777777774,0.025541550528977868,1584.6860334844127,0.028391327650234208,54.03749099454287,-0.012096200842606541,124.31100139927784,0.3080409123509586,0.7787601867919322
3899,2021-09-03,760.8674100000001,train,226.55035652006703,122.64744108816785,399.84348892375976,0.6340063573429149,3004.0243961934534,0.0004199502487562189,0.026195642002697424,1684.0281355344084,0.0290934534258485,55.710841402533156,-0.007223484847595829,129.0188153545264,0.3167470931122431,0.9393697423622686
3903,2021-09-07,757.082,train,222.08769987927332,161.54562526026393,430.2288298185783,0.7656467225746716,2921.8812609190572,0.00042205,0.023585782670927848,1094.852693463984,0.0257663615070702,47.612169870136285,-0.06472421913664167,109.71332961947716,0.2732315522013161,-0.13795176691013386
3910,2021-09-14,757.082,train,288.9211300757382,202.3610942287999,449.9050874177501,0.8453068169336411,3778.1908134067676,0.00042205,0.030708323480957894,1594.2702515373492,0.03485663655041416,65.12657007938314,-0.07694787796861438,147.04463836498581,0.37188820010035706,0.0663348012566432
3912,2021-09-16,776.00905,train,325.7776439591781,220.74084248990818,457.30248788963667,0.8797012957655514,4145.4275545052105,0.00041175609756097557,0.033641725406954315,1792.5477473912892,0.038712453963989514,72.38261744971167,-0.07862264310779873,161.94154399086707,0.4135093485894064,0.12901259962655653
3916,2021-09-20,760.8674100000001,test,248.1467828934873,186.12662802950635,466.1843030782759,0.8386400045162145,3230.257096338412,0.0004199502487562189,0.025458872401284457,1122.3068893049526,0.02818708462127366,51.790670669811846,-0.0818700300529239,118.19150478254072,0.29758650179540813,-0.33988140934694977
3917,2021-09-21,704.08626,train,252.0164006609077,208.1808234462156,503.4366470230041,0.925442246833457,3539.68301159031,0.00045381720430107527,0.027767163333793893,1199.4820968795564,0.030775957666071725,56.772390884124306,-0.10819603599661506,130.34400596231686,0.32443554021086546,-0.46300736230112066
3919,2021-09-23,704.08626,train,252.60972710928917,205.7996619073399,497.509490392645,0.9065965221994271,3550.558771831438,0.00045381720430107527,0.028030954644249945,1247.4326787999707,0.031110525250642035,57.54637212310231,-0.10443519647685368,131.91013039632898,0.32860493970200577,-0.3832293355450617
3924,2021-09-28,787.36528,test,224.04224758297704,192.2113436302709,445.33970933631826,0.8273888708083575,2798.7428627748363,0.00040581730769230766,0.02084607792667865,563.2700255677646,0.022464966870961667,39.66880065003342,-0.10738873962775275,89.38119540451204,0.231051586712186,-1.0665003813086396
3926,2021-09-30,776.00905,test,266.23684350072983,176.00407552339502,439.85496890398645,0.7674019915424046,3410.192403095902,0.00041175609756097557,0.02789750352012385,1479.166091409119,0.031374929677758005,58.6367273587986,-0.05592506113385895,132.83830437909933,0.33550921827459795,0.18377393050160945
3930,2021-10-04,768.4382300000001,test,231.46092952715279,181.33843759553406,456.508395367648,0.8153926670775394,2980.894323378425,0.00041581280788177336,0.023119365278194668,896.0694784946901,0.025249130531660956,45.8373027573497,-0.08661271991351754,104.51154596482507,0.2645270650033745,-0.5643050871558999
3931,2021-10-05,749.5111800000001,test,228.21075464144513,189.72291839438415,463.8434642533926,0.8446308928575569,3008.440707369324,0.0004263131313131313,0.023112498690595517,826.5218590789682,0.025132464871119108,45.42912721685512,-0.09995232420522987,103.72608495715545,0.2620913073795867,-0.7289957480043405
3934,2021-10-08,768.4382300000001,val,253.0200846462311,157.58704009343415,427.84480999380935,0.7251968446194177,3288.845825455071,0.00041581280788177336,0.02749826023175438,1570.5639325654868,0.030813922460950615,58.10875218240334,-0.03871190114622866,132.75463017760904,0.3316389805413234,0.46915964007477373
3941,2021-10-15,764.65282,train,185.3974722802958,159.4585360196623,336.9620199131596,0.6437379166241878,2406.3542387484486,0.00041787128712871284,0.01925815675450961,626.8436721958598,0.020294105742856405,36.45464573908603,-0.08640210656243245,81.80385424157387,0.21079343902060513,-0.6827770236819602
3946,2021-10-20,791.15069,val,298.5121582842834,184.58659711323273,437.74103050976794,0.7940856382118914,3747.3866074264024,0.0004038755980861244,0.03101056402054814,1770.404912315816,0.03542873890537935,66.64478983496039,-0.04676616468087111,150.4240529860604,0.38076952771045414,0.45132100728469726
3948,2021-10-22,783.57987,test,309.8923597922443,220.739780196296,475.4809067048789,0.8214607038935541,3897.508914037895,0.00040777777777777774,0.030848856305377856,1477.7365944473972,0.03519914492429781,65.04804570533247,-0.08965064537246462,143.61296647942234,0.37316959654981857,-0.24660630038596315
3951,2021-10-25,783.57987,val,207.81172824156397,220.13701294179796,389.5798888804332,0.7336407099668573,2575.68099214134,0.00040777777777777774,0.01808470250429771,42.87613502167201,0.018937165395196756,31.617974625133176,-0.15710264575187063,66.08014676836983,0.18680610745737858,-1.9628476632858716
3952,2021-10-26,787.36528,train,196.57114801912527,175.2823142504056,423.4602879972662,0.6987201526952718,2461.082006688285,0.00040581730769230766,0.01821620109098519,393.91286013623466,0.019106365873142104,33.293603407833345,-0.10204576312314136,73.63477669865826,0.1948751718514752,-1.108668054770724
3953,2021-10-27,776.00905,train,204.88616724250835,146.61349697703798,397.0232892176591,0.6277553333813151,2636.319723873402,0.00041175609756097557,0.021439643221347462,971.0280163660834,0.02313435064282824,42.58621274613669,-0.05585222408377774,96.2805563347564,0.2450618090403453,-0.14416399268717286
3954,2021-10-28,776.00905,train,215.33408663210824,131.42118948878664,381.12033821633486,0.5882341989125672,2787.801507817605,0.00041175609756097557,0.023744366476705202,1346.1870005497053,0.02606203759014729,49.12487193738098,-0.027477070890221195,111.81173228779836,0.28073994860833285,0.45001762843064347
3955,2021-10-29,772.22364,train,235.64615426691677,150.74475745971168,346.4111104958459,0.5829330634228164,3050.2595558446496,0.0004137745098039215,0.026113263187847426,1469.4815667295588,0.029064880529616345,54.79744580690177,-0.040636872827856496,122.67296024205764,0.31256412852440923,0.40897796485036225
3959,2021-11-02,745.72577,train,292.3385938506591,198.11288567834967,470.0350332722497,0.7810487606721946,3889.392562837201,0.0004284771573604061,0.03187156213989792,1753.9973766466735,0.03626785388673931,68.22737279720566,-0.06833676647130399,153.10922610020597,0.3886902655652579,0.2969703306643452
3960,2021-11-03,764.65282,test,327.62284980522276,206.93575476360448,478.4238659158389,0.8031440042519039,4248.145260993001,0.00041787128712871284,0.03506375932351506,2053.5287722988373,0.040452026039870144,76.45988933928156,-0.0576813460721316,170.94464594833207,0.4353916354932868,0.5727333066454577
3961,2021-11-04,791.15069,train,382.15305607582803,229.67035980047245,472.0714672421947,0.8317879654281387,4776.597081276339,0.0004038755980861244,0.039607883680802154,2402.297789398885,0.04640207311765165,87.83649256711702,-0.05388042581463812,194.35577513367977,0.5003955770557266,0.7748342890099009
3962,2021-11-05,779.7944600000001,train,370.0129608512479,278.95063657243503,525.9037836551721,0.9622579943805865,4643.33825286365,0.000409757281553398,0.03587185411188242,1606.2167518151991,0.04160461415199883,76.42755152730088,-0.13083926820353947,166.55491095865872,0.43861651746545577,-0.6510680135759412
3965,2021-11-08,772.22364,val,215.92410846163682,192.49543006448715,446.29102994771,0.7483660728958929,2750.303845028961,0.0004137745098039215,0.02039977943550075,506.33619749789074,0.02181180949272618,38.385549404369925,-0.11278433017600031,84.71299316687899,0.22356459527354383,-1.1393550302449595
3969,2021-11-12,772.22364,train,245.23798183645346,172.64799891432688,438.99354661860536,0.7103686891223902,3154.9896909858257,0.0004137745098039215,0.025410829142746217,1222.1519334913837,0.02818458023107795,52.17402552617589,-0.06522093812820515,117.19271087817788,0.29939110385152484,-0.09240834190639666
3973,2021-11-16,753.29659,train,237.29298973728262,152.51017096726508,419.41973603877443,0.659505658521457,3151.062611034727,0.00042417085427135675,0.026430388846197517,1483.781657253198,0.029361820760389106,55.36096578369807,-0.041647808270086795,125.73274580269131,0.3157354562970133,0.41200257284194397
3974,2021-11-17,757.082,train,302.08986609112355,144.7429876136577,409.3754081919926,0.6373643156783592,4010.93527445083,0.00042205,0.03570678964116459,2593.3018695084593,0.04119433956676874,80.06069003060111,0.012812548007396951,182.06919142761663,0.4525273587945457,1.8127557645294397
3975,2021-11-18,768.4382300000001,train,312.4236804303711,147.59722835678335,403.78921424641715,0.6361166350822064,4083.3003670680105,0.00041581280788177336,0.036346514270930254,2647.253483642963,0.04207743052878221,81.72437596766807,0.015364919671882554,185.270888100297,0.46222272278749604,1.850828999716159
3979,2021-11-22,768.4382300000001,train,203.8132251697056,160.93060865479137,432.20598390299085,0.6854281797454611,2635.569051683658,0.00041581280788177336,0.02056591711568325,761.1894903915279,0.021986579972676272,39.7593347917242,-0.0765379038323513,89.75457340912585,0.22992555017670965,-0.5313720617019428
3981,2021-11-24,760.8674100000001,train,241.7139498720283,170.21139614196528,435.0968278844346,0.7026684909444332,3159.9519420446895,0.0004199502487562189,0.02565318587726264,1264.7892582766535,0.028425884819861132,52.81709429821484,-0.06378656337500338,118.94490004730706,0.3025333425599653,-0.019037083515619974
3983,2021-11-26,764.65282,train,180.34900466331896,151.1621629502592,415.19144573714493,0.6531492941848296,2347.4233954759566,0.00041787128712871284,0.01814756943691873,560.3185264968051,0.018879475141263084,33.679711131271446,-0.07847141881904982,76.32131741286642,0.19564984512054978,-0.6785252407452924
3986,2021-11-29,749.5111800000001,train,208.8833658225085,145.28809583854206,411.48749221873015,0.640341583412394,2790.0048528685415,0.0004263131313131313,0.02306778974307566,1156.3866589383385,0.02505307474431516,46.70019041414873,-0.05052909153561909,106.44266087125109,0.2673167257142037,0.08978854397196817
3987,2021-11-30,764.65282,train,271.68374138736584,156.1819530093249,420.085741044734,0.6658432795742555,3555.0230475281087,0.00041787128712871284,0.030406285550355523,1909.346897875807,0.03449448876990044,65.79193623865191,-0.02401705437405252,148.96055459346576,0.3740679750663989,0.8862774645675875
3988,2021-12-01,772.22364,val,288.58308067336554,147.41859174239647,412.20328152737284,0.6443520345543063,3749.3652100739237,0.0004137745098039215,0.032790162861057175,2246.9304586631106,0.03757029100703068,72.37995155646006,-0.0006010948570816799,164.18147263159779,0.41052917903964586,1.3747624762485755
4001,2021-12-14,749.5111800000001,train,270.61431958893536,192.1485727002973,461.6924671802998,0.7634098128497588,3580.3668756685606,0.0004263131313131313,0.028963368107042625,1470.7863435948007,0.03258450443424348,60.77498170128612,-0.0747449291524728,136.3166035968636,0.3472461324633382,0.016085811766847785
4003,2021-12-16,806.29233,train,372.5457316454939,217.9769257826469,475.9508195881502,0.817674157177833,4573.138266311151,0.0003962910798122066,0.03782859273740411,2291.3867467379614,0.04421323531655023,83.55299759628932,-0.044545686548997376,185.15490211473076,0.4768269326713757,0.7574559996026682
4004,2021-12-17,802.50692,train,253.7682752941246,230.0268964690444,434.1109255450014,0.7939402783801863,3081.5373136934236,0.0003981603773584906,0.022393045634938782,458.6947337301593,0.024534481027798264,42.697134661298485,-0.14083614722523943,91.10259519916642,0.24954911320207304,-1.5562823714395893
4007,2021-12-20,798.7215100000001,train,203.16930490578625,180.65451636737046,430.4044996844197,0.7140312767533806,2502.2787554093647,0.0004000473933649289,0.01831350249125695,367.5612567766181,0.019294545363675353,33.454476975637306,-0.10549115659992311,73.60472633485469,0.19625999725496682,-1.190970438222935
4009,2021-12-22,791.15069,train,232.19293406670735,171.26108457551564,425.8182371063417,0.6949022631201299,2909.460182572729,0.0004038755980861244,0.022964686541835103,961.6665361013083,0.02517361069057169,45.916723070416445,-0.07259947286579851,102.49142215149809,0.264998645093636,-0.39009739012125505
4014,2021-12-27,817.6485600000001,train,179.7111071778809,134.1972551202968,379.2228749169896,0.5905971357299319,2194.3443621805704,0.00039078703703703704,0.01731970056379172,611.4232249291192,0.01810282373740933,32.44270323485239,-0.0564475433945074,73.2074987054683,0.18897507217871987,-0.4546025490348135
4015,2021-12-28,715.44249,test,220.36107053132955,148.11682304748652,436.55674123392305,0.6700629944413008,3089.6999044200115,0.0004466137566137566,0.025995471583652226,1454.424345205793,0.02856757616809416,54.03573392062042,-0.04565858592879643,124.07204483797953,0.3073356521075339,0.4180088999282084
4016,2021-12-29,757.082,train,218.78062746175448,157.01378656629194,422.4571496510971,0.6695251493147168,2881.9584775754547,0.00042205,0.023423874060853327,1110.7930713500687,0.02555775328847287,47.330829246677816,-0.06057375813940083,107.18544869501154,0.27146635765019184,-0.07680459737417514
4017,2021-12-30,753.29659,train,205.70441982221104,141.3373983986368,410.7729410361933,0.6335246132184773,2736.287228138399,0.00042417085427135675,0.0226475939178447,1139.6684779293844,0.024538916290312313,45.74060125310332,-0.04725629243518853,104.45427734431848,0.26195060433657,0.10807492916098504
4021,2022-01-03,760.8674100000001,val,213.08844598824385,142.19284998056634,405.5544419337151,0.6295656078651567,2805.3679212341663,0.0004199502487562189,0.023344631595229322,1214.7234822895766,0.02547168744058179,47.613310576686295,-0.0437004320835703,108.41361832429554,0.27251501611150825,0.18960113544081053
4022,2022-01-04,711.6570800000001,train,261.09696962475243,180.05221122239936,458.54619350365215,0.7415679367113266,3656.816863424673,0.0004489893617021277,0.03045885553984676,1719.4058026665905,0.03424042390964483,64.82264064246773,-0.06276580804593149,147.06990706428783,0.36804638161691905,0.42615960425343347
4023,2022-01-05,704.08626,test,280.7391810202347,210.43474319185964,496.0194877617929,0.8263396461320583,3951.588557831246,0.00045381720430107527,0.03202387171880096,1665.7278348880427,0.036196363769014965,67.96098084719382,-0.09186047210710271,153.17637560731154,0.386329563088396,0.06945251900315177
4024,2022-01-06,741.94036,train,240.06457877557705,207.16666003870435,475.71299891393704,0.8007581063736974,3186.1990130592467,0.0004306632653061224,0.024213992871628474,817.7665775471664,0.026497160348532015,47.74400044475541,-0.11617955276510922,106.12777559703596,0.2753688529872796,-0.9088769506618205
4025,2022-01-07,757.082,train,231.15250395597837,180.46720688650717,447.5596594238793,0.7310950460545553,3024.973883519986,0.00042205,0.023760649644688502,972.1719990738281,0.025998451279895494,47.48615394781475,-0.08519302996915412,106.47587789444754,0.2732836721993626,-0.4672728479574777
4028,2022-01-10,779.7944600000001,train,206.08869932212647,120.145230727153,364.5575664689183,0.5540868515071995,2664.288658942921,0.000409757281553398,0.023043617163915738,1353.280895796129,0.025184848696157818,47.66742160214713,-0.017947883017219682,108.87074133757339,0.2722297310403005,0.5663410727657092
4031,2022-01-13,772.22364,train,335.02728432400744,170.153631323802,428.8909623727426,0.6963020576494394,4337.713521231334,0.0004137745098039215,0.03785024002866518,2648.078566307242,0.04402615962893962,84.99084208598173,-0.0012661524571579708,191.57869137338662,0.48144227852602794,1.6364196276265834
4036,2022-01-18,813.86315,test,256.7952609723146,140.27977937367342,373.8318039639758,0.59452664842777,3160.667461336078,0.0003926046511627907,0.027162837654727455,1676.107381857989,0.03062507851297657,58.07308831900846,-0.01317542274933392,130.64645492559512,0.3317427307365477,0.7620289385439598
4037,2022-01-19,821.43397,train,293.7730953590829,176.50170781882915,413.1442069546574,0.6901662681341985,3551.9183705334576,0.0003889861751152074,0.0294047148312045,1657.1732363132883,0.033539031634365606,62.83890193215382,-0.03953029050899326,139.5612463605235,0.3601171728962721,0.3945334197959778
4039,2022-01-21,817.6485600000001,train,281.9087701933946,196.21619829321577,434.5167496944461,0.7421957199642292,3402.643788935079,0.00039078703703703704,0.026913398181568286,1226.2913031757944,0.03035623215690521,55.65968185557389,-0.07506433591169806,122.48829929081228,0.3209065858334404,-0.31029367100985017
4042,2022-01-24,810.0777400000001,train,212.66629299059622,117.52080529262584,350.6603744543945,0.5359812943147119,2645.291737898389,0.0003944392523364486,0.022944846048317116,1370.7860775231047,0.025220438041180623,47.70115728843046,-0.010677176614404038,108.36468299141048,0.2729265806444356,0.6133135354396827
4043,2022-01-25,810.0777400000001,test,211.68760543895453,121.14311076362407,357.3258955978313,0.5483111967681983,2629.4961844392137,0.0003944392523364486,0.02257581142355585,1301.6516975419474,0.024752366187545328,46.61387334380545,-0.016434078274806516,105.79449879112524,0.2670558790533545,0.4960900501823551
4044,2022-01-26,810.0777400000001,train,231.81941031980466,139.72057495980167,367.0821943645351,0.5868367086645792,2863.6521690817667,0.0003944392523364486,0.024198184609718648,1344.9736536762307,0.026828239048466575,50.29750592321983,-0.02900041144038673,113.03256638779563,0.28829798087224573,0.3700004237874721
4045,2022-01-27,810.0777400000001,train,277.2399695861289,155.39449118531277,384.45344489055077,0.6285859612141923,3417.52918456182,0.0003944392523364486,0.029159027138526205,1786.7114608070815,0.03315584461901538,62.82220174171185,-0.020567927614949383,140.62218271138858,0.3586889029669915,0.7495405983279443
4050,2022-02-01,806.29233,train,180.5735892340685,130.8380444719818,344.8126176974905,0.5506088495990233,2241.22709072456,0.0003962910798122066,0.018340852919613786,750.1650467024241,0.01934191700134765,35.19511094663293,-0.05073742265291349,79.08878223158548,0.20369849899637693,-0.25861262696914106
4051,2022-02-02,810.0777400000001,train,169.45529203160186,212.81374372410488,239.45788788498,0.570493430206844,2010.9097251033756,0.0003944392523364486,0.01394963812789276,-355.52324741089217,0.01380120011595473,21.35616297008742,-0.17275941264168113,39.80787924319165,0.12896040134427023,-2.37748678559194
4052,2022-02-03,817.6485600000001,train,168.65581344630513,133.32207115202516,354.5664343936827,0.5643067458970453,2057.9479354164246,0.00039078703703703704,0.01619753365018842,492.3702160298246,0.016671670991072605,29.55846981684678,-0.06253754127121763,66.23270708539131,0.17270400246720363,-0.5903807936831312
