time,Eutrophication Potential - EP,Cumulative Energy Demand - CED,Particulate Matter Formation Potentia - PMFP,Fossil Depletion Potential - FDP,Water Use,Global Climate Change Potential - GCCP,Acidification Potential - AP,Smog Formation Potential - SFP
2018-01-08,0.16548402316206184,17111.596185538783,0.20095666314952554,421.48710339062717,0.21733223880521668,998.5427505068564,2.2897821536064717,18.77672033654334
2018-01-09,-0.0006361578154566623,-1902.887345407223,-0.010982223127062443,-27.938034352029547,-0.1510336017011415,-52.62554008952909,-0.14421480872640038,-3.3064792018939677
2018-01-10,0.34309052960721476,37169.21912776131,0.42394801565129153,898.0574735036117,0.44501492772814855,2134.5593965058893,4.850982822029684,41.85941298222765
2018-01-11,0.429506348568807,47131.65324813452,0.5330025828998927,1131.8237544083058,0.5786035719170737,2690.5021314916175,6.106412748007957,53.51849033010111
2018-01-16,0.043206972875519715,3860.947225068948,0.050806941602303486,101.62739688654317,0.11399291725460711,233.34350763816585,0.5703389551588665,3.8562743411500664
2018-01-17,0.04539757855375051,4094.4904618577852,0.053642988736031044,107.32107457351071,0.12636146850779362,246.58313217229338,0.6025455789057054,4.120110753010071
2018-01-19,0.5422115003042512,59872.325051013206,0.6749016167284847,1435.9827910657282,0.6765380627727623,3416.872103387075,7.735805919674203,68.06586948898827
2018-01-22,0.15386824173365435,16866.962739553855,0.1888108134831547,396.1879088329389,0.4703715701507562,932.3858425783712,2.1662150169907517,19.845609534066575
2018-01-23,0.03529344173067845,3389.472732761964,0.04022135914149644,82.01665999430465,0.12887153009657454,194.6057525214313,0.45737749504861674,3.864382334564055
2018-01-24,0.03342205111282355,2994.733257803103,0.03701375588124139,75.31886673471887,0.07990578014587361,181.22473339570945,0.4184503074945782,3.222612284370853
2018-01-25,0.05079548115975401,4644.004425859351,0.05871055673040485,119.74823393075367,0.08640616907270841,283.7678153633021,0.6621588148317007,4.780225336247575
2018-01-26,0.06314191373642755,5707.548201910244,0.07505296996432033,151.83668694066884,0.0953327872820484,352.98346546353133,0.8426281817407506,5.562540754308102
2018-01-29,0.09769709826341955,9886.655894434522,0.1187537287228479,244.6186803842485,0.2528218801535327,567.2960734790154,1.349209432191739,10.8342226664328
2018-01-30,0.1019495745096041,10450.475079908705,0.12388197111831933,256.0415049710189,0.2714125347451801,598.2323807163687,1.4099486608986593,11.617228985014318
2018-01-31,0.08799883636627341,8541.843151537676,0.10627268953204835,217.70409838545658,0.17457118340928207,507.0500452921463,1.2017316570824879,8.939240854789396
2018-02-01,0.07279615258566555,6572.338182080413,0.08749060800994907,176.62134456286392,0.10361406023575609,407.9684660916444,0.9809342596387067,6.2844887069358055
2018-02-02,0.011567388405921,-211.71386408278104,0.00970512393892636,15.087213832803744,-0.11815464916269484,37.15607567803318,0.09107905482459352,-1.5601309290177494
2018-02-05,0.03335991753895548,2558.0548887705854,0.036923632912852576,73.41023440482348,0.011507418031372785,174.6783318210531,0.4095988598833869,2.1503580293708717
2018-02-07,0.03164453613988076,2294.4625581167384,0.03601125429803236,70.00059774528214,0.0183245079866671,161.3048816218221,0.39601971069470915,1.6632710410572047
2018-02-09,0.03278260083448004,1939.6957013908927,0.036293949854227604,69.78790978908916,-0.07709950134685821,162.99914740869806,0.39213876175628476,0.6938943160678572
2018-02-13,0.011232981188884147,-267.44344391082404,0.008397279650207845,12.723782021224686,-0.12053241082080506,34.34221286830418,0.07705274604002499,-1.5544052459424849
2018-02-14,0.01226905402941382,307.1321926373802,0.009562920770540813,17.058453477636498,-0.043237088027202525,46.97296987425121,0.09898876034346024,-0.2651908453737112
2018-02-15,0.030388411070585573,2203.821929303713,0.031733420347241456,63.39795143232057,-0.008496207692712643,156.1459980274103,0.35180369712638865,1.8443784424580785
2018-02-16,0.061012479327106066,5351.957042778152,0.06864796524448405,141.23530388375454,0.013655551000441399,342.549044329523,0.7724522089352629,5.273643795298382
2018-02-20,0.03565776760339378,2697.113683905485,0.038606817909697694,77.34925219382727,-0.009909072488070443,187.1968578450622,0.42851834287999196,2.2648306396392575
2018-02-21,0.06347895612360925,5367.5482260299095,0.07179660944816368,146.88937574697047,-0.025448069603682965,354.73236330867246,0.8037440500976694,4.9359797281135265
2018-02-22,0.07238989439103102,5895.1177664503075,0.08305302373647266,168.941693523946,-0.0881680400811502,404.32547682580906,0.9242017751812445,4.90328709405169
2018-02-23,0.03111981564745528,1341.3291666080265,0.03303948438655,62.215726923017826,-0.15988479369392417,147.738018808034,0.3489927235639464,-0.4480973650954507
2018-02-26,0.02052145409940195,223.3430100319198,0.019986953334900748,34.900235602087676,-0.17952697826864245,83.04198653190126,0.20011660485205168,-1.6909809925721897
2018-02-27,0.018077408965691065,-233.01225121409954,0.0165059991021563,27.073983901382533,-0.21552727183834278,66.0232520734929,0.15745666501046035,-2.4203874183153165
2018-02-28,0.012408069723319936,-292.2822864440016,0.010140172234613063,15.609824258419419,-0.14186463344185188,39.638391569407425,0.09380257505256122,-1.815845920017975
2018-03-02,0.04294673677665916,3210.560609153934,0.04899757105807092,97.00899365965253,-0.02398476152981187,227.35179865537913,0.540399017739066,2.364102639811759
2018-03-06,0.01682223371026877,385.87373993940184,0.015896016909899217,28.27558974201275,-0.09729467363763147,69.32397068947593,0.162880982749846,-0.799549656186757
2018-03-09,0.011119704454845218,88.23877971572192,0.009607137774240613,16.033693901190922,-0.06407334331633092,40.37525953822794,0.0956529431857374,-0.798809169113869
2018-03-12,0.00909831662293203,-490.70098822880686,0.006709668914671873,8.75758748971056,-0.12739404449368677,22.605713432745848,0.056509555664519553,-1.9032051638984342
2018-03-13,0.006627197433567018,-871.9139326665651,0.003034519182393714,0.9527956638148483,-0.1522705731254922,5.545890683432763,0.013281942591823762,-2.42861495359532
2018-03-14,0.008456683061300076,-417.182263068332,0.00599447583067043,7.842468659164516,-0.10866104922680186,20.595953486615556,0.05081830656064005,-1.6410492090972537
2018-03-15,0.016043169225140794,253.07360897321922,0.01511754512282838,26.34020344106553,-0.10658446613019538,64.05595190777429,0.15282409506769043,-1.0347154988925888
2018-03-16,0.01655196073707864,377.50773902235704,0.01576103889319605,27.95706115990716,-0.09419205257718954,68.10648658418062,0.16143043557149447,-0.8009877029001191
2018-03-20,0.013671264982643979,377.1305677511467,0.011754764069379852,21.099556891626378,-0.05393963733086772,54.92178144997278,0.12191213898418526,-0.343716261275882
2018-03-23,0.027718810230389773,1721.4901851200514,0.03037801039715941,58.42887989965745,-0.03305493041392358,136.9075868690259,0.32997525968038155,0.8565918691065493
2018-03-26,0.02143840654629479,295.2374834482074,0.02128896295881472,37.39399009003493,-0.18010225171330604,88.79621264603892,0.2142730271522685,-1.6594351968104677
2018-03-27,0.018220299368258357,-50.111581646664675,0.01727907291428899,29.016861371279678,-0.1875724039672894,69.38600955439291,0.16849436543882512,-2.0474888538038565
2018-03-28,0.018381850380105456,65.40523902386782,0.017873393329616304,30.40512092123238,-0.17005038737623238,71.74535036815007,0.1765134542706595,-1.822415579596913
2018-03-30,0.028174099728731986,1355.5799645138113,0.029753729963295422,56.37512281817492,-0.1100178381515777,134.46638604945568,0.3169634812489968,-0.01612074310659517
2018-04-02,0.015022679369854033,68.50637085816608,0.01342508072995725,22.755376785681296,-0.12196102803212111,56.63475003867571,0.13272981964698016,-1.3023540601463404
2018-04-04,0.016583739633753227,154.66990330420975,0.01581496106964133,27.1449028112833,-0.12965781945462876,64.95861678297064,0.15790080426859515,-1.3588927809477487
2018-04-05,0.018084892895158647,306.9812471872155,0.01758769599028479,30.864871895039414,-0.1275145620678571,73.75897333055335,0.17811775051822357,-1.1894730419139943
2018-04-06,0.023909610756135208,913.2557152276289,0.02481948869933438,45.8753109543794,-0.11534840525902756,108.64484500071134,0.2603749954968808,-0.5278514372547654
2018-04-11,0.020072030891603133,675.3397968247496,0.020378605388661035,37.10206890200052,-0.09622236706889578,87.72071875403559,0.2123635415469068,-0.5941770179069725
2018-04-12,0.01800916286157693,461.46026296320383,0.018027879714318247,32.074651758506704,-0.09858191557705592,75.75039657373195,0.18535291445290553,-0.8445561147202802
2018-04-13,0.01948416619283392,312.30109629132767,0.019550104561413012,34.21581995429061,-0.14508024061847138,80.06687179770805,0.19757224203504714,-1.3983948467083522
2018-04-19,0.019695914502685527,537.9281374370972,0.01984116344190329,35.614200801938956,-0.11193536276825305,84.51546624141416,0.2045566436397707,-0.8716359761702788
2018-04-20,0.01796674462336429,356.97415424793587,0.017672126915275355,31.136067659351088,-0.11642809023152399,74.10743806478622,0.1798971778072211,-1.0695809731714636
2018-04-23,0.02101072612028553,715.6256640192781,0.020718020845394265,38.08408269369511,-0.10660191340068698,92.6513664629272,0.21631136269325743,-0.5502658955479728
2018-04-24,0.020382068567943244,510.2705290332913,0.020175126753127298,36.25915767381409,-0.129651488235777,86.89661547029614,0.20725828741520524,-0.9923209810249203
2018-04-25,0.028814939773106618,1414.9223437865267,0.030337573155570466,57.72180818718253,-0.11221012115458506,137.7676016271618,0.3237591850487561,0.05561014222623578
2018-04-26,0.03201550108106553,1762.0999649783707,0.035288115430624614,67.31931786870062,-0.09347717403395903,157.65561042429667,0.3789901593196641,0.3717741249651211
2018-04-27,0.03131916547156766,1412.7641658254197,0.03445361675322689,64.45535551126558,-0.13869945602615386,149.2075129304615,0.3644089409203757,-0.39666069343914523
2018-04-30,0.014307503217473679,-331.4219843276973,0.012998784393519223,20.284233906244513,-0.1735440025740051,47.956593002828996,0.1213121489571211,-2.2352849553965615
2018-05-01,0.023709408686738317,622.457353043619,0.024131349532514845,43.637020262644135,-0.16051194942527075,104.19929348784802,0.248228936665446,-1.1775168210086044
2018-05-02,0.02173693212492419,807.8160641152446,0.022370093264156815,41.07812579839214,-0.09771606120371445,97.83774925755675,0.23437714944370241,-0.49507069872851955
2018-05-03,0.026084825142101226,1272.998352035025,0.027581243061351835,52.0950484152293,-0.08892622758353691,123.82663214503602,0.29413609091486936,0.044962464049739415
2018-05-04,0.026615188907353673,1204.645525038832,0.02810753589382747,52.78687845464141,-0.10859546255815193,125.333132619687,0.29805028259159805,-0.1895754826573124
2018-05-07,0.02013451813482027,535.1315486036204,0.0200132482985115,36.01847874854836,-0.12072982770098584,86.51557969957834,0.20614138314403652,-0.9071067629290357
2018-05-08,0.01942014420319744,281.0930368516174,0.019601612173171797,34.108252380257206,-0.14700944062418397,79.6745514451489,0.19753252610346042,-1.4758682094121631
2018-05-09,0.018046479126390444,339.9344877817238,0.01819725079243721,31.81121520204815,-0.1163291490643908,74.1845484350152,0.18482557320095244,-1.1599896639207095
2018-05-10,0.026875386976913936,2423.422137179184,0.02913647037403007,59.22723601281346,0.08600933033528423,144.0038889750109,0.33051573090774833,2.730590731402347
2018-05-11,0.03367946121625217,3171.621956209364,0.037221963315379636,76.44184445631628,0.10295944831560455,184.86296134640224,0.4237072714427205,3.632977857330087
2018-05-15,0.03282046634951574,3199.790408971349,0.03623193417550184,74.8020478426775,0.12058173266710287,181.4285664026278,0.41448566121179187,3.8204312060822723
2018-05-16,0.03260719123348843,3141.9435953276848,0.03596232030180141,74.1073090384007,0.114229705212983,179.53022540275964,0.4107753307568498,3.7077852897561874
2018-05-17,0.034042175723892565,3291.4122327294554,0.03764183147802885,77.64689209880771,0.11728086863521243,188.61432246499655,0.43002144728649966,3.8820076692669847
2018-05-18,0.02684321473459518,2452.4647339607927,0.029093128756587993,59.282858752744325,0.09046786724985116,144.0966059961574,0.33061732932126675,2.806300992793365
2018-05-22,0.03110902762271098,2949.7934573062357,0.034021645249312886,69.96545951384658,0.10584246448712778,170.53302249334968,0.38815268940736525,3.457439676071905
2018-05-25,0.018647636200117768,1450.643052251164,0.018840244579076886,37.555721249958104,0.04475984965495468,92.90282887336582,0.21138565552486824,1.505000850513456
2018-05-29,0.019250332986676076,1566.45236260714,0.0192085877372236,38.735744475668575,0.0543745670548718,97.29521598626877,0.2170663119436957,1.7443877654894075
2018-05-30,0.022538635554738545,1934.63765387289,0.023153364288663082,47.083099632161236,0.06614209449711136,117.173455088563,0.26259903501514137,2.197882358981153
2018-05-31,0.02706820504422401,2425.1144718497962,0.028882789068559143,58.97693884047987,0.07946612029450434,144.5333464552722,0.3279697898585734,2.750154524440302
2018-06-01,0.017667326547353014,1620.9861862561702,0.017943416165962348,36.59021750356432,0.08724502653071423,92.28957081640438,0.2057117318062184,2.038958852386404
2018-06-05,0.024569906130053686,2106.0803478241933,0.02611143629564783,52.791002551840606,0.06587792711255075,128.6416299038819,0.29491761002997774,2.2876664695331987
2018-06-06,0.02981234157686613,2645.314411111805,0.03278755577463639,66.47035694428935,0.07866445896191909,159.74984383126986,0.37050984783558594,2.8552279762103305
2018-06-07,0.025455080188592837,2335.7921342499235,0.02771728094476879,56.30901601871594,0.09406019503215787,135.9256693604652,0.3149985173414913,2.6853370694028293
2018-06-08,0.023335922144926018,2081.7522534857067,0.024994224910998838,50.6095741441427,0.08259395998287547,123.08676293187114,0.28354007119535735,2.368070807031195
2018-06-11,0.0007956726974056505,-448.6014951499977,-0.0032835471947915483,-8.040499692349146,-0.02204261152711693,-12.477126803200408,-0.041089204698144775,-0.6720285584471304
2018-06-12,0.00016932490208636285,-561.4129287766272,-0.003973124410256443,-9.692219758243128,-0.03169144929012081,-16.320401537599594,-0.04992301888281086,-0.8715407342708876
2018-06-13,-0.0005802149114213897,-766.1621937074495,-0.004880256540081433,-12.063333958473994,-0.05486675252268943,-22.947163625272065,-0.06258588221189681,-1.2763810918684046
2018-06-14,0.005029728021971127,-75.37768255860763,0.002221969410548772,2.8200931192470815,-0.016515870222919588,11.76392361893494,0.019967865335401673,-0.37003188251458785
2018-06-15,0.007983937625429944,318.6635170237008,0.005174250338333114,9.509236876474809,0.010791336998197603,29.067932497510398,0.05611969909588494,0.26775384144395653
2018-06-18,0.002179466682521481,-252.91118909148608,-0.0026251935507754145,-6.267812055869158,0.005304395040768999,-5.69956932687138,-0.031182022795791204,-0.24664771080273962
2018-06-19,0.019892775248368313,1816.3930041712324,0.020439818606044415,41.78829630965014,0.0851911472515253,103.98207713087,0.23381216793371612,2.227125932355304
2018-06-20,0.012148181830576348,883.6553883944372,0.011437139164790394,22.423696665304252,0.04198712768946786,56.60968959059836,0.12825186686266415,0.9569554627360798
2018-06-21,0.010850079208985113,438.19928073560055,0.009780809114948445,17.83938521846127,-0.013428745667155236,42.6990526243532,0.10381096737786774,0.03711814584668427
2018-06-22,0.011845293013073077,749.1182377197495,0.01098026964916381,21.088323761103556,0.025724950452691197,53.28095258833218,0.12128909388688974,0.6769308804385914
2018-06-25,0.011770640277871391,766.0390905952016,0.010585320050004541,20.551379600949392,0.02841130996523587,52.9543987674982,0.11766205939754155,0.7588434482685806
2018-06-26,-0.0003421938894570776,-702.8571266194966,-0.004810626029236528,-11.744292820249704,-0.0437711475646686,-20.94059263427102,-0.06077531935732343,-1.1216912697348054
2018-06-27,-0.001325527483775301,-1025.507168402941,-0.006572978363424785,-16.157983449636447,-0.0737286109055844,-31.31790804245746,-0.08408454523327466,-1.7104497598844475
2018-06-28,0.021643868171743748,1552.4881820640462,0.02240073140736635,44.14308044442237,0.01964190694437567,107.64813871060286,0.24827643849203468,1.3448972349394772
2018-07-02,0.02039499237411698,1982.3824200174638,0.021989633887164833,44.8048012368498,0.1118345272774342,108.79355494469567,0.25224639316767095,2.4845563733567078
2018-07-03,0.02553152291454529,2383.566837886839,0.028582318972691978,57.58886736745672,0.112630389209123,136.02237411883684,0.3245162701851967,2.7355477618396895
2018-07-05,0.011376090375689308,806.5049139709336,0.010654011526156068,20.721316996462043,0.04075367976782436,52.46602633096087,0.11916111642883613,0.8589975262977969
2018-07-06,0.013606404699763573,1194.4024516451825,0.013486088976041383,27.137521342864,0.07258415280685285,67.82383322237072,0.15413007540070456,1.4965260726153418
2018-07-09,0.011004572617051208,907.5651579694327,0.010399277579587161,20.6902576773543,0.06010700740894597,52.6438171549263,0.11852481777370863,1.1380411787294946
2018-07-10,0.012259423788073334,908.2859464627434,0.011688483467886321,22.96746117401828,0.042964912135234866,56.97468478640121,0.13119126180500473,0.9873455063199468
2018-07-11,0.013458540747843332,1401.7744193325323,0.01324488924135878,27.696217764951008,0.10159795531607273,70.79068037460395,0.15552115722062157,2.0267175389445744
2018-07-17,0.009141263754904757,448.87299284752925,0.007688935023883052,14.233084246487099,0.013195709135865586,37.5145186927683,0.08341458587916235,0.3092303741121879
2018-07-19,0.008848316129459617,-768.1803035499888,0.007243582622944128,8.284148950814197,-0.16218218836944098,17.245171310804537,0.05684088789614022,-2.6319512045166573
2018-07-20,0.02096211348035962,2029.062854420273,0.022494975242737143,45.96008251518387,0.10876579289384472,111.7787218315422,0.25804039107151555,2.534441095988945
2018-07-23,0.0011057632086212332,-1591.9877024471689,-0.0024509636861677294,-11.576489949083172,-0.19426452206300296,-28.04851450499457,-0.05365696660996461,-3.571793335536672
2018-07-24,0.03217594996545769,3856.98864946532,0.03553827810998719,76.34057065918687,0.22855791480261478,188.69366773556413,0.41964914692084276,5.521333828232861
2018-07-25,0.0109368462914098,414.19142595904515,0.009992380052657571,17.957469048866372,-0.012485293013023977,44.22179167724071,0.1054788335670827,-0.03326930216223245
2018-07-26,0.01389525190062535,727.3424232590503,0.013333002616355956,25.01000335411788,-0.001969182882578831,61.83016524343675,0.14403324614982518,0.35690629250281947
2018-07-27,0.007984050995497535,148.30361487729027,0.006263394960248253,10.530358249996866,-0.017161727495844215,28.119358755737622,0.06390101141939686,-0.26860846654314297
2018-07-30,0.007129101038756741,-1.4356048736992193,0.005046605071630206,7.8760208793056,-0.030084601801554416,21.93766199743661,0.04916530472084361,-0.5031978447291097
2018-08-01,0.020903406181096908,2859.9646644524214,0.02253443550788289,49.73708477941083,0.22383917901093042,125.61684215943245,0.2735771502191334,4.558400854737001
2018-08-02,0.02208594984884596,2975.427626033416,0.024060986969265074,52.79333401279392,0.2273870710871642,132.2455525033681,0.29072383796333173,4.6719802136050745
2018-08-03,0.022700028434495673,3048.46888738093,0.02476606448864843,54.313766938008186,0.23056740994689184,135.92319891153744,0.2989894754369835,4.771099634660234
2018-08-08,0.022860298034053126,3091.77302063367,0.024968638648890592,54.836042236937885,0.2352731097670379,137.44949879893792,0.3017742956350894,4.855321101446539
2018-08-14,0.02828888550587903,3715.9467704830913,0.03178227293527558,69.00643128536281,0.2636799682611337,170.03097457033851,0.38026024755048976,5.625268820770275
2018-08-16,0.005679254632424073,-172.93393171457814,0.0032011054417950507,4.015441199041722,-0.03767162433563577,13.517036781912712,0.027859681231774076,-0.7163779337154021
2018-08-17,0.0060164134135429065,-145.65090276165267,0.0036125119380739814,4.811055325078865,-0.036823820608013154,15.537559820481395,0.032408213179136426,-0.6939609622063038
2018-08-21,0.00710722832017943,-65.02071890976481,0.004985376324085346,7.466900587894659,-0.037441611928746885,21.35156878326562,0.04740064067698705,-0.649221477681003
2018-08-22,0.009403662405638495,93.64972158798696,0.007917274706543857,13.082411965314876,-0.04069386888997238,33.373739977259895,0.07917790730236816,-0.5872300639318575
2018-08-23,0.015384155569194695,664.548869445398,0.01548204570933521,28.273031423748723,-0.026040538478160923,67.4123160689685,0.16410087302839207,-0.030936154494433238
2018-08-31,0.010308735239916897,-47.652558423236314,0.009065759025254961,14.444578893676185,-0.07336806908657545,34.51687638025396,0.08791590905577527,-1.0659529366134264
2018-09-05,0.015721904289926817,624.176263535634,0.015465340718225739,28.26310016349427,-0.04172075490800094,67.96509786235468,0.1631293871414172,-0.14324562355086506
2018-09-06,0.01753882428475156,864.4892048285578,0.017777261560080068,33.182909438216946,-0.027330724158702385,79.73205477781838,0.1902850458675609,0.18908847470140117
2018-09-11,0.010725922766436037,130.45081647586375,0.009486189400504065,15.939956672400001,-0.052479209092819654,39.07083391709016,0.09528659215261275,-0.6770909750226995
2018-09-12,0.011368846136590748,143.96689273557146,0.010330592100165386,17.396040646588766,-0.05701757832303603,42.2718035313482,0.10385670239135941,-0.7361777668430418
2018-09-13,0.012071737927434902,17.54745687340484,0.011089369080423954,18.18171002099121,-0.08507758230781397,43.37622326398566,0.10900747327542401,-1.135296075822347
2018-09-17,0.010553826484781516,166.836235425879,0.00962860143095481,16.200038477445094,-0.04127415528830741,39.30227411501835,0.09740938536313037,-0.5930378378779401
2018-09-18,0.011255784164979247,85.19664327860572,0.010310977173117625,17.067393331191543,-0.06312417392320763,40.94791477110229,0.10261201583128113,-0.8750041493073474
2018-09-19,0.011657858575343804,-194.20995139482304,0.010528168119923876,16.352522202380605,-0.11218343067957248,38.3396049006076,0.09961432356032307,-1.594629826028125
2018-09-20,0.010259965861584024,-62.14438348297,0.00912211251583745,14.405446972465683,-0.07242148266035037,34.549625710727796,0.08822707010048118,-1.1018012897462992
2018-09-24,0.011370594110256173,107.08207285677553,0.010456376842955362,17.412251641413402,-0.06151730458553416,41.680341818765896,0.10444282572917593,-0.8380901384678493
2018-09-27,0.008764576227953258,-479.3426363958371,0.007195714538476583,9.398673815939791,-0.11730252707224623,21.632774617675107,0.061642312859304584,-1.9134337616430337
2018-10-01,0.007297571580601981,-500.66599246985754,0.005317064677903615,6.1514797558122645,-0.10375490234600393,15.199270169633348,0.04274347400431406,-1.7563379038309639
2018-10-03,0.012846805157314276,3.4397858482595325,0.012060673699988212,19.776411703714952,-0.09688806295275759,46.406642245992224,0.11831659969095289,-1.2802038319176996
2018-10-09,0.012348692111054521,-3.752216382765738,0.011594983969362961,18.925625735176155,-0.09161241508415785,43.689982876897275,0.11362259591675994,-1.243647513693704
2018-10-12,0.012563104399644738,-118.48118329137272,0.01183587464481476,18.84539437382034,-0.11097665594221555,43.02916591394151,0.11390074404979166,-1.5526694634992626
2018-10-15,0.008736971933795456,-62.99468531551176,0.00703297062084106,10.954143311945456,-0.057185803702130056,27.814348152288787,0.067605076622596,-0.8759925235562289
2018-10-16,0.011207262277238898,168.77593179366852,0.010162940286682694,17.20804541818157,-0.051206570491072446,41.96854092185146,0.10266289004021786,-0.6555990635041667
2018-10-17,0.012810995129728515,139.964712012214,0.012178706995750598,20.494026017697358,-0.07448176878143245,48.28479668909097,0.12199290535116492,-0.9529649819126307
2018-10-18,0.012660563899625468,127.48506899358934,0.012007441953662115,20.146072028098256,-0.07442443906371844,47.425844330996775,0.12008131832813163,-0.9640419011343868
2018-10-19,0.0100881698535693,-52.761626696917645,0.008660881162735922,13.758010736526996,-0.07157518678027475,33.747237643681416,0.08381598685291773,-1.0340943297951595
2018-10-24,0.014084874253290613,23.825160815330577,0.013482113313637094,22.32551423976606,-0.11032092702732466,52.16321689717111,0.13266728309173514,-1.394244400114349
2018-10-26,0.012554689102531841,120.7621623832723,0.011892488765861704,19.922952279284274,-0.07427558873502796,46.77034986098737,0.11882907307819052,-0.967778492543533
2018-10-31,0.008104124643928984,-480.3221423472959,0.006348559505159019,7.993054140439401,-0.11090551771378448,18.577873997757745,0.053276152760273206,-1.8234240383561484
2018-11-05,0.01736226278270608,681.7514822630684,0.018133934029550696,32.78826177883637,-0.04611529035831988,75.31752164972654,0.19056023951856685,-0.2840287778581222
2018-11-06,0.015714681667645062,528.4501289986736,0.01601404224392376,28.561620349917362,-0.04942019508471704,66.29404065812722,0.16687883310800755,-0.42333296377894003
2018-11-09,0.012219470040818773,-30.57807697045041,0.011514158085608172,18.60905412968341,-0.09161966860378475,43.17643680429644,0.11235240645397591,-1.2948868768700208
2018-11-13,0.012481261858835553,-22.31080064366418,0.011767293327964397,19.10412447966067,-0.09444186263342219,44.430456721058476,0.11498418612577366,-1.3054540722910943
2018-11-16,0.02012730691404163,841.0184416279233,0.021588539222289788,39.291110283334,-0.05444727073697723,89.9395730955667,0.22748771675035168,-0.27876789013688946
2018-11-21,0.010449426437849865,-209.4131595092431,0.00943037137188434,14.288176808507075,-0.09638187985629923,32.695380550797296,0.0885902157149703,-1.4980597070499084
2018-11-26,0.007231610260783353,-388.3160479832268,0.0050653142992358605,6.250982858250003,-0.08737469057342127,16.552832685484546,0.04228498482412566,-1.4552502420783326
2018-11-27,0.010888310310690047,-280.5538692133284,0.009804917975146816,14.67779576974488,-0.11362249571298745,33.59422247738007,0.09095540929185571,-1.7194274253683015
2018-11-30,0.012403760076312163,-32.42456479229881,0.01182820385932051,19.12378756695853,-0.09423029636581726,43.49043445383274,0.11542396885539627,-1.334563215892986
2018-12-04,0.011099537032359165,-109.92243863355522,0.010329629893341505,16.185247868002463,-0.08778542605801574,37.03601103816796,0.09927452859740143,-1.3506680253880678
2018-12-06,0.015644372775778518,601.9531320059269,0.01579913767127398,28.54905912038881,-0.038603352176980354,67.53127239259459,0.1660818628144337,-0.22100382154718837
2018-12-10,0.009523308974661606,-308.34434429912835,0.007996310440530886,11.532567640489424,-0.10236201274043656,27.449585125840997,0.07261992681990279,-1.5868582932558681
2018-12-11,0.013726086326052237,148.03845631840446,0.013511405236110628,22.702573345014496,-0.08174437327881848,52.16174328494561,0.13529639388325584,-1.0767623410575962
2018-12-13,0.017098885674341497,409.7416144802434,0.017929670826449935,31.17952452279992,-0.07930424985222066,70.12369397979262,0.18361475350213946,-0.9212173000861354
2018-12-31,0.0022428669060316547,-446.77504657874465,-0.00021660871642016096,-2.8816030177944008,-0.04542796171902525,-4.41264655424186,-0.010670014830611505,-1.0129718183857426
2019-01-02,0.0022985157168886475,-475.199045994906,0.0001615798398838083,-2.3962130905953383,-0.05079559097254735,-4.797222964104982,-0.007418023927596984,-1.1238156077761914
2019-01-04,0.003633973864548006,-325.1460470838112,0.0014918660732418545,0.43833327584104065,-0.039762899721379974,3.1837357643334676,0.008373157537368968,-0.8982621260597841
2019-01-07,0.007163002393481674,136.1996497463449,0.005384278671457833,8.999416529132219,-0.010528923182940558,24.45126877310627,0.05504236838967936,-0.20082176979697883
2019-01-08,0.0060503649258283314,-275.00390891505424,0.003831261437199677,4.649365616723698,-0.058356252123252184,13.0936389443258,0.032229474216903475,-1.0393140888112646
2019-01-10,0.00783301997469133,-294.9643097208257,0.0061000584903239865,8.355705856043215,-0.08059196575347845,20.24421359148772,0.0542192437602923,-1.3395696081559498
2019-01-11,0.006971432677507923,-384.2236147699933,0.005125270185141069,6.3036131641071655,-0.08321007600276949,15.339730354644226,0.043007608626573636,-1.4478170492255527
2019-01-14,0.010303872682654449,-107.26655034972309,0.009324992126886977,14.568543575860422,-0.08111659613686142,33.04809194234758,0.08942315385936514,-1.237766934345283
2019-01-22,0.006502610825176922,-45.85728587585511,0.004678129481068343,7.022318591834684,-0.03006992027505239,18.715251094906634,0.04478724080506908,-0.5690186248644303
2019-01-23,0.006356243157166786,17.45948092428695,0.00459031618824007,7.1622752250805855,-0.020442167542447424,18.95466225068493,0.04508857137723747,-0.4055520030596632
2019-01-30,0.002690666471473037,-708.1651141380696,-0.0003237332081737251,-4.192902282797677,-0.08428178195583799,-7.4586181431430845,-0.01658140156444527,-1.6400292477115648
2019-01-31,0.011344401118373829,332.6404836154388,0.01066371710470148,18.682933677549553,-0.027591875131276977,44.61439997345172,0.11063077940418402,-0.3044737067587576
2019-02-01,0.028941481178780322,1986.136237609558,0.03134218808229078,61.41472503680514,-0.015000169005170476,147.04199861778932,0.34420316775475657,1.3819113348952854
2019-02-07,0.017444437850800243,366.06933696057075,0.017786170915645806,31.074318178865134,-0.10067511295170688,71.56181323988255,0.18130865237521598,-1.0378938070590333
2019-02-08,0.022543200984095672,505.6917953357449,0.024181049129321678,42.654941476022906,-0.14815144437713756,94.76472216049474,0.24683092097705822,-1.428387138025941
2019-02-12,0.022741789955254083,917.6609025747548,0.02347265399499439,43.533942569886165,-0.09791472790876296,103.01945391734635,0.24721006383679786,-0.3594183819766391
2019-02-13,0.018834704494953447,643.6274560778818,0.019267952265373006,34.906562168111854,-0.08091036314596975,81.4549013761954,0.20091715476744557,-0.5335926956818704
2019-02-15,0.03681566527923706,2278.31855324293,0.04092551816336723,79.42219367917319,-0.08823664236195276,186.61199531508333,0.44385041458736085,0.9772788653878268
2019-02-20,0.014513144371588908,-2.5258761660455917,0.013906763805170285,23.022121180511036,-0.12264272522235875,53.011923264749,0.13634937138252187,-1.514507537372207
2019-02-22,0.017504518289451564,324.5208551165887,0.017815986230467273,31.008877691552144,-0.10998299805901182,70.64987210477979,0.1808357423852705,-1.148832906764051
2019-02-25,0.025105272518797617,573.5952586534365,0.026442965024433943,47.31004004340785,-0.18663777637988718,108.54514890882129,0.2701870265298872,-1.5576787342206608
2019-02-28,0.023387615864305395,635.9253434015609,0.0243516592852445,43.88982829357969,-0.15077778988682444,101.97335313917573,0.2507405317841398,-1.1568822414364137
2019-03-04,0.020070708853595326,666.1951145533042,0.02062301566675024,37.42199477380586,-0.09670112484868235,86.99643772246314,0.2146414113399916,-0.6407123883999607
2019-03-06,0.021582390248210886,560.5150409468232,0.02228515590327903,39.94093589049725,-0.1358339753919919,92.43114293486889,0.2290465178828242,-1.0997490824821954
2019-03-08,0.021998884330815892,411.5891435828036,0.022727249050485246,40.128288677210605,-0.1655928368580379,92.29115501141167,0.23067238337935952,-1.5214809930781361
2019-03-12,0.015328136825655654,-255.68942293665717,0.014914457368139294,23.715082387372167,-0.17264451680163143,52.51010182979364,0.14165627512070064,-2.2560080549507875
2019-03-15,0.009728789846173,-496.82746291280773,0.008598152817128599,11.648296468972042,-0.13041732478916282,24.755948178073734,0.07516646484164147,-2.1110513489018645
2019-03-26,0.01305559799540672,16.70883366329855,0.012640340169859165,20.720201354994412,-0.09527191672588231,46.81933881576984,0.12431697179242651,-1.3062953761935838
2019-03-27,0.013157569557318848,29.190230689253653,0.012751089909552335,20.953946975242037,-0.09422219033695146,47.657556954298755,0.12563319383601115,-1.2872763499891118
2019-03-29,0.014282923205012742,109.47858666962402,0.014045329022509977,23.53235334235478,-0.09707444034859208,53.84361142168229,0.13982506119319535,-1.238871573913422
2019-04-01,0.0200248693240716,536.876574425807,0.0213083821099309,37.66054790654884,-0.10344635392291615,84.54719391763891,0.2191581245497738,-1.0066897353175164
2019-04-05,0.012149728405510504,-331.76082903379796,0.011381989256135143,17.182904650438207,-0.13863050122440632,37.38197883378721,0.10555217446640866,-2.0278513856931237
2019-04-16,0.02481384847988973,1022.8138973981402,0.027560482712874354,50.15751549988198,-0.08337797020634326,112.13165305102265,0.28963477112629005,-0.5028547520625675
2019-04-17,0.01418837468878877,-94.63673122969125,0.014000563994832323,22.549023512214134,-0.12488189296298474,50.31489980786376,0.1356770791169767,-1.7326709929456872
2019-04-18,0.02585940389456274,1195.6110961285942,0.02886761709767639,53.12168611706249,-0.07098963738625422,119.16426204230933,0.30565663917602837,-0.22642255481283594
2019-04-19,0.017852071413354858,372.7727723313317,0.018704409757977054,32.44218211688891,-0.09753838420485056,72.95768173540374,0.19054268354459586,-1.1079187718411319
2019-04-24,0.01591701140498144,-262.6823963063343,0.01620626665207113,25.558384388949673,-0.170217201957677,54.97956843346618,0.15434569641223386,-2.3934587636334177
2019-04-29,0.028743738842525512,1143.3218830221897,0.03243898727831679,59.01237330159021,-0.11590800941914509,131.18344408027406,0.33987018564523225,-0.7621693626695655
2019-05-02,0.01078227403314869,-626.8253743129939,0.009650922901295631,12.973356170715258,-0.16480144569097754,27.504358075236645,0.08312445310432576,-2.5562889527099375
2019-05-07,0.018790020923583145,401.5103301773819,0.019863393817492376,34.545579228873684,-0.10523461802004283,77.34489321651277,0.20247831268204897,-1.1692661540563445
2019-05-09,0.012651606336503177,-158.79475160185706,0.012015110403874051,18.94128477840471,-0.1168275704636776,42.85821032143121,0.11494290414198807,-1.6690741939760125
2019-05-13,0.013948506257481006,-12.338137553012729,0.013707768190404344,22.40508719326448,-0.10995864670203333,50.47412105199854,0.13429387609285473,-1.4975644429681902
2019-05-14,0.02204348064633816,551.969109172347,0.024022073185824173,42.19432874813239,-0.12092004880476073,93.32275276153966,0.24619322601052995,-1.264847708556598
2019-05-17,0.01621987466975738,79.92816302369836,0.016571390352390022,27.63185529323474,-0.12292073885153414,61.66034674023806,0.16418305522616333,-1.5916841952571816
2019-05-24,0.01115321847659896,-651.0476769301999,0.010104289821438156,13.720032083813804,-0.17644060296655553,27.597712287340357,0.08714259998095608,-2.674606073862438
2019-05-30,0.013414905209105831,-196.97117994827528,0.012866466964400755,20.31339342526311,-0.13509981996639273,44.9466246178967,0.12261308037442425,-1.8667553544959186
2019-05-31,0.013792880851665542,-36.345721381063555,0.013363070464174589,21.790066142587147,-0.11385295227855768,49.53403305121732,0.13043684720469675,-1.5233061890175068
2019-06-03,0.01416719190429996,21.497412314236087,0.013794511792958802,22.79600614304936,-0.11083879094432955,51.854498260098936,0.13573350494537773,-1.4321059424722864
2019-06-04,0.020412762704096078,578.7686645558424,0.020853256744420824,37.492977635520504,-0.1148186953897534,88.15764618295093,0.2152856972810625,-0.8848252843119944
2019-06-05,0.014351563972631775,38.754134634715655,0.01415933534875868,23.404453107229187,-0.10764630176586938,53.145327329008595,0.13966415025672252,-1.4239376166570021
2019-06-06,0.015120859767066,-155.55377928296622,0.015111474253912117,24.322762365859923,-0.15150598227863454,51.67497809578971,0.1454929167981318,-2.021428548252763
2019-06-10,0.014305183872101843,85.2201819669336,0.014117206378574144,23.531651352882687,-0.10035643792852088,53.51903811597089,0.14009809434168682,-1.3051504449164064
2019-06-14,0.01459687455977652,-159.0836590380692,0.014528377007768895,23.162218157648475,-0.13912644417151315,51.02692694403709,0.13970387698783912,-1.9500892499546651
2019-06-17,0.01571011504174005,333.712602843244,0.015880094546264222,27.566227370445475,-0.0800460545521744,63.41436419559987,0.16199007958171888,-0.8917594227808261
2019-06-18,0.01731911800145406,402.9282364143689,0.01791603912581377,31.304276216273884,-0.0890010644055417,71.29870604201164,0.18330694475730905,-0.9504401539268047
2019-06-19,0.018057676177727276,449.96868663977347,0.018859841628352258,33.07807976192496,-0.08989150007327142,75.40907535880088,0.1934637431077976,-0.9387872420683926
2019-06-24,0.022282497737966967,1170.0906988878103,0.024286876421449333,45.27292339747431,-0.03207112449693878,104.10880863512592,0.2600598640529137,0.22565391557263856
2019-06-25,0.024708347197077894,1290.594124924361,0.026955953601609708,50.56424696406847,-0.05247388353410433,117.00319131235537,0.28847945420245336,0.200991683960589
2019-06-26,0.017810847771177776,214.61778636637789,0.018576900326824946,31.68342085021912,-0.12580870536504787,69.26536243897742,0.18638766691852726,-1.4941140706185296
2019-06-27,0.019457967364985524,690.8814799267693,0.020657867086874993,37.15274260305748,-0.07149429196929033,84.62122096704523,0.21556873234886226,-0.5495865344204389
2019-06-28,0.02025187769504844,805.6217748260287,0.021667622762497053,39.33783671946639,-0.06352430322250281,89.84278561803369,0.22760766986329767,-0.37996154655473613
2019-07-01,0.019926277183368955,723.4995680863132,0.02121307374902827,38.260315766128,-0.07334995501417245,87.05960585528582,0.22162563262527896,-0.5342560805547232
2019-07-02,0.018278049568773748,406.5139610977926,0.01916527949217495,33.4207574015272,-0.09961850777474662,75.2692764747796,0.19568381307180557,-1.0812785713694322
2019-07-03,0.027446594070249,1234.5927736233416,0.030089330277380665,55.89645545465587,-0.10347279007065326,128.6369935516503,0.31826580565366863,-0.31068296275337903
2019-07-05,0.019282707522694773,648.071707658818,0.020436188911908047,36.59640266418292,-0.07577359143632587,83.21765981915841,0.21260493016272142,-0.6300053238020824
2019-07-09,0.01656215535851626,-30.867244267534986,0.016975178529327135,27.872185123597035,-0.14450937040982237,61.317512885661706,0.16613625978026164,-1.9119748633282863
2019-07-11,0.01698356052078203,84.70277020709997,0.017527839469594023,29.30053784360902,-0.13264211049331637,64.62701878334549,0.17368887849504994,-1.6902941576118022
2019-07-12,0.017619831525106332,153.36465887925004,0.01829592109685599,30.918198745519796,-0.13101977150017058,68.36961872565185,0.18249976628854114,-1.6099508673591643
2019-07-16,0.020200092121933036,989.1104392234413,0.021651073335515792,40.052938658705656,-0.034372682894591944,92.4479177084049,0.23079683605583942,0.07619385168485954
2019-07-17,0.021181100327396295,926.6905603382207,0.022807409571069213,41.809095317021345,-0.05773395194442954,95.60313021359131,0.2410351368379472,-0.21272091915032593
2019-07-22,0.022037582619635204,1029.220205562963,0.023919441486576917,44.10216319823024,-0.05188004967349545,100.86307154888073,0.2538629280056473,-0.08360122436713593
2019-07-24,0.018674227258488694,246.5413980500857,0.019683686832778515,33.61185920019257,-0.12790676568065565,74.45224244738304,0.19787814563473816,-1.5325992190913091
2019-07-26,0.01947981551422517,415.59431994646417,0.020723224170899564,36.132419687585205,-0.11456457558581505,79.57098445606727,0.21119940867157033,-1.2380854058489426
2019-07-29,0.020740316893932534,1015.5845470747726,0.022320623650128334,41.31699356724146,-0.0376623785840387,94.99817642935209,0.2378719218582862,0.06434702653147858
2019-07-30,0.021102819721882955,752.892709937055,0.022718672044807063,40.92179539436167,-0.08269289338002045,92.54133382468297,0.2369953904667253,-0.6304040160891382
2019-07-31,0.019235259841543496,429.7239430263067,0.020411107066374466,35.60672874680731,-0.10693220104744852,79.62193434297652,0.20838490192859901,-1.1627039650128108
2019-08-01,0.01975425119360905,498.10424680839515,0.021050202644828635,36.9992063142294,-0.10381600307895934,82.76069230888703,0.2159230215020322,-1.0681825232016748
2019-08-02,0.01837932347392442,205.8345367728703,0.019329090489038935,32.837894961441755,-0.13048783009363532,72.38708327566388,0.1936459463463709,-1.5929323689870534
2019-08-05,0.021999395577656254,1115.4611616454365,0.023926662478065297,44.464176292531526,-0.03824850871225315,101.62214129442266,0.2555140527650509,0.1286970126406871
2019-08-06,0.01923814188920598,417.92058508778587,0.02045415541821986,35.67597512151934,-0.11106854521998255,78.33416888522223,0.2085968945627967,-1.2014275062872066
2019-08-08,0.018540029828816015,234.95473880754523,0.019512279498621,33.28004613967818,-0.1283430146416407,73.61278462598105,0.1959779178414273,-1.5425119510037628
2019-08-09,0.017938933058266347,61.61564820267492,0.018753766121040762,31.261809123596095,-0.14693999335676752,68.3869235699364,0.18534758498274018,-1.883705188741205
2019-08-12,0.02229150652775813,1348.9530027559501,0.02428568741341211,46.05277638655814,-0.006560916057697999,106.69270173054002,0.26330455210515463,0.6637508004959664
2019-08-14,0.021750434675483217,1073.4417169831406,0.023611255893082578,43.732442502816276,-0.04061816567968398,100.21839659563429,0.2516423331554311,0.06269214889385574
2019-08-15,0.01945506609079677,612.7548263576307,0.020761637514917216,36.93959159323801,-0.08118873397216776,83.0945021812456,0.21518502254888908,-0.7490953989775846
2019-08-19,0.03011944977199886,2107.0010459182645,0.033730747395673485,65.5740554752942,0.0007786265384621873,152.7945786411914,0.3700790782029773,1.4407110325470238
2019-08-20,0.021226990505921445,1115.5351871145676,0.022917132683796214,42.75179409154001,-0.028578013258058078,98.76773510376296,0.24556659592166116,0.24319680724436596
2019-08-21,0.05236535379158884,3968.0972433779875,0.06020556038127646,119.98897132370385,-0.05564282930180599,282.15735073534853,0.6644723343870591,2.902123525834526
2019-08-22,0.04416017996237532,2764.591123886923,0.0501147531535945,97.42549112583075,-0.12086171793515438,227.36011121520235,0.5431987996576726,1.10760063633523
2019-08-23,0.017971068746499393,355.09560500762007,0.018711664113642133,32.470996161762265,-0.10477446122091584,73.29863434872678,0.19026756496531805,-1.1595452652967897
2019-08-26,0.02151840515822275,1246.9039277625466,0.023282142459842357,43.914825470268696,-0.011989132395255491,102.2251072148062,0.25155618040164884,0.5264975317360057
2019-08-27,0.01937978471055811,990.5496934801988,0.020538310868770688,38.20781872909235,-0.025274748417832192,89.26858516427383,0.21984959886479993,0.20261009173758174
2019-08-28,0.018307218235980426,963.7864376134831,0.019186121940534394,35.81786798997956,-0.016963904449039863,84.12222191804142,0.206041940050431,0.2877319828908027
2019-08-29,0.016948954887437397,506.3288718690477,0.01739216601750382,30.88319095359872,-0.0700460189466423,71.3738214016899,0.1800215940213651,-0.6391938205601198
2019-08-30,0.015349771468763174,247.50600450111875,0.015444730539232471,26.4614073118618,-0.08856453497772024,60.439326687291775,0.15613349069104307,-1.0548134805982083
2019-09-03,0.017463998931362617,867.4715835276551,0.018006029077964236,33.47285569404747,-0.023158776939923555,79.04332386273458,0.1926433183571279,0.17870886846717948
2019-09-05,0.01966239117374684,774.8823568105673,0.02093495528653546,37.96765318557258,-0.061117823505101074,86.73431766008576,0.2198320301449398,-0.3733002263716052
2019-09-06,0.023983866473526825,1109.9148480063993,0.02647069172519368,48.7033760809973,-0.061158368796041106,110.1710980952081,0.28048024488314555,-0.16746942951252644
2019-09-09,0.022997330863961166,1197.996863473055,0.025200969522192675,46.931484184058256,-0.036251429648907686,107.54725250143372,0.269574529133315,0.19200508202040387
2019-09-10,0.018705639524306254,499.21810397109755,0.01964200377195895,34.686057923009564,-0.09348665890663714,78.1745115454877,0.2020569687350373,-0.9124493184910969
2019-09-11,0.01786175666767077,384.8015588292147,0.018654484996676934,32.44756965216773,-0.09720952986170135,73.25645563065163,0.19025951933288257,-1.0757949792135701
2019-09-12,0.01774307074821994,324.00599588812054,0.018526895127403707,31.9688825250623,-0.10474874262836564,71.66371990501499,0.187898178855066,-1.2107673043212932
2019-09-13,0.018627951249705847,558.8164298111886,0.019644684657660925,34.86043057571648,-0.08062488486164682,78.96688387262867,0.2031875982566629,-0.7591977497685493
2019-09-16,0.021758959068950125,1340.7732624419575,0.023604459972330828,44.85367114617937,-0.0008250795883004772,104.56905968306408,0.2564444959568116,0.7214524049902687
2019-09-17,0.02029563490229545,861.5639795276608,0.02174050934403252,39.695070342149755,-0.055696820672916786,90.74744131684903,0.22934765135847207,-0.250385387427851
2019-09-18,0.020600008923135075,920.5224708727259,0.02214750985440372,40.61244667474865,-0.04975978912774263,93.020003393603,0.23443539173647027,-0.14929912863182207
2019-09-20,0.018928164328434187,517.9457858719601,0.020032621458452426,35.32581466006189,-0.08954991587071309,79.77708270805869,0.20626631409460247,-0.9017870820592767
2019-09-23,0.021876120734937547,1239.9257849544495,0.023760223281700105,44.717447082882146,-0.018521832018224323,103.02533171921272,0.2561407708879692,0.4530770145630033
2019-09-24,0.020115711753562512,745.3273360562144,0.021517385299660782,38.834408354901434,-0.07129175317854922,88.01331661034172,0.22503170063313516,-0.5122452873055912
2019-09-25,0.020713248834700108,631.6845747441898,0.02202650308144227,39.35112264014163,-0.09990199778548176,89.47431820715823,0.22793496336694694,-0.8596595235784298
2019-09-26,0.0183814738435627,324.84173961128045,0.0193029192330192,33.31468824239642,-0.11337337330990241,74.28524504899855,0.1955519383382614,-1.2984668940625343
2019-09-27,0.017664514039464327,236.40409298435003,0.018410862779505637,31.42808004809015,-0.11793778590871067,69.7620241990258,0.18515515625936918,-1.4156562574641363
2019-09-30,0.020890194862906317,1220.504887350915,0.022559896902265526,42.55413809630813,-0.007666523691518358,98.83198673213232,0.2439718526932085,0.5446274302687246
2019-10-01,0.02574183041432908,1467.9685053880269,0.028242657077179066,53.51897834458597,-0.03948447993224802,124.03575286787795,0.3043824678567657,0.4904957180768807
2019-10-02,0.020548591677680656,969.7818724375145,0.022015440776970017,40.64316721184274,-0.04342364799396328,93.5843678092244,0.23402048675772535,-0.016903886670665585
2019-10-03,0.019763621915533366,695.7504720250766,0.021090271269631408,37.89065610759377,-0.0740796118675304,85.72414135857822,0.21992398311097217,-0.5853315920241736
2019-10-04,0.018868366401652202,431.4284033967033,0.019920316415620015,34.79055769629837,-0.10243077077389029,78.2749260684052,0.20357729582611767,-1.1037061069040897
2019-10-08,0.020906795493307293,883.2540187746342,0.022480309781585012,41.055592921194425,-0.060324763994307626,93.79045099440575,0.23702500302221927,-0.28148978238897204
2019-10-09,0.021014622490256245,988.188599010076,0.022653616103123088,41.76383957247217,-0.04490788010575153,95.8924636663607,0.24065099831088388,-0.040331542470878806
2019-10-10,0.01934766427469666,575.3315667945586,0.020545301450189356,36.45482092131149,-0.0867410500408259,82.3608263696477,0.21235887569688486,-0.8198176126282346
2019-10-11,0.03956180001717344,2591.576127144647,0.04628872536400205,88.47629231635155,-0.02613596880880706,198.69670171446438,0.5027191730202515,1.2519169771791658
2019-10-15,0.023549332639405972,1681.223280050596,0.025875389563471806,50.138706416185244,0.028369151868543364,117.32321414368793,0.285019529932718,1.3036791630258433
2019-10-16,0.021126413085550494,1170.2147502099863,0.022804990189920018,42.79121328031224,-0.01922261072416135,99.06744715847064,0.24546053578792243,0.39045002815614904
2019-10-17,0.019813703696718515,779.6341669195631,0.021107744292896448,38.28847509450854,-0.06247484274562931,87.51782428047892,0.2216177203450399,-0.38165227130739443
2019-10-18,0.02166616599736312,968.1700337510582,0.023510546168954587,43.10877634636487,-0.05498872779459157,98.27942562068866,0.24873311056098552,-0.1843918721271444
2019-10-21,0.023853875422321785,979.5287049545548,0.026250093174156164,47.816705879296364,-0.08039672977258552,107.80996474661745,0.2759214772723563,-0.4665478944658382
2019-10-22,0.03431221023919666,2020.1737344009487,0.03955882311164015,74.70932607016314,-0.0496192392341567,168.2916739637365,0.42599801491914807,0.600005713178611
2019-10-23,0.03770186613549719,2053.7538313679256,0.04383268151263032,82.1468007814219,-0.0879634006848529,183.3231546424854,0.4687053632765021,0.19651929760013803
2019-10-24,0.028637577023845975,796.3422775962821,0.032326368812254494,57.34082290054093,-0.16592607029261333,125.46944333863902,0.332441443795306,-1.6024028294966568
2019-10-25,0.029958805840915936,745.3026385686143,0.03388504431726898,59.90378295721642,-0.19498477787310742,130.62730719128473,0.3468427661418091,-1.9149944841912132
2019-10-28,0.020877422168038288,692.1604321918105,0.022579564427363783,40.32115338998756,-0.08512682881057225,90.50913892516716,0.23454401357272361,-0.7554825618472376
2019-10-29,0.028479464461732246,1129.5593297777061,0.032250720339771784,58.50185707294136,-0.10973008452051458,129.27192756055643,0.33779167595623216,-0.7641627230600982
2019-10-30,0.02356723679920468,807.7017190754689,0.025977968271434698,46.56411203647724,-0.10024043879643335,103.67243324524044,0.2701254105704723,-0.8536978626071803
2019-10-31,0.027945905217400674,1188.1492215347441,0.03154242156003015,57.57552352152809,-0.09548325826812815,128.07492276126197,0.3318763103920714,-0.5421712841275922
2019-11-01,0.026998775586220797,1061.2746543200094,0.030337031791775406,55.01241305616887,-0.10361220455601874,121.9880320509404,0.3176886450186071,-0.7200430367892777
2019-11-04,0.020067453346583254,716.645814779514,0.021539477766579242,38.6891260398526,-0.07277269699348089,87.33832415277476,0.22474126175419215,-0.5803407236619555
2019-11-05,0.022505161287330808,860.2066845725401,0.02463353075878964,44.51928908571241,-0.08004987228287334,99.87472493872009,0.25783803083564394,-0.5739902337277669
2019-11-06,0.03244979648765453,1629.3200030810287,0.03706374163443147,68.99012787147218,-0.09172587222597779,154.4770537850806,0.39427008065362423,-0.09427987519424369
2019-11-07,0.03071788926789199,1349.6657222683168,0.035124670678913686,64.26378398898353,-0.10253336654214593,141.9614494488663,0.3701205742838542,-0.5431838650734384
2019-11-08,0.029364161291665133,908.6731293918527,0.033377972617849964,59.49094505302202,-0.1540352637877467,129.39992535076092,0.34487096317818783,-1.436176775554908
2019-11-12,0.030420437806409233,2156.649737306522,0.03449649399502107,66.83622846085242,0.013030717627270965,153.6307509951545,0.3785924265238685,1.4957093575402645
2019-11-14,0.037507311901060915,3231.674603094846,0.043696509979096916,86.763211444122,0.09542152316616721,199.60937401893048,0.48885124169351346,3.121792126182774
2019-11-15,0.03709960460958392,3082.6706619308425,0.04316366663798951,85.24617990041476,0.07752348043694952,195.68678756060072,0.48088394436257575,2.8138223929726847
2019-11-18,0.02911897010328856,2145.4132667223384,0.03304128879049291,64.16688038441947,0.032866096548035365,147.43962445458092,0.364087290008568,1.6445481556610801
2019-11-19,0.03676119922510413,3730.668459192767,0.04270657761364878,87.23201598241715,0.17757776155056088,204.33639601649216,0.48818492869445074,4.458733572805121
2019-11-20,0.03750795142850092,3168.6762813514106,0.043742432471795475,86.52557547531605,0.08792371221827867,198.52375912858898,0.48816425821770587,2.9655669937801816
2019-11-21,0.04253692578677486,4337.863482657359,0.05006689677821079,102.21025346783044,0.20063768910170962,238.10507585427055,0.5717639198876892,5.128900467603862
2019-11-22,0.001353508871620059,-274.44690672696396,-0.0023949841780053164,-5.7990420186584295,-0.003998150557614008,-6.668002314584564,-0.0291370563113085,-0.343725218470793
2019-11-25,0.0014045377318372735,-269.7150597401012,-0.0023302487671747448,-5.66070691295545,-0.004299705884488388,-6.508540288584987,-0.028413565779149913,-0.340199415540234
2019-11-26,0.04916849709362215,4710.250474384412,0.0585186782295222,118.05636106096652,0.17773664030614164,271.733020248004,0.6618161388874294,5.097003913509489
2019-11-27,0.03306467437841206,3080.969985486239,0.037993238481289784,76.53804639962748,0.12384887167006008,178.709998680251,0.42990906144315216,3.3874236094423753
2019-11-29,0.022259101534782656,2064.7811025309743,0.024295704006366943,49.08449817150508,0.1008381063915213,117.60287222784656,0.2764556176966694,2.4254347267030236
2019-12-02,0.028664317395121274,2895.8351393920266,0.032407318838040544,66.32337501530834,0.14812902961867816,157.22727863162896,0.3715064054340851,3.558410997460764
2019-12-03,0.03214674651434268,3352.229105914309,0.03683889369525574,75.73373729717115,0.17517693529830639,179.20363613303869,0.4234820620519138,4.184876236860662
2019-12-05,0.026482579085965914,2659.281311144464,0.029627475287974346,60.63604765811424,0.13833292149613044,144.40009699975738,0.3398086443759381,3.2875124097561508
2019-12-06,0.028071058449737722,2897.6094010639335,0.031666385101552966,65.0852960194017,0.1550669028701871,154.87370012080984,0.36424097219163803,3.645454649283076
2019-12-09,0.03858647943655515,4119.935066505673,0.044870858638168865,92.68111151207573,0.20840540035564895,218.73006530357517,0.516571293195677,5.16214454187294
2019-12-10,0.03769185115786899,3913.0316865374234,0.043907088407910355,90.01547229878305,0.1943501122103766,211.02332923756737,0.5033382071885035,4.7740881577440515
2019-12-11,0.038569425534452244,3676.924993239176,0.04500676100418427,90.89318760830692,0.14799589081882608,211.110623507341,0.5098659139516825,4.0679459916743905
2019-12-12,0.042401565958237304,4209.667753156322,0.049921990086997596,101.41307151291583,0.18340631661367715,235.21444769419168,0.5680044520351298,4.830215814434445
2019-12-13,0.03818991245220097,3596.4697943625697,0.044546614950484203,89.75109318972275,0.14145320718880194,208.2448727174001,0.50387092449639,3.9236052524495797
2019-12-16,0.01562281914963644,271.3755025650092,0.01591354750322381,27.29849103578974,-0.08650545049533916,61.73159222416929,0.1612066173124442,-1.0444565942431097
2019-12-17,0.012930806883301272,-265.4823533687877,0.012613837294836602,19.408939569082257,-0.13344320487747272,41.67030498350472,0.118935334529298,-1.9922255227118915
2019-12-18,0.01525776669504003,153.09223288021462,0.015414092058231375,25.976656075673034,-0.10059254335541422,58.33249860307413,0.15412472337391117,-1.2813244404265156
2019-12-19,0.015628538624766763,225.38833339362083,0.015923694410317334,27.12706022625768,-0.09371752335204739,60.90774329661487,0.16046863251673668,-1.1593927516365583
2019-12-20,0.01548650936348843,162.81083555381997,0.015726281027831458,26.536860143949323,-0.10161819976708578,59.36021626475687,0.15738072372734424,-1.2918688546644477
2019-12-23,0.015789087541382106,202.8129519695624,0.01609145233007746,27.33275726910911,-0.0995556291483159,61.2798657296062,0.1617039996143766,-1.2351701182587689
2019-12-24,0.014533838743056457,-78.70835990416096,0.01452156021139636,23.484468255933667,-0.12658165351754758,51.46579118759331,0.14111179927674122,-1.7515547142245125
2019-12-26,0.015340631821288498,96.47710405690509,0.015524098483672606,25.9201105248709,-0.10991703241133681,57.77499613033771,0.1541775321994066,-1.4328078087237228
2019-12-27,0.013767913294752795,-143.00172832433805,0.01352454135357577,21.542677975863917,-0.12759215732744292,47.280291552355706,0.13011408195377436,-1.7990034217355777
2019-12-30,0.0122340302397194,-31.0647361047793,0.011571118134739506,18.726593329620616,-0.09316241238713822,42.65359325997248,0.1129087690548031,-1.3049960603140383
2019-12-31,0.0165101238854893,363.4338944157404,0.0170829574623085,29.6450718233343,-0.08273416928067699,66.71375161913063,0.17441129084424695,-0.9478423520290815
2020-01-02,0.012154689560104135,-17.488875187899055,0.011488372270449526,18.63034507668664,-0.08968819778776642,42.629553571489055,0.1123442037296877,-1.2610975196029433
2020-01-03,0.0119215388327569,-146.01713000355608,0.011139217322784589,17.511172956999662,-0.10639967294865578,39.738576250406226,0.1065542993035156,-1.5392372595595043
2020-01-06,0.02619434538362751,2219.5879666616474,0.02932809562223771,58.21351688540331,0.07830969689314426,136.31692228693151,0.32885879018831804,2.24353797488982
2020-01-07,0.024062598701835237,2521.047340452456,0.026554780355950273,54.885411601508544,0.14526056560086736,132.477211511176,0.30701823468140177,3.2903281000210987
2020-01-08,0.03183891288386929,3445.4179275304396,0.03643740775865311,75.47459490419476,0.19166680152861648,179.75663551081,0.42122243938457227,4.457434323253865
2020-01-09,0.030751844970938483,3069.957141665037,0.03511082280718103,71.57773728051617,0.15125013717113456,168.7441021951751,0.40132239764613975,3.6875432324564144
2020-01-13,0.02580843237105847,2645.9220494087263,0.02878369011711183,59.16624212642086,0.14370121619270326,141.4032432876006,0.3312538766153188,3.348291281716194
2020-01-14,0.026420173610034275,2771.7318462465837,0.02953946454021202,60.97930786081208,0.15516524311261295,146.34407982468247,0.3409888760144296,3.5730625991643707
2020-01-15,0.026141705568672076,2740.8772344693434,0.02920471133613377,60.26983978991346,0.15434680411903062,144.7214019966236,0.3371321171122239,3.5358129183528186
2020-01-16,0.02595830454728036,2714.512853440275,0.028990785730413613,59.796905090947966,0.15246728341133842,143.34199187160502,0.3345468185707487,3.494751580627319
2020-01-17,0.02507764982522941,2526.300730829364,0.027875982018178903,57.09058520057854,0.13601953916732046,136.63299449259367,0.32013646296491677,3.1589360032085865
2020-01-21,0.03987854065612601,4089.4884344212146,0.046717657842159595,95.47507383848013,0.19611313906451489,222.91981590384486,0.5342481435120146,4.895718390441957
2020-01-22,0.026600890594701863,2290.2715907846814,0.029804885605375187,59.334653517430574,0.08353635709697986,139.3315413650407,0.3348376326719027,2.3628090739964365
2020-01-23,0.027202184241036344,2407.1994727697574,0.0305871477331319,61.14636022630794,0.09392964693243468,143.5282470425163,0.34467756579227593,2.5630037829326593
2020-01-24,0.029434684082272393,3056.282048690673,0.03338296168820562,68.66911743689872,0.16209877188854546,163.05092998023483,0.38404038834051396,3.84221158437154
2020-01-27,0.028612268246031226,3104.1257276075603,0.032384454787656815,67.1725350257134,0.179228784282986,160.76161425686192,0.3750826262439341,4.0732033229970295
2020-01-28,0.04377580353756232,4410.380659216622,0.0516489780626092,105.1981116736579,0.19634042343324165,244.21041971511693,0.5886718486699749,5.128858426612257
2020-02-04,0.0371915002707025,3564.710537046112,0.04328920878123187,87.49439481414213,0.1483947486798531,203.31342007092778,0.4909063273931567,3.9862728153657936
2020-02-05,0.041581746183189564,4551.551373551648,0.04882650435886565,101.08708602828769,0.24091759235762059,237.6880629120447,0.5634312969698013,5.788461043211914
2020-02-06,0.04125412157555025,4480.730349613979,0.04841179800779582,100.07763525564889,0.23464698760418218,235.16511475189415,0.5580559275015076,5.661483272644511
2020-02-07,0.040774044558106376,4463.507782518274,0.0478170984188778,99.01241346643612,0.23711738927525183,232.6068409813811,0.5518849010825592,5.684580155904147
2020-02-10,0.03337132573914948,3593.652793646611,0.03845017502673827,79.4633689259023,0.1969263287071586,188.0564542013227,0.4437633489812057,4.599129614217878
2020-02-11,0.03833546608177402,4171.112796366587,0.044732907811440924,92.53306435048253,0.22377187731434783,217.9956644960553,0.5161764102381557,5.314036429314635
2020-02-12,0.035682805868900484,3842.1074770996443,0.04135572720436397,85.44921422481019,0.20559837566281441,201.549473183707,0.47690918788737496,4.882211176827654
2020-02-13,0.03437999525060393,3683.07371793336,0.039676957402238776,81.95980345363186,0.19660114084818317,193.61022624708534,0.45746858563702075,4.677682539675241
2020-02-14,0.03450966827520499,3636.3975313781116,0.039886398371173075,82.07716710426827,0.18957380946849411,193.07535893997414,0.45868935870174804,4.542287312441312
2020-02-18,0.033659926851119334,3250.3326760263,0.038804873247879686,78.59250230643198,0.1431866586115444,183.51966022571472,0.4410004100745188,3.7156240723565634
2020-02-19,0.03489276115534223,3774.2725005129596,0.04036763549290527,83.48492334124887,0.20510955318464696,197.19531130208046,0.46594147789524903,4.826843831617829
2020-02-20,0.03482852823244623,3771.5983566745867,0.04028545472377932,83.33653431614438,0.2053966330382298,196.89109556960122,0.4650829834950525,4.8293431745425845
2020-02-21,0.033323165526048144,3405.533251382398,0.03836301930742127,78.50708259049539,0.1702079303223899,184.6712849620187,0.4394736204779373,4.14699219444753
2020-02-24,0.03714981181058405,3929.773211687233,0.04323037655995006,88.9605273294336,0.2024087413099261,208.90102023559277,0.4969774916954682,4.889654247741616
2020-02-25,0.05094433398888481,5444.976894485345,0.060805322417290204,124.99918758228605,0.2673271928189692,290.1478936794901,0.6977374265671604,6.650728250465722
2020-02-26,0.03084783432783343,2755.065226498834,0.035214935765280286,70.44562641076122,0.10218738850559589,164.09014706846847,0.3966060495385204,2.8986805546534007
2020-02-27,0.034463412015803295,3659.85157016804,0.0398060806603056,82.04610295811536,0.19351386362521406,193.61114853470906,0.45832232225209313,4.608861246406419
2020-02-28,0.03512614134380827,3765.977704297551,0.04062760712747146,83.91087970026231,0.20035685262246747,198.06555336824,0.46834526996933745,4.775492573907164
2020-03-03,0.037475327290027984,4129.037463618884,0.043530005775149566,90.44371610855148,0.2229599604810938,213.83585068611058,0.5035381495642478,5.335542396001316
2020-03-04,0.03552705055805622,3794.1444329500437,0.04101495001133456,84.78184473970487,0.19620066639227912,200.34845722674254,0.47265273384292966,4.793435492083899
2020-03-05,0.036247184338595625,3948.6879670341573,0.041926863799722755,86.98842811662004,0.21017843039367404,205.98912830298934,0.48445166935143225,5.070497502216041
2020-03-10,0.03582651123925943,3926.417356045935,0.041493147834446666,86.09127395243021,0.21435955739305085,203.64613932894244,0.4797905084315655,5.069953743350578
2020-03-11,0.03315752287795,3637.877109668734,0.03805155526922382,79.0948938737616,0.20156288429909622,188.07338139837034,0.4406188909965642,4.7431312348061825
2020-03-12,0.030707374215391756,3143.277670819447,0.03492701601596104,71.67091771997909,0.15931548867320094,169.95016690574016,0.40082553760080947,3.8811699747942416
2020-03-13,0.030764450982134647,3286.5088979342354,0.03498878353742601,72.43193393975695,0.17778152649957019,172.42234639944311,0.4040401676458039,4.2224116000517755
2020-03-16,0.033106548547828185,3499.4936806001324,0.037976073363724314,78.3579681992367,0.1826808624975937,185.58175615330157,0.4373531812328174,4.413052046475757
2020-03-17,0.02697364339083573,2763.0518141209595,0.030188159800490166,62.07755254680615,0.1459016039998294,148.12271114348496,0.34721172533217404,3.475440705258884
2020-03-18,0.02633289019668445,2593.8717467449865,0.029337613924117118,59.93008655637106,0.12827174567720792,142.7785635039602,0.33574432443524993,3.1542200470265818
2020-03-20,0.02535178262060152,2501.6473971924397,0.028065907815595377,57.3981560454717,0.12601192145733234,137.31226948673577,0.3215317744313406,3.069594236152918
2020-03-24,0.024868064419938447,2472.5172338900948,0.027590808047458008,56.406852041979214,0.12945457007084304,134.57811959545276,0.3163430530983122,3.0562349785941025
2020-03-26,0.021499139772179342,2174.5241599042047,0.02327345627809523,47.89259454426064,0.12338543883703555,116.05482034942682,0.2683735115763923,2.804367131153034
2020-03-30,0.021013053274610193,2096.1604994672975,0.022596102940632707,46.42382439382955,0.117526908980598,112.97249881255152,0.2602639681522866,2.687269957835823
2020-04-03,0.021976562163503605,2232.410468585426,0.023821588770899127,49.06765468973533,0.12654436266556968,119.30923856541878,0.27482001387325083,2.8853670325579923
2020-04-06,0.02454754794883357,2647.8597867047047,0.027166916724616987,56.47659163049731,0.15752131047963536,136.58446559576632,0.3153580216503359,3.5320072753939336
2020-04-07,0.020183677908342267,2101.608760411135,0.02163197806725169,44.803838948589295,0.12823756534616482,109.77369875291795,0.2508784073178208,2.8099397776351704
2020-04-08,0.015781550448866057,1607.6543398947995,0.0159251327015258,33.11264516005543,0.10571055322623443,83.71237099258411,0.18563868420363328,2.2320263837785577
2020-04-09,0.01745830625939641,1789.2165711979585,0.018020220990555023,37.432146073899986,0.11259503708655816,93.48671330955018,0.20958143997277748,2.442706332762052
2020-04-10,0.016601972144827257,1636.1804069558225,0.01707392724621132,35.13834545832163,0.10116741908848143,87.34716971458815,0.1974922756504046,2.1757848274487888
2020-04-17,0.008751194804908942,1369.2721320690682,0.007024775157890831,17.267672004563845,0.14430463828716245,51.164842567274505,0.09360803254028766,2.627600629546282
2020-04-22,0.013456903157972811,1918.4482685202877,0.01321901271425609,30.026302959059898,0.17034740512620802,79.77407969252822,0.16466923622633736,3.285641554887822
2020-04-24,0.016527011197457572,2245.496167159998,0.017132271661986102,37.97761819352077,0.18459036121116162,97.62918649663631,0.20918414303206664,3.6548477132087913
2020-04-27,0.01642597049270832,2246.507651222534,0.016985198806136276,37.73652405253416,0.18591931217534094,97.30411350705684,0.2077509641734465,3.6737048677582758
2020-04-28,0.020007733646517672,2565.0931907046506,0.021500392650630352,46.692995784554896,0.1920616526703428,116.56013970561781,0.25803362140537583,3.9522352156620633
2020-04-29,0.02207406836351246,2861.5046592703334,0.024128749697859952,52.368674094191036,0.21258483077084878,130.20164965663525,0.28932964206623807,4.388483535998879
2020-04-30,0.022138959146090837,2790.694958553773,0.024199800909812462,52.1538307988719,0.2029197495990446,129.42459496807115,0.2887393916316765,4.209362208259844
2020-05-01,0.020418558235627556,2405.203134805573,0.0220048243801661,46.765031226309645,0.16813202369119953,115.98602760961991,0.26009200837644836,3.5112414142496076
2020-05-05,0.02241245054367882,2921.3360481622713,0.02455832091086841,53.34711805654651,0.21751490914825145,132.6477430842547,0.2946518343693822,4.4876031295822525
2020-05-07,0.01966515227175589,2668.373814722924,0.02115980326473996,46.553198779764045,0.21097624991471417,117.39722121916758,0.2565737284878768,4.24481950832459
2020-05-08,0.020078382564590738,2660.210121661833,0.021690026358900178,47.40757149824674,0.20513594833384002,118.63852162899147,0.26164941888026794,4.165550484585742
2020-05-14,0.023047293941124335,3032.3108199911876,0.02489735334507838,54.522756543694925,0.22352504289756636,137.06927654067343,0.2999426683115424,4.7129420336092895
2020-05-18,0.020655281977719903,2711.2519715458557,0.022129902616054097,48.42665353761094,0.20508247281334593,121.81833383559773,0.2668693508623299,4.237702831621816
2020-05-19,0.018218738565187388,2435.1209798660316,0.01940581725270064,42.59791519127001,0.19304559805854987,107.35777518011837,0.23505567969255342,3.8675957090934134
2020-05-20,0.019425287439531636,2645.254961339642,0.020836491345228827,45.920101298169705,0.210000025085814,116.01290487279819,0.25296423036706295,4.223335022111286
2020-05-21,0.019745514364058428,2576.2834660176286,0.021032820830198588,45.97135496539419,0.19675609457207371,116.03501525736742,0.25361167656364136,4.031222158826127
2020-05-22,0.021158125727317106,2648.42103515773,0.022388156235665563,48.64083458752558,0.19022260406055186,122.78515813283994,0.26821356220137993,4.051656537731898
2020-05-29,0.024357694890064382,3046.4783704041415,0.026597569176401794,57.454692006135076,0.20989471927289416,142.23011280406806,0.31695523362508865,4.556466330986233
2020-06-03,0.024005449200608917,3091.2519468300457,0.02609757206403237,56.82401030807294,0.21997456948106428,141.5926227984645,0.312836994386952,4.720965016424229
2020-06-08,0.021772995683746164,2635.0747580653733,0.023666554301972346,50.614046538915304,0.1836161569314346,124.90327328839705,0.2806397425646443,3.884458712141329
2020-06-10,0.022352315108649098,2889.7178687312326,0.024231820405907312,52.74201972789538,0.21150185983890557,131.66434501168337,0.2908204679308151,4.440312740830384
2020-06-11,0.02673307275928262,3229.6705705941204,0.029884261854426934,63.66397601805434,0.21265614793270876,154.99414327165826,0.35271529370936683,4.647493372337517
2020-06-12,0.02871996777469886,3702.138876326727,0.03237626413690827,69.93717560453881,0.25686025783012467,171.22082990501391,0.3858673522333204,5.525413539733188
2020-06-16,0.026170969085728593,3266.63321667859,0.029258723669138547,62.746956208132325,0.22501047829742782,153.40362845447967,0.34723956617389246,4.809918380423441
2020-06-17,0.026836787339413956,3363.3491529681005,0.03006623927736887,64.54910603905148,0.23049013583346928,157.63177689221294,0.356950458965082,4.954903689853445
2020-06-18,0.023637399199625295,2830.129293900106,0.026277902974760278,55.725990567252275,0.19466720708363702,135.64555224637786,0.30995955630335015,4.081155435509509
2020-06-19,0.029042147704527566,3760.088476448102,0.032481588633428315,70.4844341514631,0.25803914809580614,173.5950519381171,0.38791269853246496,5.646695615835153
2020-06-22,0.022812348175627523,2559.5637273265083,0.02498592273528988,52.477427964549776,0.16211993265657973,127.59007648931183,0.29226339620874187,3.55417155419804
2020-06-23,0.022019147394617782,2762.20444648135,0.023894595465382876,51.594218199763915,0.19762662197337189,128.0325322745846,0.2851884307891103,4.167201378394203
2020-06-24,0.02121651726185044,2672.4351671035083,0.022871274809381465,49.51214724233165,0.19258574295575093,122.94034206128653,0.2734695287049291,4.058678627003128
2020-06-25,0.02538749018622364,3133.4214397403102,0.0281839968536964,60.44954007837403,0.21126186302998815,147.1796644245223,0.33420926566570763,4.595424881367959
2020-06-26,0.026975213072282032,3511.332434142424,0.03027183903413469,65.52156831416998,0.25076564120834244,161.05371481098555,0.3616768841625153,5.296329112966322
2020-06-29,0.024404260115788744,3141.5914429557215,0.02702175168014887,58.45400537136161,0.2265749491890066,144.344963094165,0.3229239007022559,4.752160603868338
2020-06-30,0.02146305495822451,2770.983891364999,0.023314737986285805,50.63439372237595,0.20549770557543431,126.0072900634642,0.27965444806599865,4.255032313539334
2020-07-01,0.019892246522539972,2545.444484245179,0.02135411879422771,46.35232349640025,0.1909673928798698,115.88300521544537,0.25623514866913194,3.9212683324554565
2020-07-02,0.019169325274270628,2323.7167036652586,0.020369995861076445,43.733410895255595,0.167719692582066,109.1219158725187,0.24249130786723155,3.4877155948607794
2020-07-06,0.01947794790086444,2455.7787885213847,0.02071711171001929,44.928624069656976,0.1817856985643226,112.46397827532257,0.2483087684065802,3.769606187894046
2020-07-07,0.020074408884979508,2597.803465106477,0.021432609602875827,46.76162150948609,0.19511007967625404,117.35959456195346,0.2579385865616494,4.037073234932868
2020-07-08,0.020582854024120457,2658.3919999117397,0.02208046369150375,48.09963916351301,0.19868094609568432,120.60205319981124,0.26542590440240144,4.114655191078208
2020-07-09,0.021882015652618526,2874.4940259688656,0.02388055917286267,52.0390858173023,0.21526090477746257,129.3828654188478,0.2871189902434902,4.4451962032412
2020-07-10,0.02616935670682069,3370.050997336788,0.02915045562801484,63.08023285516477,0.23758873076339979,155.10384297273959,0.3480389700642218,5.070259770666092
2020-07-13,0.02813452138746167,3580.3899053762293,0.03157239321016445,68.09721660400601,0.2445382148823744,166.498258234879,0.3757194023164625,5.31315354422814
2020-07-14,0.02795334061686915,3464.6428260915964,0.03128603823361459,67.10857683434362,0.23047068520532274,164.06830115132192,0.37078210028290953,5.062033102744053
2020-07-15,0.02906715313842454,3820.0312347676854,0.03275208850649518,71.0838052129751,0.2701573136000569,175.14919584127003,0.3917085334547729,5.772884199347498
2020-07-16,0.02850064983700615,3662.8428832527106,0.03205696988607916,69.24952143554651,0.25305049039940697,169.62375122632176,0.38199921457539965,5.463103605794122
2020-07-17,0.02927292556110617,3814.9197777268164,0.032994768328240914,71.49049205351906,0.2662514069981372,175.65250081796776,0.39400258055749954,5.731371703391518
2020-07-20,0.028616000691059053,3659.6474974529656,0.03218427130569884,69.45854649792822,0.2509933391060512,169.99682011132722,0.38319203645518857,5.440334406787453
2020-07-21,0.028446802915429066,3597.4023298165835,0.03186511511690438,68.69369403170413,0.24268964076097876,168.21199238617635,0.378897263249249,5.320041391660964
2020-07-23,0.023260199921029887,2517.6689558875005,0.025115603735139064,52.634234644072315,0.14820181887513842,129.26779061967483,0.29271094600287706,3.4284903942783
2020-07-24,0.023908457097335873,2953.900811328806,0.026074045642327175,56.125819573530634,0.20348874873750522,139.27722337255028,0.31011993772863167,4.392004105292346
2020-07-28,0.028712858096380925,3736.1281861620573,0.032218235584460644,69.87658530890509,0.260148960203467,171.91388819431182,0.3849062132011678,5.62207676948529
2020-07-29,0.15875749109859913,19605.63928927888,0.19050170222151472,413.2714894696156,0.730840318926245,1004.0817496692847,2.2320239769719414,26.189808820171265
2020-07-30,0.06311604627307844,8011.074300542824,0.073460453927013,159.41051295013315,0.42572409622035096,389.65368051924463,0.868675298975713,11.372658781419343
2020-07-31,0.028201799187773827,3635.481585390111,0.031570262105839374,68.35334543068912,0.2513157167189918,168.00666297861397,0.37668894155522037,5.447233029310634
2020-08-04,0.03128783522219776,3791.1774988437837,0.0350347028952735,75.01710473714974,0.23401936641849277,183.6536662093835,0.4135851292181724,5.430158635029376
2020-08-07,0.029527205333789473,3727.4491243459406,0.033219004350110194,71.53114061000615,0.2493932070396256,175.01853881603918,0.39460230213471775,5.4883202057999885
2020-08-11,0.03084546873188551,3944.761604762921,0.03482548586422808,75.21198309161555,0.2644695160689655,184.0927105291753,0.4143767537931088,5.839043561460051
2020-08-13,0.029054051704853687,3661.566760166677,0.03266059741250725,70.30052549819582,0.2452884911792854,171.75776860860918,0.3879069220905891,5.389292352438309
2020-08-18,0.02774614738847974,3434.0925602805796,0.03104411969888958,66.55752595606091,0.22882494971850878,162.73529247082644,0.3678457411574439,5.015065534605602
2020-08-24,0.03453232487424484,4375.323162778723,0.039653034520214465,85.13380162767142,0.2865408255106092,206.37901396183187,0.46980382513476465,6.361033310766843
2020-08-26,0.0380627988811771,4691.386118437345,0.04413398885971779,94.0400415565741,0.29189404308688444,226.08024536957998,0.5197067029580255,6.635896216606909
2020-08-27,0.042025416164207456,5215.338276878601,0.049063644561538056,104.66503219063871,0.32010824934438553,251.63200275093024,0.5778005262056346,7.365861502862963
2020-08-28,0.03916460069087955,4831.492476558324,0.04546911110397903,96.94805290780661,0.2974507519163785,232.87992450339456,0.5354008189490985,6.8258883783499655
2020-08-31,0.03293262821499762,4088.758555589312,0.03766591937971925,80.52340678821315,0.26433137202957996,194.84152501843886,0.4450140461369936,5.882008497633162
2020-09-02,0.02927703856896735,3695.313832437109,0.03315144454062126,71.16191310273831,0.25132745572976406,173.39436813475487,0.3933917159956527,5.426136136200481
2020-09-03,0.027563018126116088,3496.120175207174,0.031026616260825687,66.71371438226498,0.24231709897939566,162.9952906690678,0.36883728122477205,5.175552985778984
2020-09-04,0.03712167013337912,4639.185537736215,0.04185131607593096,90.44001027159966,0.2807468683563479,222.21788489240018,0.49609369052310726,6.727064676327833
2020-09-08,0.06286506319690545,7742.239374242876,0.07400271883499135,158.87655085682633,0.3971799546080436,383.1981513546991,0.8692530517344964,10.673162216789404
2020-09-10,0.013034823648706817,-321.39933739363624,0.012453146486297537,19.04226800456096,-0.1475016400822786,41.591211157876316,0.1162857810474784,-2.122737377312697
2020-09-11,0.01904383189758429,1120.5830956785712,0.020034065618564387,37.98241327057776,-0.004844834734083625,89.3533903774176,0.21723709339597028,0.5726492695362009
2020-09-15,0.030878383759449634,3768.177083706795,0.03505627703682971,74.73320018442317,0.24201480611087228,181.11105067619062,0.41346460467467333,5.388105340851701
2020-09-16,0.026407459214873485,2886.115310731038,0.02939087731377295,61.3185710481172,0.1684307385558193,148.22930165327887,0.34158591459672283,3.862652494813221
2020-09-22,0.009707871791287917,-365.68961956557837,0.00823589235240791,11.71261766385462,-0.11393822007438567,27.034865839711642,0.07393491784558756,-1.7566533295114277
2020-09-23,0.007787567158253338,-586.4272267113636,0.0057904450330440995,6.643478428810694,-0.12387485422794967,15.59041291441858,0.04582064902726333,-2.0249716567511356
2020-09-24,0.007454352402947728,-531.7198318293316,0.005273775723343695,6.070197994314259,-0.11423727671642164,14.345361013486498,0.04171124504880716,-1.8382615632653447
2020-09-25,0.010914444053052398,432.34396163085444,0.009727159568439784,17.658047726092477,-0.011231593222209341,44.142755740019666,0.10316040195137519,0.03572272589380113
2020-09-28,0.026287385242591384,3423.0420167881334,0.02919555567021242,63.420597516908714,0.2429619622262718,156.60686066798945,0.3494324441173499,5.192667194451738
2020-09-29,0.025146250140995877,3247.7040750342003,0.027827341877989152,60.34416313682141,0.23086640886129067,148.77174850006247,0.3327707897693778,4.916247922899461
2020-09-30,0.025854366456289704,3355.1835981008617,0.028707527265820477,62.28227349565969,0.2387839266304403,153.7035456398322,0.3433980065355008,5.082509585689101
2020-10-01,0.02593725226455769,3323.4480222493266,0.02883675082237763,62.34185355079809,0.2340178302352377,153.57055100212128,0.34409724754798443,4.991927254898195
2020-10-05,0.02609790508418449,3374.433247863292,0.028492743047441985,62.148170242769396,0.23549160671137545,155.00725114457114,0.3415528813971162,5.1432544775914275
2020-10-07,0.025929894733563927,3310.471072709222,0.029002020864493272,62.517706567157916,0.23323365370246918,152.9159975491837,0.3455154586446289,4.944708644706339
2020-10-08,0.02567861505104233,3257.500058466185,0.02862749068533414,61.670458255906695,0.22823645908231296,151.12771138815236,0.34085237681786257,4.855822004568747
2020-10-09,0.02679085002233014,3412.045639845622,0.03000365888815789,64.66288096638831,0.23771552749256697,158.32797581738222,0.3572201263208423,5.080709955367697
2020-10-13,0.025634739597999428,3268.3836975252048,0.028370523325213653,61.349069948011895,0.22866547755936986,151.37239173922003,0.33848805442062524,4.906610939174715
2020-10-14,0.028448942015749656,3580.1821894204354,0.03193406460398934,68.69987370453704,0.24135841850247602,168.01152547850697,0.37927375237721084,5.272942557172926
2020-10-15,0.02736335943640921,3441.7714158801737,0.030655632774607578,65.9250361489011,0.2342711794493751,160.97717356910258,0.36417248088565696,5.077799855174793
2020-10-16,0.026442918880583866,3347.716047646149,0.029462319241652168,63.51875852797573,0.23096751035326915,155.74324199557566,0.35069897878517337,4.97977962856661
2020-10-19,0.022345021761073225,2853.3294748525664,0.0242041736631369,52.5495880274307,0.2059105168791814,130.8333751238327,0.2898820057953433,4.353075707100801
2020-10-20,0.020515928429884468,2610.9194855050605,0.02189716078725509,47.630272304029745,0.19117339306740816,119.07891496135886,0.26273927124246266,4.014911723112609
2020-10-21,0.021008042284287674,2703.575924555911,0.02252165264812752,49.07293682330229,0.19935569223897198,122.8440196653471,0.27058005096071375,4.173376283296788
2020-10-23,0.02285204844751604,2914.011391711493,0.024950881772044003,54.04091513429344,0.20950224812382837,133.89532594346727,0.29835950887337337,4.420514568344643
2020-10-26,0.02535831569062695,3249.9745182981487,0.028119470164706676,60.826928391113334,0.2294623863817284,149.75516408865545,0.33569420692352314,4.890747247746653
2020-10-27,0.030722414860194686,3867.5580383933084,0.03486913786905985,74.87430682553216,0.2569539662848693,181.91249369589326,0.4134317486453973,5.650433334672094
2020-10-28,0.03274046020266004,4110.850247712914,0.03745931403793528,80.26750919924119,0.26967728637240257,194.24419855312834,0.44338647117005486,5.959384969961114
2020-10-29,0.03248986193530397,3991.3285063401013,0.037104697478887796,79.17482932819706,0.25451602746375884,191.04220114350852,0.43770926473296157,5.703948580181968
2020-10-30,0.03018003014833383,3700.2768375377736,0.0342068786478873,73.01757145920902,0.23962913765542382,176.74289150112318,0.4038643287660758,5.315414971250486
2020-11-02,0.030350310005730956,3746.34295890479,0.034358991242088646,73.50007789946949,0.24351129952517536,178.3649066842822,0.4061919338710198,5.4094189611044845
2020-11-04,0.032631343955855485,4146.512739105806,0.0372751672655468,80.13290387930232,0.2754262029568285,194.5811832761302,0.44221470567453713,6.065931653698587
2020-11-09,0.02979151094873647,3691.3723540057345,0.03375148026174644,72.16928752150923,0.24451891080749588,175.4377876360718,0.39922314450014185,5.348337763026528
2020-11-17,0.03032770436333766,3682.4789383032867,0.03413294337391104,72.967521026209,0.23014135476067493,176.6410895967467,0.4027678724917127,5.2676347208952095
2020-11-18,0.03016473664081885,3819.410805370357,0.034029160633872145,73.30327738131793,0.2548987380754423,179.048100020908,0.4042586306935718,5.62240007042221
2020-11-19,0.03031212823755102,3833.3094244818453,0.03421708217695546,73.67925454938889,0.2552331351914157,179.8845498329526,0.4063633092553594,5.635531887134314
2020-11-23,0.031335391002000584,3980.8299648193147,0.03564656201771823,76.67747354114059,0.2661099617732342,186.32881511360603,0.4231539589287582,5.841070343416763
2020-12-17,0.030481600364768234,3955.0570406645097,0.03449113468123087,74.63883175365848,0.27183253028109117,182.8313163522072,0.4112908533907097,5.9059915948250685
2020-12-18,0.029116053112369013,3713.15785790951,0.03282136998067654,70.76132407955754,0.2530295528327211,172.91224734479982,0.39044373565066615,5.50047888536513
2020-12-21,0.02807049347613923,3656.303251599947,0.03144327785997852,68.21688108342944,0.25617288942565397,167.85471666947544,0.37582343397119705,5.513498937370955
2020-12-22,0.026536139682706024,3411.860606769921,0.02945063558788942,63.83945231855785,0.23715113719167183,157.08736679418914,0.3517313310106955,5.133456603452156
2020-12-28,0.025068458541690486,3243.0810982273065,0.027582308835284744,59.946614284839015,0.2304158504040332,148.55211747449306,0.3302505931294934,4.929935999890791
2020-12-29,0.025122408137253735,3289.7393266962968,0.027690595508712404,60.32661074358525,0.23649399841803148,149.5294874816659,0.33217316450260115,5.032505452843328
2020-12-30,0.0253165359265792,3319.4276897498307,0.027916245912024178,60.83528236758849,0.23867018971038798,150.91702850222782,0.33493417246782486,5.080225495466461
2020-12-31,0.026673820784523277,3448.8361892868393,0.029398176238754424,63.96216320796863,0.24001603784020709,158.5648160466203,0.3518541436207575,5.226665994995156
2021-01-05,0.01655442087407966,1175.5214810794778,0.01684164292193367,32.808975039416474,0.03360952198651049,79.94464854144947,0.1867848585122521,1.067656258247733
2021-01-06,0.01669051513040385,918.9937957896532,0.016967293060335835,31.971818510698668,-0.00756262271136238,76.3150178181871,0.18333959833665225,0.4191010643581149
2021-01-07,0.018447409544740098,1079.5811486241485,0.019185234118074882,36.408840259779325,-0.004832011679671537,86.30253625628697,0.2081134150056568,0.5645078521611384
2021-01-12,0.019319989468103024,1433.3841164019213,0.020345790569358858,39.83755052688096,0.03853850115473068,95.53001770803098,0.22600258450093147,1.307341557475949
2021-01-13,0.022496521012087867,1563.400811885475,0.02395156563183757,46.69512461361648,0.013306061524799797,111.26142163540904,0.2638236946026011,1.2056175417939772
2021-01-15,0.017622431477408714,831.9734661613592,0.01807681092454244,33.513722509281195,-0.0327106876130569,79.01417301777619,0.19267208446435638,0.07760997304049932
2021-01-19,0.018217066473331357,616.2682725236097,0.018609591616498496,33.62605754003469,-0.07611326959727273,78.16375370505014,0.19395286553149685,-0.5230979675031092
2021-01-20,0.016587922021670583,498.96483664949096,0.016796615129603662,29.925035877302037,-0.06954972364265988,69.54240964471968,0.17399745409699702,-0.5968996604187582
2021-01-21,0.016263358263899824,415.39589609537313,0.016497415099242498,29.01927007309254,-0.07678293137748746,66.74275485530116,0.16954499893375424,-0.7654553584554179
2021-01-22,0.016181825964314018,326.10532617506993,0.016354894292613806,28.424258344954964,-0.08993905204409956,64.9823696792674,0.16650724661484367,-0.9711316254917767
2021-01-26,0.01989809990511064,1099.1600298027593,0.02106457751167394,39.65983961387378,-0.01903410481486705,92.74666374023853,0.22698979091298055,0.4021482704223184
2021-01-27,0.016218365230776088,421.22763289199264,0.01650329606074107,29.031327416688782,-0.07476860789665338,66.485115262739,0.16971903959574766,-0.7501429082493459
2021-01-29,0.01941365301924909,602.0111894791117,0.02003842929214137,36.041851810251146,-0.09463806372590003,83.24209900558199,0.20775344206841145,-0.7235160910025649
2021-02-01,0.01587918968565681,710.0255096307957,0.016090521517843796,29.561848559462167,-0.028077489033048405,69.34109318217958,0.1709176079211629,0.006307817570960078
2021-02-03,0.014904587282488915,600.3183272429195,0.01460957075786797,26.693748624821776,-0.035737810395961675,63.386530292488864,0.15429039556443194,-0.105072138636636
2021-02-04,0.01552337983312046,713.143624951253,0.015507801804783351,28.621153751185776,-0.023934546277636796,68.21926266702056,0.165214226432515,0.07745982634621501
2021-02-05,0.016274600599512815,792.4719472146498,0.016571460836360723,30.716831271790667,-0.020050254188023232,72.52627484600588,0.17715535615714326,0.15600485409142875
2021-02-08,0.018405742029011823,1071.0214119279785,0.01921909924781171,36.416831471604745,-0.005584244988119607,85.58107446663563,0.20830366774522863,0.5401865943795696
2021-02-09,0.019106011515142213,1082.762719616479,0.020071762157178912,37.93491011100268,-0.013153380121878932,88.62527384522099,0.21691105373314132,0.47101726103068114
2021-02-10,0.018811703884889765,974.8342525188325,0.019788333881065504,36.94566979976312,-0.023914406118414357,85.80622212574347,0.21216730593154468,0.24157151673426233
2021-02-11,0.01877465762862896,896.4803068268469,0.019724977055085316,36.51384906271168,-0.03535523891134876,84.47583518388369,0.21011271319832456,0.05533917241436831
2021-02-12,0.021131868753978968,1010.2456491887857,0.022736817302080273,42.09824569313522,-0.04711209312313128,95.92735537694789,0.24185839427329855,-0.004324204479569993
2021-02-17,0.02352642084598311,1003.3493581872685,0.02569532642758079,47.13311820701293,-0.07895497933708454,106.16718204535329,0.27086343851984973,-0.35872961532876557
2021-02-19,0.025281022696042387,1174.2442912401075,0.027794453211997854,51.44148851149881,-0.07520021924742142,117.46916948666137,0.29463730218843814,-0.17595391713070804
2021-02-22,0.02330652311933605,926.9355576874368,0.025280135125743914,46.17689856639215,-0.08995502030230285,104.58390444456322,0.26535857919630507,-0.5052969745743807
2021-02-23,0.021732212108929963,574.8566347194277,0.023357266281567993,41.39117016388867,-0.12213661223139521,92.31082397291135,0.24001263837890868,-1.1522275656655505
2021-02-24,0.019858835521768318,467.94579711229306,0.021010722837483467,36.932088095085284,-0.1141725059227266,82.711417730767,0.21495432663839895,-1.148360917127303
2021-02-25,0.021581005860622927,730.5695636083632,0.023153157233183067,41.70852852921022,-0.09720442796055942,93.97018556750697,0.24083759668129467,-0.7463740673301735
2021-02-26,0.021055619118200773,550.2141606450722,0.02249199064757619,39.82802351771368,-0.1178854493737472,88.94585556717793,0.2310384232102582,-1.116033089941321
2021-03-02,0.01989009328032761,820.4843929570325,0.02095914476841555,38.35620636693435,-0.06228619049777443,88.58183995404954,0.22085696672135735,-0.27607374696552134
2021-03-04,0.0204327109740567,1013.6054333013371,0.021686928888617785,40.401538100864585,-0.040114514216591124,93.50158922089472,0.23155127857865826,0.11728161235400217
2021-03-05,0.020886270813858486,1143.0510940195834,0.022259626081429992,41.911956850829704,-0.025954559171589973,97.51984927721747,0.23955182600489283,0.37206514524920586
2021-03-08,0.02054128733633502,1240.2236408703404,0.021856395778197094,41.62175954004706,-0.006697613744663605,97.45738304832012,0.2373560550062088,0.6580489467028663
2021-03-10,0.02296555664307863,1325.229929831811,0.024841525249081568,47.08733877355155,-0.02498059548170722,109.33070544846974,0.26829671966061247,0.5272121251414856
2021-03-12,0.023277250280868113,999.1368624081118,0.025421874925487406,46.600049641559984,-0.0745079079558208,105.31182787024512,0.2681014337539957,-0.333785044957066
2021-03-23,0.02270699705029946,777.1366183951845,0.024661555466443757,44.39988683825778,-0.10167839763176888,99.5982285048769,0.25655955446161016,-0.796648865981783
2021-03-25,0.02104179752259803,778.6794223232398,0.02274251169499725,41.02843186382194,-0.07685008299315307,92.14216997769172,0.23771624302158648,-0.5666130142765509
2021-03-29,0.02387169844877841,1162.0233744632174,0.026150970043175566,48.52235744628138,-0.057166109167262655,110.62303575519991,0.2782487090563288,-0.014598718146513173
2021-03-31,0.02103793114521174,586.6455307797876,0.02251377207333148,39.964831410657624,-0.1100916633235583,89.75149696711082,0.23192575074742194,-1.0241004682750574
2021-04-02,0.02197686503573614,634.4503403099538,0.02364408857032867,42.12497588741657,-0.11586837300849541,94.59146950483063,0.24392109370202458,-1.0372219918887242
2021-04-06,0.01857373502892086,485.3660802912963,0.019430000732611946,34.303450676541196,-0.09524130877409177,77.3072870047345,0.19970814796167802,-0.9255878246624885
2021-04-14,0.023558772416145502,1030.8140481658033,0.02575841814273746,47.312671469402034,-0.07343892807368188,107.11660364707032,0.2719907164096479,-0.2943216690066802
2021-04-15,0.02554402421614348,1172.3917511552113,0.028313524772748788,52.24389789340686,-0.0767761020930281,117.26489674338616,0.29974587932337493,-0.23447506105851684
2021-04-26,0.025434650327265877,1462.434586387656,0.028111051328914772,53.11968592966195,-0.0314132733585304,122.01073447304793,0.3030284678102759,0.5035993690806153
2021-04-28,0.025663282311110886,1276.7490199549216,0.028438263961507664,52.88219885838563,-0.061831911390275204,119.89827030768075,0.3028735065906187,0.009985358612097789
2021-04-29,0.023122919548167437,803.4818199476003,0.025100715974735836,45.313335816362255,-0.1048127505527988,101.97188265423435,0.26135069416846823,-0.7858590996216398
2021-04-30,0.01960798704766833,302.6239446798224,0.020700692106365208,35.697137959329716,-0.13537462520468926,79.26293083552994,0.20888920974680766,-1.5193671303045713
2021-05-04,0.02125470679249584,766.5094980456072,0.022779051639933046,41.189549651775046,-0.08648125953142287,93.21884141181528,0.23781460509021912,-0.612642436259754
2021-05-05,0.02130612873355192,753.4853185801919,0.022846500134304823,41.22888176220185,-0.08816809207781584,93.53518111466073,0.23824303084526255,-0.6504098240422083
2021-05-07,0.023334522831987087,1026.7736572132862,0.025356824728456084,46.6975807423999,-0.07425746595730441,106.16954533406852,0.26794067534894234,-0.2656706149145368
2021-05-11,0.014222464016848565,86.42363178472898,0.01383842928278429,23.165045365431013,-0.10255260611343654,52.947218462978306,0.13734464743927652,-1.2789686626606933
2021-05-13,0.01370748000031264,70.14482069695745,0.013246362108712412,22.050834075742518,-0.09724398681024998,50.740499265095096,0.13122617626697308,-1.248759352214714
2021-05-14,0.014414143443864215,140.41163112318145,0.014080640318586695,23.79692179420723,-0.09650924530745168,54.69103314591731,0.1407147172602616,-1.1727247930906786
2021-05-17,0.016411365743407062,438.46259750147686,0.01666436436991463,29.390679426943738,-0.07459317420127846,68.01848117387468,0.17160756061754262,-0.7264587185271341
2021-05-18,0.018804132534775687,743.485316767802,0.019664945785807995,35.7828584112492,-0.05868889782700858,82.84552687487772,0.2067189748630528,-0.3152803381732783
2021-05-20,0.019325459382530736,720.4497965558467,0.020356127579125447,36.8557913673032,-0.06860901562911743,84.48129535310865,0.21311215999461913,-0.45004986127222757
2021-05-21,0.020859005034771852,1044.0684104221054,0.022277589009330582,41.47014453947662,-0.0383232686328136,96.28293496131246,0.23793500690015815,0.131095122570172
2021-05-24,0.019094701725313173,741.9119921642622,0.02012475999362527,36.51913482264554,-0.06142290955391442,83.78609942474746,0.2112343354563332,-0.3683445469860407
2021-05-25,0.019733588693954078,861.5170874592184,0.02097771134466048,38.452572012570464,-0.05081687946619953,88.16361528741739,0.22182306771228064,-0.16881520796180963
2021-05-26,0.018987898491158915,891.7453163004457,0.020020628765797115,36.95697968991899,-0.03711300189098271,85.63886295032076,0.21294429242993798,0.01374248935741948
2021-05-27,0.0204887743509648,875.9113161087715,0.02188018926547235,40.06465229055769,-0.058451736940832215,91.78845992282247,0.23096689527447833,-0.23667108299777062
2021-05-28,0.020768011027771115,866.5200738403336,0.022239182383803388,40.613983305000346,-0.062404898286260065,93.07685382460579,0.2343338381105268,-0.29844724673732415
2021-06-01,0.015479993215841866,164.78527947214923,0.015637496014924417,26.43046358941106,-0.1023176293444302,59.56204032523652,0.15652917085467544,-1.2796703215258942
2021-06-02,0.016486887643958826,277.67651483117623,0.016836258820394592,28.978370852657605,-0.0989357133891382,65.60624817308745,0.17038254793746893,-1.1399830477330257
2021-06-03,0.017941186357274215,669.8427043896897,0.01869465916092926,33.76833645551715,-0.05737745677819653,77.8750953743203,0.19583886892597716,-0.38265999638428794
2021-06-04,0.018669117237942207,940.5359938699302,0.01954466507719155,36.39370553046717,-0.02715407529135542,85.10123818583925,0.2091329571502712,0.18459027299719655
2021-06-07,0.017944079244128833,644.9367043046456,0.01867772695632515,33.674312724747544,-0.06279110867992597,77.08923622697513,0.19521330489479638,-0.4456881097997239
2021-06-08,0.017938648635338512,641.2140913388938,0.01864988982567545,33.61419891913205,-0.06326772176555202,77.14727927514063,0.19486821766525145,-0.4517935848441763
2021-06-09,0.01844803212543557,667.8589589862144,0.019300869808016725,34.82249602985355,-0.06516843024398199,79.77125293909995,0.20176759953552353,-0.4589183071468119
2021-06-10,0.02157464670394346,1125.4862123224111,0.023210369820590257,43.405499286183314,-0.03549505630651095,100.17166448855323,0.2486103833726681,0.2251277687063303
2021-06-11,0.02315548852617258,1229.6239249507332,0.02531612758075349,47.348985670238136,-0.03687361967968229,108.38809642340807,0.27126900097930734,0.24932768820280432
2021-06-14,0.01937506733849522,335.66251537833284,0.020486969552434352,35.482275757446935,-0.12850254899984973,77.74032321945467,0.20739672417608504,-1.415545691692103
2021-06-15,0.017619288682789204,283.2047492864584,0.018264770546550565,31.43827146047561,-0.1125119833541057,70.29564545798591,0.18455358900774274,-1.288841276173556
2021-06-16,0.02074880820098964,768.9364675346741,0.02219859760685265,40.15930754937271,-0.07782625289899198,91.29299580986903,0.23215214895836778,-0.5364400774794491
2021-06-17,0.02293634978776544,1074.9928872341848,0.025024183727733337,46.211814293456364,-0.057705305647714734,105.10902226657339,0.26557270161386853,-0.09929494136516867
2021-06-21,0.02370564316297531,1214.5955162814093,0.026000794129414695,48.44514025270432,-0.04568158499068978,110.65667974943817,0.2777379749119852,0.13536104712548738
2021-06-22,0.020270654724914874,586.0835653288873,0.021705997041641233,38.478719328358885,-0.09679062991505852,86.32210303769845,0.2239867840386536,-0.9252076966184422
2021-06-24,0.022721800413490232,1295.2208386077434,0.024777131812015383,46.712693468950995,-0.021883994919843008,107.44121311928986,0.2671563054793496,0.4714530544714778
2021-06-28,0.02093757612907423,1149.647271103197,0.022501028801248737,42.24850364656253,-0.022242995173609687,97.7321081422268,0.2420795088193522,0.36905750893242784
2021-07-12,0.02120066462954978,1058.057165482991,0.02286515896557408,42.46503661883234,-0.03870709299530295,97.310883407252,0.24400233053661935,0.10353049376520332
2021-07-13,0.021580014862574538,967.3772085172701,0.023379298201889488,42.902738715634854,-0.054803502229109735,97.8725101058759,0.24742171562073795,-0.17319398516096943
2021-07-15,0.027893328708115457,1610.466986571252,0.031383183907747816,59.166741812941254,-0.03461160275673682,134.58234288403048,0.3379871199103586,0.5092309556833067
2021-07-16,0.03018539286473336,1903.0878252204434,0.034212777667313406,65.26577543568166,-0.021256104629567805,148.93607606290112,0.37117973594797127,0.905149567335876
2021-07-20,0.024904563451235602,1438.4774564586223,0.027607972954944476,52.023595293710294,-0.023274246198126212,119.41515782936926,0.2976666309089604,0.5130372488284209
2021-07-21,0.024741222199122722,1493.7963112338718,0.027352028542504132,51.87921726502554,-0.015209527703317838,119.36258431233406,0.2961438822815975,0.673302449997827
2021-07-22,0.024661241617321167,1249.0436952127225,0.027287187156513446,50.71131286695873,-0.04995872721123565,115.17669164189186,0.2910511662730516,0.07999023584994028
2021-07-27,0.024827481911353862,1652.191591194328,0.027514020133669843,52.80524935956114,0.00784841550266515,121.79543947425014,0.300634271223323,1.0460817158355287
2021-07-30,0.03616014545565766,2473.0496851174958,0.042000904019628055,80.68760016337157,-0.0017520126605488212,182.1195065812355,0.458324866746326,1.4450276061908895
2021-08-04,0.020208264553897307,1155.6308237498254,0.021709537461484383,40.85601883456116,-0.009940912695606506,94.64043767397224,0.2344139251480397,0.47906422021867245
2021-08-05,0.020525793133102814,892.2034668853792,0.022134190860909703,40.44657872865952,-0.05256010566281202,91.73019649171204,0.23380042943005297,-0.21608873035037482
2021-08-06,0.021366468564449646,842.501904031298,0.023174813195233807,42.009144217669544,-0.07042595726403175,94.55085963064485,0.24314179936159172,-0.45640965938343275
2021-08-10,0.02570195719843339,1542.2154661145123,0.02862141803766483,54.20945953471438,-0.018829980606566595,123.87957282815242,0.30953919689193493,0.6512532425755782
2021-08-12,0.0301724694288792,1897.2987777399474,0.03434650472331862,65.35718930035021,-0.017975548391686448,148.09211761989118,0.3724177859282384,0.8844465581224769
2021-08-13,0.03236702108076712,1996.0337082423898,0.03704518629536859,70.41952848360786,-0.03254060250012964,159.27996935178595,0.40078635466669194,0.8176179111087178
2021-08-16,0.03014879368291421,1845.12547571223,0.03425641763863645,65.0360375909983,-0.0274198026742772,147.39638707638315,0.3705686960416255,0.7620106256039229
2021-08-18,0.026641173279884297,1345.5966291893867,0.02979567812883994,55.386611089158116,-0.0602899868369666,124.81176118031605,0.3175204538925512,0.03337292891310403
2021-08-20,0.027081556410300436,1663.801993072088,0.03029556265422834,57.61647460118882,-0.019445805148628516,131.73011008177696,0.3282335471374536,0.7573487878957603
2021-08-24,0.026171884957854434,1493.7822540305422,0.02911985084890878,54.91876915863836,-0.034238098621964856,125.37982146839344,0.3135496747801106,0.47035759035468605
2021-08-26,0.024440973063555815,1426.093778101593,0.026950198488095274,50.93618044555137,-0.02261562578432104,116.9569717306413,0.2909475944287865,0.549880088370484
2021-09-01,0.02487446158221114,1311.853714370009,0.027512541617397804,51.4180580047884,-0.04554349938142284,116.73164647193293,0.2944064850022384,0.20403702805140095
2021-09-02,0.025541551059535792,1584.6860339261661,0.028391327652537296,54.03749101667007,-0.012096200429104741,123.63053895790063,0.30804091280818885,0.7783688194173195
2021-09-03,0.02619564179670576,1684.0281334003184,0.029093453097941712,55.710841368417434,-0.007223487380451803,128.53063786214423,0.31674709249115346,0.9390889492857154
2021-09-07,0.02358578194228729,1094.8526907918326,0.025766361183309546,47.612169830093585,-0.06472422157220477,108.2606580457895,0.27323155125396315,-0.13878730129552205
2021-09-14,0.03070832390893477,1594.2702521829847,0.03485663650170651,65.12657008807614,-0.07694787706654017,145.8642364376595,0.37188820043216253,0.06565588422288607
2021-09-16,0.033641722919746875,1792.5477423093864,0.03871245370385889,72.38261737493319,-0.07862264493860778,160.903303952565,0.41350934691188457,0.12841543367727332
2021-09-20,0.025458872444522006,1122.3068884292097,0.028187084352030305,51.790670645299855,-0.08187003147100452,116.82734626860079,0.2975865013522191,-0.3406660328763377
2021-09-21,0.027767163738183567,1199.4820978303978,0.03077595781610449,56.77239090040259,-0.10819603494413468,128.59308756161127,0.3244355403199099,-0.46401441502419283
2021-09-23,0.02803095407434293,1247.4326773886587,0.03111052541470685,57.546372110227004,-0.10443519691257153,130.39206441553995,0.3286049392921906,-0.3841024675027217
2021-09-28,0.020846078530141362,563.2700284762651,0.02246496720021146,39.66880070201825,-0.10738873662456228,88.02852522099664,0.2310515877635088,-1.0672783625952842
2021-09-30,0.027897505036612563,1479.1660953153403,0.03137492988549964,58.63672741639544,-0.05592505870981737,132.2444191847335,0.3355092194272842,0.18343236501201793
2021-10-04,0.023119365615261893,896.0694795035473,0.025249130828037418,45.83730277840137,-0.08661271824291178,103.27734454513188,0.2645270654984445,-0.5650149393660645
2021-10-05,0.023112498309386047,826.521858649701,0.025132464821480502,45.429127199694456,-0.0999523248056608,102.27161796536912,0.26209130698641087,-0.7298323005254266
2021-10-08,0.02749826020454956,1570.5639315317505,0.030813922194811636,58.10875215535807,-0.038711903312207856,132.14382728162767,0.33163897985448326,0.46880831378635535
2021-10-15,0.01925815518113462,626.8436682719451,0.02029410542123051,36.45464566894209,-0.0864021100660208,81.0501529629296,0.21079343752385862,-0.6832105420994774
2021-10-20,0.03101056373845361,1770.4049117913466,0.03542873884923751,66.64478981198683,-0.04676616587173218,149.5245326268284,0.3807695269988524,0.45080362749838987
2021-10-22,0.030848857391191923,1477.7365968586573,0.035199145277382445,65.04804575919351,-0.08965064285581256,144.43896842295828,0.3731695976850946,-0.2461311968459847
2021-10-25,0.01808470083166193,42.876130034755505,0.01893716496265663,31.617974560265566,-0.15710264844193347,66.88457623534067,0.1868061060058163,-1.962385007425867
2021-10-26,0.018216202403121932,393.91286408017555,0.019106366269910163,33.29360346826666,-0.10204575981466318,74.2351523847201,0.1948751733155873,-1.1083227209552395
2021-10-27,0.02143964220299038,971.028013131017,0.02313435040057519,42.58621269632835,-0.05585222627804011,96.84830229082495,0.2450618080869455,-0.1438374636851652
2021-10-28,0.023744367004722686,1346.1870010619384,0.02606203746697766,49.12487193636939,-0.02747707124604122,112.37635901446735,0.2807399487101671,0.4503423754445148
2021-10-29,0.026113261715930685,1469.4815616201704,0.029064880231799116,54.79744573332596,-0.04063687646779259,123.38125172130829,0.3125641271700256,0.4093853252901989
2021-11-02,0.03187156117531776,1753.9973748150012,0.03626785408117298,68.22737277868676,-0.0683367670148999,153.83655645257403,0.38869026509787785,0.29738866100676575
2021-11-03,0.03506375884722805,2053.528771281409,0.04045202602089777,76.45988933112896,-0.05768134679802325,171.74582444536824,0.4353916349569633,0.5731941071026398
2021-11-04,0.0396078834724166,2402.2977899788393,0.04640207326420879,87.83649258139098,-0.0538804244385648,195.32880499359882,0.5003955773227337,0.7753939514683018
2021-11-05,0.03587185501772386,1606.2167548666332,0.0416046148760368,76.42755156496709,-0.13083926540903335,167.56394996308683,0.43861651853253464,-0.6504876379537615
2021-11-08,0.02039977950335454,506.3361988630767,0.021811809733420964,38.385549429142635,-0.11278432859564405,85.35304135693151,0.22356459542645185,-1.1389868927612448
2021-11-12,0.025410829867042364,1222.1519354324341,0.028184580340095123,52.17402557064933,-0.06522093574242198,117.83113834880704,0.29939110483835557,-0.09204112705923848
2021-11-16,0.02643038877604391,1483.7816564999946,0.029361820563926326,55.36096576245471,-0.04164780943442828,126.32470703680103,0.31573545588212937,0.41234303373106657
2021-11-17,0.035706789705179806,2593.301870631681,0.041194339755748204,80.06069004954551,0.012812548839980757,182.75551981390396,0.4525273592102698,1.8131505242805566
2021-11-18,0.036346514459339285,2647.2534833830905,0.04207743022780766,81.7243759564266,0.01536491843538376,185.99470181278983,0.46222272249971413,1.8512452963244739
2021-11-22,0.02056591708579981,761.1894912830288,0.021986580104902072,39.759334806927235,-0.07653790295612549,90.30394869185237,0.22992555054258262,-0.5310560772211405
2021-11-24,0.025653186035882687,1264.7892585144623,0.02842588496651225,52.81709430590843,-0.06378656223653931,119.57328815119705,0.30253334279228045,-0.018675659351685164
2021-11-26,0.01814756877250091,560.3185240596002,0.018879474852487897,33.67971109361382,-0.0784714206437077,76.83183034529233,0.19564984444063752,-0.678231625322238
2021-11-29,0.02306778981000542,1156.386659908664,0.025053074738455507,46.70019041686417,-0.05052909150837335,106.98108022056454,0.2673167255376651,0.09009821682692801
2021-11-30,0.030406285108041185,1909.346896312888,0.03449448862066855,65.7919362164519,-0.02401705570335417,149.61917256756075,0.37406797460481905,0.8866562702859764
2021-12-01,0.03279016272273628,2246.930458483259,0.03757029126424118,72.37995156340398,-0.0006010940905374716,164.85556458242638,0.41052917915494486,1.375150193647553
2021-12-13,0.026328067105682005,1234.2479395779017,0.02920128790454746,54.06231337363387,-0.07871596325411205,122.22184734390952,0.3096010989913266,-0.18602465461077577
2021-12-14,0.02896336741424924,1470.7863397984754,0.03258450393677098,60.77498165435451,-0.07474493136007711,137.00770091951998,0.3472461316699903,0.01648328859632489
2021-12-16,0.03782859210479803,2291.386743220053,0.04421323505010714,83.55299755443295,-0.04454568972860845,186.0773809838952,0.4768269320843962,0.7579865609176616
2021-12-17,0.022393046346387405,458.694736300836,0.024534481191108234,42.69713469755631,-0.14083614493599284,91.94156656711725,0.24954911412769823,-1.5557998166130107
2021-12-20,0.018313502121674458,367.561257278375,0.019294545297885914,33.454476953020055,-0.10549115749783425,74.223292190999,0.19625999641647568,-1.1906146761591454
2021-12-22,0.022964685609643803,961.6665334542589,0.025173610272320502,45.91672303440779,-0.07259947427736405,103.13261356221206,0.2649986444237679,-0.3897286142307389
2021-12-27,0.01731970058712553,611.4232250543206,0.018102823762952382,32.44270324447024,-0.05644754269877213,73.7395119235526,0.18897507233769512,-0.4542965513128907
2021-12-28,0.025995471738331836,1454.4243466850096,0.028567576285417975,54.03573394206532,-0.045658584685193807,124.5843255286186,0.3073356523709518,0.4183035500216245
2021-12-29,0.02342387473372618,1110.7930733456733,0.025557753559195255,47.330829275815496,-0.06057375623035965,107.75855355359842,0.27146635831707,-0.07647496008230933
2021-12-30,0.02264759363834733,1139.6684777020803,0.024538916002132396,45.74060123101491,-0.04725629330995909,104.97845838683254,0.26195060382119806,0.10837640512440566
2022-01-03,0.023344632444909075,1214.7234834084575,0.02547168726763087,47.61331058103447,-0.04370043234740319,108.96253795606127,0.27251501650524546,0.1899168487168331
2022-01-04,0.030458855660414987,1719.405800845576,0.03424042386045169,64.82264062739031,-0.06276580946415217,147.701800185632,0.3680463815941233,0.4265230392884989
2022-01-05,0.032023872004113316,1665.7278354241694,0.03619636379430717,67.96098086252921,-0.0918604716025577,153.86455888020143,0.3863295637943939,0.06984834387171604
2022-01-06,0.02421399135912095,817.7665730994058,0.02649715995650426,47.74400038339746,-0.11617955518603233,106.79115538446467,0.27536885191370886,-0.9084954172033314
2022-01-07,0.023760650388928238,972.1719989786393,0.025998450842468827,47.48615393778288,-0.08519303169860527,107.09698831222613,0.27328367234460393,-0.46691561666935
2022-01-10,0.02304361842493159,1353.2808999480405,0.02518484882857018,47.66742165257883,-0.01794788033503854,109.41551109408717,0.2722297323265847,0.5666544210174246
2022-01-13,0.03785024147873359,2648.078570317895,0.04402615970310438,84.9908421386573,-0.0012661502979600548,192.3651160621308,0.48144227954349567,1.6368719556471059
2022-01-18,0.02716283739074324,1676.1073842096232,0.030625078643809693,58.07308835431223,-0.013175420602791789,131.3249849019515,0.33174273103806845,0.7624192172810814
2022-01-19,0.029404714936885318,1657.1732365810851,0.033539031526350536,62.83890193808134,-0.03953029125624309,140.34381188986094,0.3601171730784562,0.3949835220494651
2022-01-21,0.02691339751741928,1226.2913000084438,0.030356231788021187,55.65968181805997,-0.07506433737905706,123.27499334955917,0.320906585148099,-0.3098412033212363
2022-01-24,0.02294484602739075,1370.7860764438783,0.02522043795548872,47.701157271630656,-0.01067717727431253,108.94304374709415,0.27292658019516963,0.6136461774613062
2022-01-25,0.02257581091738073,1301.6516964297227,0.0247523664214206,46.61387333590807,-0.01643407823244797,106.37128956467883,0.26705587870941977,0.4964217977160428
2022-01-26,0.024198184784149018,1344.9736538601994,0.026828238901225356,50.29750591175584,-0.029000412828196556,113.68014835676881,0.2882979808178359,0.37037288041223126
2022-01-27,0.029159026796615792,1786.711460730872,0.033155844485022914,62.82220173005171,-0.020567928653906928,141.35922346264013,0.35868890264045694,0.7499645066570655
2022-02-01,0.018340851715757226,750.1650455094243,0.019341916799669723,35.1951109238827,-0.050737423152848,79.66482858549665,0.20369849846117435,-0.2582813103357301
2022-02-02,0.013949637614577454,-355.52324868960767,0.013801199944698722,21.356162945452898,-0.1727594138382184,40.780716372335704,0.12896040062136088,-2.376927258401683
2022-02-03,0.016197534342332502,492.37021743519847,0.01667167093814861,29.55846982999864,-0.06253754139853582,66.78463889492922,0.17270400265671648,-0.5900633468370198
