time,Eutrophication Potential - EP,Cumulative Energy Demand - CED,Particulate Matter Formation Potentia - PMFP,Fossil Depletion Potential - FDP,Water Use,Global Climate Change Potential - GCCP,Acidification Potential - AP,Smog Formation Potential - SFP
2018-01-08,0.16548402316206184,17111.59618553878,0.20095666314952554,421.4871033906272,0.2173322388052167,998.5427505068564,2.2897821536064717,18.77672033654334
2018-01-09,-0.0006361578154566607,-1902.8873454072234,-0.010982223127062443,-27.938034352029547,-0.1510336017011415,-52.625540089529075,-0.14421480872640036,-3.306479201893967
2018-01-10,0.34309052960721476,37169.21912776131,0.42394801565129153,898.0574735036117,0.4450149277281486,2134.559396505889,4.850982822029684,41.85941298222765
2018-01-11,0.42950634856880704,47131.65324813453,0.5330025828998927,1131.8237544083058,0.5786035719170737,2690.502131491617,6.1064127480079575,53.51849033010111
2018-01-16,0.043206972875519715,3860.947225068948,0.05080694160230348,101.62739688654317,0.1139929172546071,233.34350763816585,0.5703389551588663,3.856274341150066
2018-01-17,0.045397578553750505,4094.490461857785,0.053642988736031044,107.32107457351071,0.12636146850779362,246.58313217229338,0.6025455789057054,4.120110753010071
2018-01-19,0.5422115003042511,59872.325051013206,0.6749016167284846,1435.9827910657282,0.6765380627727622,3416.8721033870747,7.735805919674202,68.06586948898824
2018-01-22,0.15386824173365435,16866.96273955386,0.1888108134831547,396.1879088329389,0.4703715701507562,932.3858425783712,2.1662150169907517,19.845609534066575
2018-01-23,0.03529344173067845,3389.4727327619635,0.04022135914149644,82.01665999430465,0.12887153009657457,194.6057525214313,0.4573774950486168,3.864382334564055
2018-01-24,0.03342205111282354,2994.733257803103,0.03701375588124138,75.31886673471885,0.07990578014587361,181.22473339570942,0.4184503074945781,3.222612284370853
2018-01-25,0.05079548115975401,4644.004425859351,0.058710556730404845,119.74823393075366,0.08640616907270841,283.76781536330213,0.6621588148317006,4.780225336247574
2018-01-26,0.06314191373642752,5707.548201910242,0.0750529699643203,151.83668694066878,0.09533278728204833,352.9834654635312,0.8426281817407502,5.562540754308098
2018-01-29,0.0976970982634195,9886.655894434522,0.1187537287228479,244.61868038424842,0.25282188015353263,567.2960734790151,1.3492094321917387,10.8342226664328
2018-01-30,0.10194957450960408,10450.475079908705,0.12388197111831933,256.0415049710189,0.2714125347451801,598.2323807163687,1.4099486608986596,11.61722898501432
2018-01-31,0.08799883636627341,8541.843151537676,0.10627268953204837,217.70409838545655,0.17457118340928207,507.05004529214636,1.2017316570824879,8.939240854789396
2018-02-01,0.07279615258566555,6572.338182080414,0.08749060800994907,176.62134456286392,0.10361406023575609,407.9684660916445,0.9809342596387066,6.284488706935806
2018-02-02,0.011567388405921,-211.71386408278082,0.00970512393892636,15.087213832803746,-0.11815464916269483,37.15607567803319,0.09107905482459351,-1.5601309290177496
2018-02-05,0.03335991753895548,2558.0548887705854,0.036923632912852576,73.41023440482348,0.011507418031372766,174.6783318210531,0.40959885988338696,2.1503580293708717
2018-02-07,0.03164453613988076,2294.4625581167384,0.03601125429803236,70.00059774528215,0.018324507986667092,161.30488162182206,0.39601971069470915,1.6632710410572047
2018-02-09,0.03278260083448004,1939.6957013908927,0.0362939498542276,69.78790978908917,-0.0770995013468582,162.99914740869806,0.3921387617562848,0.6938943160678566
2018-02-13,0.011232981188884147,-267.4434439108241,0.008397279650207843,12.723782021224688,-0.12053241082080504,34.342212868304166,0.07705274604002499,-1.554405245942485
2018-02-14,0.01226905402941382,307.1321926373801,0.009562920770540813,17.0584534776365,-0.043237088027202525,46.97296987425121,0.09898876034346023,-0.2651908453737113
2018-02-15,0.03038841107058557,2203.8219293037127,0.031733420347241456,63.39795143232055,-0.008496207692712627,156.1459980274103,0.3518036971263887,1.8443784424580787
2018-02-16,0.061012479327106066,5351.957042778153,0.06864796524448406,141.23530388375457,0.01365555100044138,342.54904432952304,0.7724522089352629,5.273643795298382
2018-02-20,0.03565776760339377,2697.1136839054843,0.03860681790969769,77.34925219382727,-0.00990907248807045,187.19685784506214,0.4285183428799919,2.2648306396392575
2018-02-21,0.06347895612360925,5367.5482260299095,0.0717966094481637,146.88937574697044,-0.02544806960368297,354.73236330867246,0.8037440500976694,4.9359797281135265
2018-02-22,0.07238989439103102,5895.117766450308,0.08305302373647266,168.941693523946,-0.08816804008115023,404.32547682580906,0.9242017751812445,4.90328709405169
2018-02-23,0.031119815647455282,1341.3291666080263,0.03303948438655,62.21572692301782,-0.15988479369392417,147.73801880803398,0.34899272356394634,-0.44809736509545034
2018-02-26,0.02052145409940195,223.3430100319194,0.019986953334900744,34.90023560208767,-0.17952697826864247,83.04198653190124,0.2001166048520517,-1.6909809925721893
2018-02-27,0.01807740896569107,-233.0122512140997,0.016505999102156305,27.07398390138252,-0.21552727183834272,66.0232520734929,0.15745666501046032,-2.420387418315317
2018-02-28,0.012408069723319936,-292.28228644400133,0.010140172234613064,15.609824258419428,-0.14186463344185182,39.638391569407425,0.09380257505256119,-1.8158459200179746
2018-03-02,0.04294673677665915,3210.560609153933,0.04899757105807092,97.00899365965253,-0.023984761529811847,227.3517986553791,0.5403990177390658,2.364102639811759
2018-03-06,0.016822233710268773,385.8737399394016,0.015896016909899217,28.275589742012755,-0.09729467363763146,69.32397068947593,0.16288098274984597,-0.7995496561867562
2018-03-09,0.011119704454845216,88.23877971572196,0.00960713777424061,16.03369390119092,-0.06407334331633092,40.37525953822794,0.09565294318573742,-0.798809169113869
2018-03-12,0.009098316622932024,-490.7009882288069,0.006709668914671871,8.757587489710556,-0.12739404449368671,22.605713432745826,0.05650955566451951,-1.9032051638984346
2018-03-13,0.006627197433567016,-871.9139326665653,0.003034519182393716,0.9527956638148423,-0.15227057312549216,5.545890683432769,0.013281942591823763,-2.4286149535953205
2018-03-14,0.008456683061300072,-417.1822630683322,0.005994475830670429,7.842468659164511,-0.10866104922680192,20.595953486615535,0.05081830656064002,-1.641049209097254
2018-03-15,0.016043169225140794,253.07360897321908,0.015117545122828374,26.340203441065526,-0.10658446613019534,64.05595190777427,0.1528240950676904,-1.0347154988925888
2018-03-16,0.01655196073707864,377.50773902235704,0.015761038893196046,27.957061159907152,-0.09419205257718954,68.10648658418062,0.16143043557149442,-0.8009877029001181
2018-03-20,0.013671264982643979,377.1305677511467,0.01175476406937985,21.099556891626378,-0.05393963733086773,54.92178144997278,0.12191213898418525,-0.3437162612758819
2018-03-23,0.027718810230389777,1721.4901851200518,0.03037801039715941,58.42887989965745,-0.0330549304139236,136.9075868690259,0.3299752596803816,0.8565918691065489
2018-03-26,0.021438406546294787,295.23748344820706,0.021288962958814724,37.393990090034926,-0.18010225171330602,88.79621264603892,0.21427302715226848,-1.6594351968104686
2018-03-27,0.018220299368258357,-50.111581646664476,0.01727907291428899,29.01686137127967,-0.18757240396728936,69.38600955439291,0.1684943654388251,-2.0474888538038565
2018-03-28,0.018381850380105452,65.40523902386782,0.0178733933296163,30.40512092123237,-0.17005038737623235,71.74535036815008,0.1765134542706595,-1.822415579596913
2018-03-30,0.028174099728731986,1355.5799645138118,0.029753729963295426,56.37512281817492,-0.11001783815157769,134.46638604945565,0.3169634812489968,-0.01612074310659564
2018-04-02,0.015022679369854033,68.50637085816612,0.01342508072995725,22.755376785681293,-0.12196102803212112,56.63475003867572,0.13272981964698016,-1.3023540601463408
2018-04-04,0.01658373963375323,154.66990330420978,0.015814961069641333,27.144902811283302,-0.1296578194546287,64.95861678297065,0.15790080426859524,-1.3588927809477473
2018-04-05,0.018084892895158647,306.98124718721556,0.01758769599028478,30.864871895039407,-0.1275145620678571,73.75897333055333,0.17811775051822357,-1.1894730419139938
2018-04-06,0.023909610756135204,913.2557152276291,0.024819488699334383,45.875310954379394,-0.11534840525902758,108.64484500071133,0.26037499549688087,-0.5278514372547652
2018-04-11,0.020072030891603136,675.3397968247504,0.020378605388661035,37.10206890200052,-0.09622236706889578,87.72071875403559,0.2123635415469068,-0.5941770179069723
2018-04-12,0.01800916286157693,461.4602629632042,0.01802787971431825,32.07465175850669,-0.09858191557705592,75.75039657373195,0.18535291445290553,-0.8445561147202806
2018-04-13,0.019484166192833923,312.3010962913275,0.01955010456141301,34.2158199542906,-0.14508024061847136,80.06687179770806,0.19757224203504717,-1.3983948467083527
2018-04-19,0.019695914502685527,537.9281374370973,0.019841163441903287,35.61420080193896,-0.11193536276825304,84.51546624141419,0.20455664363977072,-0.8716359761702792
2018-04-20,0.01796674462336429,356.9741542479355,0.01767212691527536,31.13606765935109,-0.11642809023152398,74.10743806478622,0.1798971778072211,-1.069580973171463
2018-04-23,0.02101072612028553,715.6256640192784,0.02071802084539427,38.0840826936951,-0.10660191340068696,92.65136646292721,0.21631136269325743,-0.550265895547973
2018-04-24,0.02038206856794324,510.27052903329127,0.02017512675312729,36.25915767381408,-0.12965148823577702,86.89661547029611,0.20725828741520522,-0.9923209810249205
2018-04-25,0.028814939773106615,1414.9223437865267,0.030337573155570466,57.721808187182525,-0.11221012115458505,137.7676016271618,0.3237591850487561,0.05561014222623517
2018-04-26,0.03201550108106554,1762.0999649783707,0.035288115430624614,67.31931786870062,-0.0934771740339591,157.6556104242966,0.3789901593196641,0.3717741249651217
2018-04-27,0.03131916547156766,1412.7641658254192,0.03445361675322689,64.4553555112656,-0.13869945602615386,149.2075129304615,0.3644089409203757,-0.3966606934391444
2018-04-30,0.01430750321747368,-331.4219843276968,0.012998784393519222,20.28423390624451,-0.17354400257400507,47.95659300282899,0.1213121489571211,-2.235284955396562
2018-05-01,0.023709408686738324,622.4573530436192,0.024131349532514838,43.637020262644135,-0.16051194942527078,104.19929348784802,0.24822893666544601,-1.1775168210086056
2018-05-02,0.02173693212492419,807.8160641152443,0.02237009326415681,41.07812579839214,-0.09771606120371441,97.83774925755672,0.23437714944370241,-0.4950706987285198
2018-05-03,0.02608482514210123,1272.9983520350243,0.02758124306135183,52.09504841522931,-0.0889262275835369,123.82663214503602,0.2941360909148694,0.04496246404973965
2018-05-04,0.02661518890735367,1204.6455250388324,0.02810753589382747,52.78687845464141,-0.10859546255815189,125.33313261968702,0.29805028259159805,-0.1895754826573116
2018-05-07,0.020134518134820274,535.1315486036206,0.0200132482985115,36.01847874854836,-0.12072982770098582,86.51557969957834,0.20614138314403652,-0.9071067629290365
2018-05-08,0.019420144203197435,281.09303685161694,0.019601612173171787,34.10825238025719,-0.14700944062418392,79.67455144514884,0.19753252610346034,-1.4758682094121638
2018-05-09,0.018046479126390444,339.9344877817237,0.01819725079243721,31.811215202048142,-0.11632914906439076,74.18454843501517,0.1848255732009524,-1.159989663920709
2018-05-10,0.026875386976913936,2423.422137179184,0.029136470374030065,59.22723601281346,0.08600933033528423,144.0038889750109,0.33051573090774833,2.730590731402347
2018-05-11,0.03367946121625216,3171.6219562093634,0.03722196331537962,76.44184445631628,0.10295944831560454,184.8629613464022,0.4237072714427205,3.632977857330086
2018-05-15,0.032820466349515735,3199.790408971348,0.036231934175501836,74.8020478426775,0.12058173266710283,181.42856640262775,0.41448566121179187,3.820431206082272
2018-05-16,0.03260719123348842,3141.943595327684,0.035962320301801395,74.10730903840069,0.11422970521298295,179.53022540275958,0.4107753307568497,3.707785289756186
2018-05-17,0.03404217572389257,3291.4122327294554,0.03764183147802886,77.64689209880771,0.11728086863521243,188.61432246499652,0.43002144728649966,3.882007669266985
2018-05-18,0.02684321473459518,2452.4647339607927,0.029093128756587993,59.282858752744325,0.09046786724985117,144.09660599615736,0.33061732932126686,2.8063009927933655
2018-05-22,0.031109027622710984,2949.7934573062357,0.034021645249312886,69.96545951384658,0.1058424644871278,170.53302249334968,0.38815268940736525,3.457439676071905
2018-05-25,0.01864763620011777,1450.643052251164,0.018840244579076886,37.555721249958104,0.04475984965495468,92.90282887336582,0.21138565552486824,1.5050008505134562
2018-05-29,0.01925033298667608,1566.45236260714,0.019208587737223597,38.735744475668575,0.05437456705487179,97.29521598626876,0.2170663119436957,1.7443877654894075
2018-05-30,0.02253863555473854,1934.6376538728898,0.023153364288663075,47.08309963216123,0.06614209449711135,117.17345508856297,0.26259903501514137,2.1978823589811527
2018-05-31,0.02706820504422401,2425.1144718497962,0.028882789068559143,58.97693884047986,0.07946612029450434,144.53334645527218,0.32796978985857345,2.7501545244403025
2018-06-01,0.01766732654735301,1620.9861862561695,0.017943416165962345,36.5902175035643,0.08724502653071423,92.28957081640435,0.20571173180621838,2.038958852386404
2018-06-05,0.02456990613005369,2106.0803478241933,0.02611143629564783,52.7910025518406,0.06587792711255075,128.64162990388186,0.29491761002997774,2.2876664695331987
2018-06-06,0.029812341576866134,2645.314411111805,0.032787555774636386,66.47035694428935,0.07866445896191909,159.74984383126986,0.37050984783558594,2.8552279762103305
2018-06-07,0.025455080188592834,2335.792134249923,0.027717280944768788,56.309016018715916,0.09406019503215785,135.92566936046515,0.3149985173414913,2.6853370694028285
2018-06-08,0.023335922144926018,2081.7522534857067,0.024994224910998838,50.6095741441427,0.08259395998287546,123.08676293187112,0.28354007119535735,2.368070807031195
2018-06-11,0.0007956726974056506,-448.6014951499976,-0.0032835471947915487,-8.040499692349144,-0.022042611527116927,-12.477126803200406,-0.041089204698144775,-0.6720285584471302
2018-06-12,0.00016932490208636225,-561.412928776627,-0.003973124410256443,-9.692219758243128,-0.03169144929012081,-16.320401537599594,-0.04992301888281086,-0.8715407342708876
2018-06-13,-0.0005802149114213891,-766.1621937074494,-0.004880256540081434,-12.063333958473994,-0.05486675252268942,-22.947163625272058,-0.0625858822118968,-1.2763810918684049
2018-06-14,0.005029728021971126,-75.37768255860763,0.0022219694105487723,2.8200931192470824,-0.016515870222919594,11.763923618934934,0.019967865335401676,-0.37003188251458785
2018-06-15,0.007983937625429944,318.66351702370076,0.005174250338333115,9.50923687647481,0.010791336998197603,29.067932497510398,0.05611969909588495,0.26775384144395664
2018-06-18,0.00217946668252148,-252.91118909148608,-0.0026251935507754145,-6.267812055869158,0.0053043950407689975,-5.699569326871381,-0.031182022795791204,-0.2466477108027397
2018-06-19,0.019892775248368313,1816.3930041712322,0.02043981860604441,41.78829630965013,0.08519114725152527,103.98207713087,0.2338121679337161,2.227125932355304
2018-06-20,0.012148181830576346,883.655388394437,0.011437139164790389,22.42369666530424,0.04198712768946785,56.60968959059834,0.12825186686266413,0.9569554627360797
2018-06-21,0.010850079208985114,438.1992807356009,0.009780809114948443,17.839385218461274,-0.013428745667155234,42.6990526243532,0.10381096737786774,0.0371181458466845
2018-06-22,0.011845293013073079,749.1182377197496,0.01098026964916381,21.088323761103556,0.025724950452691193,53.28095258833219,0.12128909388688974,0.6769308804385917
2018-06-25,0.011770640277871391,766.0390905952016,0.01058532005000454,20.551379600949392,0.028411309965235877,52.9543987674982,0.11766205939754154,0.7588434482685809
2018-06-26,-0.00034219388945707664,-702.8571266194965,-0.004810626029236527,-11.744292820249703,-0.0437711475646686,-20.940592634271017,-0.06077531935732343,-1.1216912697348052
2018-06-27,-0.0013255274837753015,-1025.5071684029413,-0.0065729783634247835,-16.157983449636454,-0.0737286109055844,-31.31790804245746,-0.08408454523327465,-1.7104497598844475
2018-06-28,0.021643868171743748,1552.488182064046,0.02240073140736635,44.14308044442237,0.01964190694437568,107.64813871060286,0.2482764384920347,1.3448972349394774
2018-07-02,0.020394992374116985,1982.382420017464,0.021989633887164833,44.8048012368498,0.1118345272774342,108.79355494469566,0.252246393167671,2.4845563733567073
2018-07-03,0.02553152291454529,2383.566837886839,0.028582318972691974,57.58886736745672,0.112630389209123,136.0223741188368,0.32451627018519674,2.7355477618396895
2018-07-05,0.011376090375689306,806.5049139709337,0.010654011526156068,20.721316996462043,0.04075367976782436,52.46602633096087,0.11916111642883612,0.8589975262977968
2018-07-06,0.013606404699763574,1194.4024516451825,0.013486088976041383,27.137521342864,0.07258415280685285,67.82383322237072,0.15413007540070456,1.4965260726153418
2018-07-09,0.011004572617051208,907.5651579694326,0.010399277579587161,20.690257677354293,0.06010700740894596,52.6438171549263,0.1185248177737086,1.1380411787294944
2018-07-10,0.012259423788073332,908.2859464627433,0.011688483467886321,22.96746117401828,0.042964912135234866,56.97468478640122,0.1311912618050047,0.9873455063199468
2018-07-11,0.013458540747843334,1401.7744193325323,0.01324488924135878,27.696217764951005,0.10159795531607271,70.79068037460395,0.15552115722062157,2.0267175389445744
2018-07-17,0.009141263754904757,448.8729928475292,0.007688935023883051,14.233084246487097,0.01319570913586558,37.5145186927683,0.08341458587916235,0.30923037411218784
2018-07-19,0.008848316129459613,-768.1803035499888,0.007243582622944127,8.284148950814187,-0.16218218836944095,17.2451713108045,0.05684088789614022,-2.6319512045166555
2018-07-20,0.02096211348035962,2029.0628544202732,0.022494975242737143,45.96008251518388,0.10876579289384472,111.77872183154221,0.25804039107151555,2.5344410959889454
2018-07-23,0.001105763208621234,-1591.9877024471693,-0.002450963686167731,-11.576489949083175,-0.19426452206300293,-28.048514504994557,-0.053656966609964635,-3.5717933355366718
2018-07-24,0.03217594996545768,3856.988649465319,0.035538278109987186,76.34057065918685,0.22855791480261473,188.6936677355641,0.41964914692084276,5.5213338282328595
2018-07-25,0.010936846291409797,414.1914259590454,0.00999238005265757,17.95746904886637,-0.012485293013023951,44.2217916772407,0.10547883356708267,-0.03326930216223242
2018-07-26,0.013895251900625348,727.3424232590502,0.013333002616355952,25.010003354117877,-0.001969182882578805,61.830165243436745,0.14403324614982516,0.35690629250281986
2018-07-27,0.007984050995497533,148.30361487729027,0.006263394960248253,10.530358249996867,-0.017161727495844204,28.11935875573762,0.06390101141939684,-0.2686084665431428
2018-07-30,0.007129101038756741,-1.4356048736990832,0.005046605071630208,7.876020879305601,-0.03008460180155439,21.937661997436617,0.0491653047208436,-0.5031978447291097
2018-08-01,0.020903406181096908,2859.9646644524205,0.022534435507882884,49.73708477941082,0.22383917901093042,125.61684215943244,0.2735771502191334,4.558400854737
2018-08-02,0.022085949848845956,2975.4276260334154,0.02406098696926507,52.79333401279391,0.22738707108716416,132.24555250336806,0.2907238379633317,4.671980213605074
2018-08-03,0.022700028434495676,3048.46888738093,0.02476606448864843,54.313766938008186,0.23056740994689187,135.92319891153744,0.2989894754369835,4.771099634660233
2018-08-08,0.022860298034053126,3091.7730206336696,0.024968638648890592,54.836042236937885,0.23527310976703794,137.4494987989379,0.3017742956350894,4.855321101446538
2018-08-14,0.02828888550587903,3715.946770483091,0.03178227293527558,69.00643128536282,0.2636799682611337,170.03097457033851,0.3802602475504898,5.625268820770274
2018-08-16,0.005679254632424072,-172.93393171457797,0.0032011054417950507,4.015441199041719,-0.03767162433563575,13.51703678191271,0.027859681231774083,-0.716377933715402
2018-08-17,0.006016413413542906,-145.65090276165284,0.003612511938073982,4.811055325078865,-0.03682382060801315,15.537559820481391,0.03240821317913643,-0.6939609622063037
2018-08-21,0.007107228320179432,-65.02071890976455,0.004985376324085347,7.466900587894659,-0.03744161192874687,21.351568783265627,0.04740064067698706,-0.6492214776810022
2018-08-22,0.009403662405638495,93.64972158798692,0.007917274706543855,13.082411965314874,-0.04069386888997236,33.37373997725988,0.07917790730236816,-0.5872300639318568
2018-08-23,0.015384155569194695,664.548869445398,0.015482045709335205,28.27303142374872,-0.026040538478160898,67.4123160689685,0.16410087302839205,-0.030936154494432967
2018-08-31,0.010308735239916897,-47.65255842323617,0.00906575902525496,14.444578893676184,-0.07336806908657548,34.51687638025396,0.08791590905577526,-1.065952936613426
2018-09-05,0.015721904289926817,624.1762635356339,0.015465340718225739,28.26310016349427,-0.04172075490800095,67.96509786235468,0.1631293871414172,-0.14324562355086493
2018-09-06,0.01753882428475156,864.4892048285578,0.017777261560080068,33.182909438216946,-0.027330724158702382,79.73205477781836,0.19028504586756087,0.18908847470140122
2018-09-11,0.010725922766436037,130.45081647586386,0.009486189400504061,15.939956672399996,-0.05247920909281965,39.070833917090155,0.09528659215261277,-0.6770909750226995
2018-09-12,0.01136884613659075,143.96689273557135,0.010330592100165388,17.396040646588762,-0.057017578323036014,42.27180353134819,0.10385670239135937,-0.7361777668430419
2018-09-13,0.0120717379274349,17.547456873404883,0.011089369080423952,18.18171002099121,-0.08507758230781398,43.37622326398566,0.10900747327542401,-1.135296075822347
2018-09-17,0.010553826484781516,166.83623542587878,0.00962860143095481,16.200038477445098,-0.041274155288307406,39.30227411501834,0.09740938536313039,-0.5930378378779397
2018-09-18,0.011255784164979249,85.1966432786058,0.010310977173117623,17.067393331191546,-0.06312417392320763,40.94791477110228,0.10261201583128111,-0.8750041493073476
2018-09-19,0.0116578585753438,-194.20995139482343,0.010528168119923872,16.352522202380598,-0.11218343067957252,38.3396049006076,0.09961432356032304,-1.594629826028126
2018-09-20,0.010259965861584022,-62.14438348297005,0.009122112515837453,14.405446972465676,-0.07242148266035035,34.54962571072779,0.08822707010048114,-1.101801289746299
2018-09-24,0.011370594110256175,107.08207285677535,0.010456376842955362,17.412251641413405,-0.06151730458553416,41.68034181876589,0.10444282572917589,-0.8380901384678493
2018-09-27,0.008764576227953258,-479.34263639583634,0.007195714538476583,9.398673815939784,-0.11730252707224614,21.6327746176751,0.06164231285930457,-1.9134337616430337
2018-10-01,0.007297571580601977,-500.6659924698574,0.005317064677903614,6.151479755812264,-0.1037549023460039,15.199270169633346,0.04274347400431406,-1.7563379038309637
2018-10-03,0.012846805157314274,3.439785848259617,0.01206067369998821,19.776411703714952,-0.09688806295275759,46.40664224599223,0.1183165996909529,-1.2802038319176994
2018-10-09,0.01234869211105452,-3.752216382765515,0.011594983969362958,18.925625735176148,-0.09161241508415786,43.68998287689727,0.11362259591675992,-1.2436475136937037
2018-10-12,0.012563104399644738,-118.48118329137249,0.011835874644814757,18.845394373820334,-0.11097665594221554,43.0291659139415,0.11390074404979168,-1.5526694634992622
2018-10-15,0.008736971933795454,-62.99468531551162,0.0070329706208410595,10.954143311945458,-0.05718580370213005,27.814348152288787,0.067605076622596,-0.8759925235562287
2018-10-16,0.011207262277238894,168.77593179366866,0.010162940286682694,17.208045418181563,-0.051206570491072446,41.968540921851464,0.10266289004021785,-0.6555990635041664
2018-10-17,0.012810995129728516,139.964712012214,0.0121787069957506,20.494026017697358,-0.07448176878143245,48.28479668909097,0.12199290535116487,-0.95296498191263
2018-10-18,0.012660563899625468,127.48506899358912,0.012007441953662117,20.14607202809826,-0.07442443906371844,47.42584433099678,0.12008131832813158,-0.964041901134387
2018-10-19,0.010088169853569298,-52.76162669691753,0.008660881162735919,13.758010736526993,-0.07157518678027475,33.747237643681416,0.08381598685291773,-1.0340943297951595
2018-10-24,0.014084874253290613,23.82516081533059,0.013482113313637092,22.325514239766058,-0.11032092702732467,52.16321689717112,0.13266728309173517,-1.3942444001143486
2018-10-26,0.012554689102531843,120.76216238327245,0.0118924887658617,19.92295227928427,-0.07427558873502796,46.77034986098737,0.11882907307819052,-0.967778492543533
2018-10-31,0.008104124643928982,-480.3221423472955,0.00634855950515902,7.993054140439397,-0.11090551771378446,18.57787399775774,0.0532761527602732,-1.823424038356148
2018-11-05,0.01736226278270608,681.7514822630679,0.018133934029550693,32.78826177883636,-0.04611529035831989,75.31752164972653,0.19056023951856682,-0.28402877785812236
2018-11-06,0.015714681667645062,528.4501289986736,0.01601404224392376,28.56162034991736,-0.04942019508471704,66.2940406581272,0.16687883310800755,-0.4233329637789399
2018-11-09,0.012219470040818773,-30.578076970450024,0.01151415808560817,18.609054129683408,-0.0916196686037847,43.17643680429645,0.11235240645397593,-1.2948868768700204
2018-11-13,0.012481261858835552,-22.31080064366404,0.011767293327964397,19.10412447966067,-0.09444186263342219,44.430456721058476,0.11498418612577363,-1.305454072291095
2018-11-16,0.020127306914041635,841.0184416279226,0.02158853922228978,39.291110283333985,-0.05444727073697723,89.9395730955667,0.22748771675035162,-0.27876789013688985
2018-11-21,0.010449426437849867,-209.41315950924297,0.009430371371884337,14.288176808507075,-0.09638187985629922,32.695380550797296,0.08859021571497032,-1.4980597070499084
2018-11-26,0.0072316102607833535,-388.3160479832271,0.005065314299235861,6.250982858250003,-0.08737469057342126,16.552832685484546,0.04228498482412565,-1.455250242078333
2018-11-27,0.010888310310690045,-280.55386921332865,0.009804917975146814,14.677795769744886,-0.11362249571298744,33.59422247738008,0.09095540929185571,-1.7194274253683004
2018-11-30,0.012403760076312161,-32.42456479229864,0.011828203859320508,19.123787566958523,-0.09423029636581721,43.490434453832734,0.11542396885539627,-1.334563215892986
2018-12-04,0.011099537032359165,-109.9224386335549,0.010329629893341503,16.185247868002463,-0.08778542605801573,37.03601103816796,0.09927452859740143,-1.3506680253880674
2018-12-06,0.015644372775778518,601.9531320059275,0.01579913767127398,28.549059120388808,-0.03860335217698036,67.53127239259459,0.1660818628144337,-0.221003821547189
2018-12-10,0.009523308974661606,-308.34434429912835,0.007996310440530886,11.532567640489424,-0.10236201274043655,27.449585125840994,0.0726199268199028,-1.5868582932558677
2018-12-11,0.013726086326052236,148.0384563184043,0.013511405236110626,22.702573345014496,-0.08174437327881846,52.16174328494562,0.13529639388325584,-1.0767623410575948
2018-12-13,0.0170988856743415,409.7416144802441,0.01792967082644993,31.17952452279992,-0.07930424985222068,70.12369397979262,0.18361475350213943,-0.9212173000861352
2018-12-31,0.0022428669060316543,-446.7750465787447,-0.00021660871642016006,-2.8816030177944003,-0.04542796171902525,-4.412646554241861,-0.01067001483061151,-1.0129718183857424
2019-01-02,0.002298515716888647,-475.19904599490593,0.00016157983988380727,-2.396213090595339,-0.050795590972547336,-4.797222964104984,-0.007418023927596993,-1.123815607776191
2019-01-04,0.0036339738645480065,-325.1460470838111,0.0014918660732418543,0.438333275841038,-0.03976289972137998,3.1837357643334743,0.008373157537368973,-0.8982621260597838
2019-01-07,0.007163002393481675,136.1996497463449,0.005384278671457832,8.999416529132217,-0.01052892318294056,24.451268773106275,0.05504236838967936,-0.20082176979697897
2019-01-08,0.006050364925828331,-275.0039089150546,0.003831261437199675,4.649365616723696,-0.058356252123252184,13.093638944325805,0.032229474216903455,-1.0393140888112646
2019-01-10,0.00783301997469133,-294.9643097208254,0.0061000584903239865,8.355705856043215,-0.08059196575347843,20.244213591487725,0.0542192437602923,-1.3395696081559498
2019-01-11,0.006971432677507923,-384.22361476999333,0.005125270185141068,6.303613164107165,-0.08321007600276949,15.339730354644221,0.04300760862657367,-1.4478170492255527
2019-01-14,0.010303872682654449,-107.26655034972326,0.009324992126886976,14.568543575860422,-0.08111659613686144,33.04809194234759,0.08942315385936513,-1.237766934345283
2019-01-22,0.006502610825176922,-45.857285875855275,0.004678129481068342,7.022318591834682,-0.030069920275052384,18.71525109490663,0.044787240805069066,-0.5690186248644302
2019-01-23,0.006356243157166785,17.459480924286748,0.004590316188240069,7.162275225080585,-0.020442167542447414,18.95466225068493,0.045088571377237464,-0.40555200305966316
2019-01-30,0.002690666471473037,-708.1651141380696,-0.0003237332081737266,-4.192902282797679,-0.08428178195583798,-7.458618143143087,-0.01658140156444527,-1.6400292477115646
2019-01-31,0.011344401118373827,332.6404836154388,0.010663717104701478,18.68293367754955,-0.027591875131276974,44.61439997345172,0.11063077940418399,-0.30447370675875757
2019-02-01,0.02894148117878032,1986.1362376095578,0.03134218808229077,61.41472503680514,-0.015000169005170486,147.0419986177893,0.3442031677547565,1.3819113348952843
2019-02-07,0.017444437850800246,366.0693369605708,0.017786170915645803,31.07431817886513,-0.10067511295170688,71.56181323988255,0.18130865237521593,-1.037893807059033
2019-02-08,0.02254320098409567,505.69179533574504,0.02418104912932167,42.65494147602289,-0.14815144437713754,94.76472216049473,0.2468309209770582,-1.4283871380259408
2019-02-12,0.022741789955254083,917.6609025747554,0.023472653994994385,43.533942569886165,-0.09791472790876297,103.01945391734634,0.24721006383679778,-0.35941838197663845
2019-02-13,0.01883470449495345,643.6274560778822,0.019267952265373003,34.90656216811185,-0.08091036314596975,81.4549013761954,0.2009171547674456,-0.5335926956818701
2019-02-15,0.036815665279237055,2278.318553242929,0.040925518163367224,79.42219367917318,-0.08823664236195274,186.61199531508328,0.4438504145873608,0.9772788653878259
2019-02-20,0.014513144371588908,-2.5258761660457507,0.013906763805170282,23.022121180511036,-0.12264272522235874,53.011923264748994,0.13634937138252187,-1.5145075373722074
2019-02-22,0.017504518289451564,324.52085511658856,0.01781598623046727,31.008877691552133,-0.10998299805901182,70.64987210477979,0.1808357423852705,-1.1488329067640501
2019-02-25,0.025105272518797614,573.595258653437,0.026442965024433936,47.31004004340785,-0.18663777637988718,108.54514890882126,0.2701870265298872,-1.5576787342206613
2019-02-28,0.0233876158643054,635.9253434015608,0.0243516592852445,43.88982829357969,-0.15077778988682444,101.9733531391757,0.25074053178413985,-1.1568822414364146
2019-03-04,0.020070708853595326,666.1951145533044,0.02062301566675024,37.42199477380586,-0.09670112484868236,86.99643772246314,0.21464141133999154,-0.6407123883999603
2019-03-06,0.02158239024821089,560.5150409468233,0.022285155903279025,39.94093589049726,-0.1358339753919919,92.4311429348689,0.22904651788282424,-1.0997490824821956
2019-03-08,0.021998884330815892,411.5891435828035,0.02272724905048524,40.1282886772106,-0.1655928368580379,92.29115501141166,0.23067238337935952,-1.5214809930781361
2019-03-12,0.015328136825655654,-255.6894229366571,0.014914457368139298,23.71508238737217,-0.1726445168016314,52.51010182979366,0.1416562751207007,-2.2560080549507853
2019-03-15,0.009728789846173003,-496.8274629128077,0.0085981528171286,11.648296468972044,-0.13041732478916276,24.75594817807375,0.07516646484164145,-2.111051348901864
2019-03-26,0.01305559799540672,16.70883366329822,0.012640340169859163,20.7202013549944,-0.09527191672588228,46.819338815769854,0.12431697179242651,-1.3062953761935827
2019-03-27,0.013157569557318848,29.19023068925368,0.012751089909552335,20.95394697524204,-0.09422219033695148,47.65755695429876,0.12563319383601115,-1.2872763499891122
2019-03-29,0.014282923205012744,109.4785866696243,0.014045329022509975,23.53235334235477,-0.09707444034859207,53.8436114216823,0.13982506119319535,-1.2388715739134215
2019-04-01,0.020024869324071597,536.8765744258066,0.02130838210993089,37.66054790654883,-0.10344635392291616,84.54719391763888,0.21915812454977376,-1.0066897353175168
2019-04-05,0.012149728405510506,-331.76082903379796,0.011381989256135145,17.182904650438203,-0.13863050122440632,37.38197883378723,0.10555217446640865,-2.0278513856931233
2019-04-16,0.02481384847988973,1022.8138973981396,0.027560482712874354,50.15751549988198,-0.0833779702063432,112.13165305102261,0.28963477112629005,-0.5028547520625669
2019-04-17,0.014188374688788771,-94.63673122969023,0.014000563994832323,22.549023512214134,-0.12488189296298471,50.314899807863775,0.13567707911697674,-1.7326709929456858
2019-04-18,0.025859403894562732,1195.6110961285942,0.02886761709767639,53.12168611706249,-0.07098963738625419,119.1642620423093,0.3056566391760283,-0.22642255481283485
2019-04-19,0.017852071413354858,372.77277233133157,0.018704409757977047,32.4421821168889,-0.09753838420485053,72.95768173540374,0.19054268354459583,-1.1079187718411312
2019-04-24,0.015917011404981436,-262.6823963063346,0.016206266652071127,25.558384388949673,-0.170217201957677,54.97956843346616,0.15434569641223383,-2.393458763633418
2019-04-29,0.028743738842525512,1143.321883022189,0.032438987278316775,59.012373301590195,-0.11590800941914504,131.18344408027397,0.3398701856452322,-0.7621693626695661
2019-05-02,0.01078227403314869,-626.8253743129935,0.009650922901295631,12.973356170715258,-0.1648014456909775,27.504358075236667,0.0831244531043258,-2.556288952709938
2019-05-07,0.01879002092358314,401.5103301773812,0.019863393817492365,34.54557922887366,-0.10523461802004286,77.34489321651276,0.2024783126820489,-1.1692661540563447
2019-05-09,0.012651606336503179,-158.79475160185694,0.012015110403874051,18.94128477840471,-0.11682757046367762,42.85821032143122,0.11494290414198802,-1.6690741939760123
2019-05-13,0.013948506257481005,-12.338137553012302,0.013707768190404342,22.40508719326447,-0.10995864670203331,50.47412105199853,0.1342938760928547,-1.4975644429681891
2019-05-14,0.02204348064633816,551.9691091723469,0.024022073185824167,42.19432874813238,-0.12092004880476068,93.32275276153966,0.24619322601052993,-1.2648477085565963
2019-05-17,0.01621987466975738,79.92816302369829,0.01657139035239002,27.631855293234736,-0.12292073885153412,61.66034674023805,0.1641830552261633,-1.5916841952571812
2019-05-24,0.011153218476598958,-651.0476769301996,0.010104289821438156,13.720032083813805,-0.17644060296655556,27.59771228734035,0.08714259998095608,-2.6746060738624386
2019-05-30,0.013414905209105831,-196.97117994827528,0.012866466964400754,20.313393425263108,-0.13509981996639273,44.94662461789669,0.12261308037442421,-1.8667553544959181
2019-05-31,0.013792880851665539,-36.3457213810639,0.013363070464174585,21.790066142587143,-0.1138529522785577,49.5340330512173,0.13043684720469678,-1.5233061890175075
2019-06-03,0.01416719190429996,21.497412314235977,0.013794511792958802,22.796006143049357,-0.11083879094432954,51.85449826009894,0.13573350494537773,-1.432105942472287
2019-06-04,0.020412762704096074,578.7686645558423,0.020853256744420824,37.4929776355205,-0.11481869538975341,88.15764618295091,0.2152856972810625,-0.8848252843119935
2019-06-05,0.014351563972631777,38.754134634715825,0.014159335348758679,23.404453107229184,-0.1076463017658694,53.14532732900859,0.13966415025672255,-1.4239376166570026
2019-06-06,0.015120859767066,-155.55377928296645,0.015111474253912115,24.322762365859916,-0.15150598227863452,51.67497809578972,0.1454929167981318,-2.0214285482527625
2019-06-10,0.014305183872101843,85.22018196693345,0.014117206378574143,23.531651352882683,-0.10035643792852089,53.51903811597089,0.14009809434168682,-1.305150444916406
2019-06-14,0.014596874559776518,-159.08365903806882,0.014528377007768892,23.16221815764848,-0.13912644417151307,51.026926944037065,0.13970387698783907,-1.9500892499546643
2019-06-17,0.01571011504174005,333.712602843244,0.01588009454626422,27.566227370445475,-0.0800460545521744,63.41436419559988,0.16199007958171888,-0.8917594227808263
2019-06-18,0.017319118001454064,402.9282364143691,0.01791603912581377,31.30427621627387,-0.0890010644055417,71.29870604201166,0.18330694475730905,-0.9504401539268045
2019-06-19,0.018057676177727276,449.968686639773,0.018859841628352254,33.078079761924954,-0.08989150007327142,75.40907535880088,0.19346374310779763,-0.938787242068393
2019-06-24,0.022282497737966964,1170.09069888781,0.024286876421449326,45.272923397474294,-0.0320711244969388,104.1088086351259,0.26005986405291365,0.22565391557263798
2019-06-25,0.024708347197077898,1290.5941249243608,0.02695595360160971,50.56424696406847,-0.05247388353410434,117.00319131235536,0.28847945420245336,0.20099168396058978
2019-06-26,0.01781084777117778,214.61778636637771,0.01857690032682495,31.68342085021912,-0.12580870536504787,69.26536243897739,0.18638766691852723,-1.4941140706185292
2019-06-27,0.019457967364985524,690.8814799267689,0.020657867086874993,37.15274260305748,-0.07149429196929032,84.62122096704522,0.21556873234886229,-0.5495865344204395
2019-06-28,0.02025187769504844,805.6217748260283,0.02166762276249705,39.33783671946639,-0.06352430322250283,89.84278561803369,0.22760766986329767,-0.3799615465547357
2019-07-01,0.019926277183368955,723.4995680863133,0.02121307374902827,38.260315766127995,-0.07334995501417244,87.05960585528584,0.22162563262527893,-0.5342560805547237
2019-07-02,0.018278049568773748,406.51396109779296,0.01916527949217495,33.4207574015272,-0.09961850777474662,75.2692764747796,0.1956838130718056,-1.0812785713694326
2019-07-03,0.027446594070249,1234.5927736233418,0.03008933027738066,55.89645545465586,-0.10347279007065321,128.6369935516503,0.3182658056536686,-0.3106829627533786
2019-07-05,0.019282707522694773,648.0717076588178,0.020436188911908047,36.59640266418291,-0.07577359143632587,83.21765981915841,0.21260493016272142,-0.6300053238020826
2019-07-09,0.016562155358516257,-30.867244267534797,0.01697517852932713,27.87218512359704,-0.14450937040982237,61.31751288566173,0.1661362597802616,-1.9119748633282858
2019-07-11,0.016983560520782034,84.7027702071,0.01752783946959402,29.300537843609025,-0.13264211049331634,64.62701878334549,0.17368887849504996,-1.690294157611803
2019-07-12,0.017619831525106336,153.3646588792502,0.01829592109685599,30.918198745519792,-0.13101977150017058,68.36961872565185,0.18249976628854112,-1.6099508673591647
2019-07-16,0.020200092121933036,989.1104392234413,0.021651073335515792,40.05293865870566,-0.03437268289459194,92.4479177084049,0.23079683605583948,0.07619385168486018
2019-07-17,0.021181100327396295,926.6905603382208,0.022807409571069213,41.809095317021345,-0.057733951944429554,95.60313021359131,0.2410351368379472,-0.2127209191503254
2019-07-22,0.022037582619635204,1029.220205562963,0.023919441486576914,44.10216319823024,-0.05188004967349547,100.86307154888073,0.25386292800564736,-0.08360122436713645
2019-07-24,0.018674227258488697,246.5413980500856,0.01968368683277852,33.61185920019257,-0.12790676568065562,74.45224244738306,0.19787814563473816,-1.532599219091309
2019-07-26,0.01947981551422517,415.59431994646405,0.02072322417089956,36.132419687585205,-0.11456457558581504,79.57098445606727,0.21119940867157033,-1.238085405848943
2019-07-29,0.020740316893932537,1015.5845470747727,0.02232062365012833,41.31699356724146,-0.03766237858403869,94.99817642935207,0.2378719218582862,0.06434702653147908
2019-07-30,0.021102819721882955,752.892709937055,0.02271867204480706,40.92179539436168,-0.08269289338002046,92.54133382468297,0.2369953904667253,-0.6304040160891379
2019-07-31,0.019235259841543496,429.7239430263065,0.020411107066374466,35.606728746807306,-0.10693220104744856,79.6219343429765,0.20838490192859901,-1.1627039650128113
2019-08-01,0.019754251193609053,498.1042468083951,0.021050202644828635,36.99920631422938,-0.10381600307895938,82.76069230888703,0.2159230215020322,-1.0681825232016746
2019-08-02,0.018379323473924424,205.83453677286985,0.01932909048903893,32.83789496144176,-0.13048783009363532,72.38708327566387,0.1936459463463709,-1.5929323689870536
2019-08-05,0.02199939557765625,1115.4611616454363,0.023926662478065297,44.46417629253152,-0.03824850871225317,101.62214129442263,0.2555140527650509,0.12869701264068717
2019-08-06,0.019238141889205976,417.92058508778575,0.020454155418219853,35.675975121519336,-0.11106854521998256,78.3341688852222,0.20859689456279665,-1.2014275062872068
2019-08-08,0.018540029828816015,234.95473880754517,0.019512279498620996,33.28004613967818,-0.12834301464164066,73.61278462598106,0.19597791784142726,-1.5425119510037633
2019-08-09,0.01793893305826635,61.61564820267471,0.01875376612104076,31.261809123596088,-0.14693999335676755,68.38692356993639,0.18534758498274018,-1.8837051887412046
2019-08-12,0.022291506527758128,1348.9530027559497,0.024285687413412103,46.05277638655814,-0.006560916057698007,106.69270173054001,0.2633045521051546,0.663750800495966
2019-08-14,0.021750434675483214,1073.4417169831406,0.02361125589308257,43.73244250281626,-0.04061816567968398,100.21839659563429,0.2516423331554311,0.06269214889385613
2019-08-15,0.019455066090796766,612.7548263576307,0.020761637514917212,36.939591593238,-0.08118873397216778,83.09450218124562,0.21518502254888905,-0.7490953989775848
2019-08-19,0.03011944977199886,2107.001045918265,0.033730747395673485,65.5740554752942,0.0007786265384622193,152.79457864119138,0.3700790782029773,1.4407110325470247
2019-08-20,0.021226990505921448,1115.5351871145679,0.02291713268379621,42.75179409154001,-0.028578013258058088,98.76773510376294,0.24556659592166116,0.24319680724436538
2019-08-21,0.05236535379158884,3968.0972433779875,0.06020556038127645,119.98897132370385,-0.05564282930180599,282.1573507353486,0.6644723343870591,2.9021235258345275
2019-08-22,0.04416017996237532,2764.5911238869235,0.050114753153594496,97.42549112583073,-0.12086171793515439,227.36011121520235,0.5431987996576725,1.1076006363352306
2019-08-23,0.017971068746499393,355.0956050076202,0.018711664113642137,32.470996161762265,-0.10477446122091585,73.2986343487268,0.19026756496531808,-1.15954526529679
2019-08-26,0.02151840515822275,1246.9039277625463,0.023282142459842357,43.914825470268696,-0.011989132395255496,102.22510721480617,0.2515561804016489,0.5264975317360061
2019-08-27,0.019379784710558113,990.5496934801988,0.020538310868770688,38.207818729092345,-0.025274748417832185,89.26858516427383,0.2198495988648,0.20261009173758135
2019-08-28,0.018307218235980426,963.7864376134833,0.019186121940534394,35.81786798997956,-0.016963904449039866,84.12222191804142,0.20604194005043103,0.28773198289080226
2019-08-29,0.016948954887437397,506.3288718690482,0.01739216601750382,30.88319095359872,-0.07004601894664228,71.3738214016899,0.18002159402136514,-0.6391938205601188
2019-08-30,0.015349771468763172,247.50600450111872,0.015444730539232471,26.4614073118618,-0.08856453497772025,60.439326687291775,0.15613349069104307,-1.054813480598208
2019-09-03,0.017463998931362617,867.4715835276551,0.018006029077964236,33.47285569404747,-0.023158776939923537,79.0433238627346,0.19264331835712792,0.17870886846717945
2019-09-05,0.01966239117374684,774.8823568105676,0.02093495528653546,37.96765318557259,-0.061117823505101095,86.73431766008576,0.21983203014493985,-0.3733002263716055
2019-09-06,0.023983866473526825,1109.914848006399,0.026470691725193674,48.703376080997295,-0.061158368796041106,110.17109809520811,0.2804802448831456,-0.16746942951252708
2019-09-09,0.022997330863961166,1197.9968634730556,0.025200969522192678,46.93148418405827,-0.03625142964890774,107.54725250143373,0.26957452913331503,0.1920050820204036
2019-09-10,0.018705639524306258,499.2181039710978,0.01964200377195895,34.68605792300957,-0.09348665890663714,78.17451154548772,0.2020569687350373,-0.9124493184910971
2019-09-11,0.017861756667670772,384.80155882921514,0.018654484996676934,32.44756965216773,-0.09720952986170134,73.25645563065162,0.19025951933288257,-1.0757949792135706
2019-09-12,0.017743070748219944,324.005995888121,0.018526895127403707,31.968882525062305,-0.10474874262836562,71.66371990501501,0.18789817885506604,-1.210767304321292
2019-09-13,0.018627951249705843,558.8164298111886,0.019644684657660918,34.860430575716464,-0.0806248848616468,78.96688387262867,0.20318759825666288,-0.7591977497685493
2019-09-16,0.021758959068950125,1340.7732624419573,0.023604459972330818,44.85367114617935,-0.0008250795883004661,104.56905968306408,0.25644449595681157,0.7214524049902682
2019-09-17,0.020295634902295454,861.5639795276609,0.021740509344032516,39.69507034214976,-0.05569682067291681,90.747441316849,0.22934765135847207,-0.2503853874278504
2019-09-18,0.020600008923135068,920.5224708727259,0.022147509854403714,40.61244667474863,-0.04975978912774267,93.02000339360298,0.23443539173647018,-0.1492991286318225
2019-09-20,0.01892816432843419,517.94578587196,0.02003262145845243,35.325814660061894,-0.08954991587071306,79.77708270805869,0.2062663140946025,-0.9017870820592763
2019-09-23,0.021876120734937547,1239.9257849544492,0.023760223281700098,44.71744708288213,-0.018521832018224348,103.0253317192127,0.25614077088796916,0.45307701456300287
2019-09-24,0.020115711753562516,745.3273360562143,0.021517385299660782,38.834408354901434,-0.07129175317854924,88.0133166103417,0.22503170063313518,-0.5122452873055909
2019-09-25,0.020713248834700108,631.68457474419,0.022026503081442265,39.351122640141625,-0.09990199778548176,89.47431820715826,0.22793496336694694,-0.8596595235784291
2019-09-26,0.018381473843562705,324.84173961128056,0.019302919233019203,33.31468824239643,-0.11337337330990245,74.28524504899855,0.1955519383382614,-1.298466894062534
2019-09-27,0.01766451403946433,236.40409298435023,0.018410862779505637,31.42808004809014,-0.11793778590871065,69.76202419902582,0.1851551562593692,-1.4156562574641367
2019-09-30,0.02089019486290632,1220.5048873509156,0.02255989690226553,42.55413809630814,-0.0076665236915183415,98.83198673213234,0.24397185269320856,0.5446274302687251
2019-10-01,0.02574183041432908,1467.9685053880276,0.028242657077179063,53.51897834458596,-0.03948447993224803,124.03575286787795,0.30438246785676576,0.4904957180768807
2019-10-02,0.02054859167768066,969.7818724375146,0.022015440776970017,40.64316721184273,-0.04342364799396327,93.58436780922439,0.23402048675772533,-0.016903886670665693
2019-10-03,0.019763621915533366,695.7504720250765,0.021090271269631405,37.89065610759376,-0.07407961186753038,85.7241413585782,0.2199239831109721,-0.5853315920241738
2019-10-04,0.018868366401652206,431.42840339670346,0.019920316415620015,34.790557696298364,-0.1024307707738903,78.27492606840521,0.20357729582611767,-1.10370610690409
2019-10-08,0.020906795493307297,883.2540187746341,0.022480309781585012,41.055592921194425,-0.06032476399430766,93.79045099440575,0.23702500302221927,-0.2814897823889715
2019-10-09,0.021014622490256245,988.1885990100759,0.02265361610312309,41.76383957247218,-0.04490788010575155,95.89246366636067,0.24065099831088388,-0.04033154247087886
2019-10-10,0.01934766427469666,575.3315667945586,0.020545301450189353,36.45482092131148,-0.08674105004082591,82.3608263696477,0.21235887569688486,-0.8198176126282348
2019-10-11,0.03956180001717343,2591.5761271446468,0.04628872536400205,88.47629231635155,-0.02613596880880706,198.69670171446435,0.5027191730202515,1.2519169771791656
2019-10-15,0.02354933263940597,1681.2232800505958,0.025875389563471803,50.13870641618523,0.028369151868543347,117.32321414368792,0.28501952993271795,1.3036791630258435
2019-10-16,0.021126413085550494,1170.214750209986,0.022804990189920014,42.79121328031223,-0.019222610724161347,99.06744715847061,0.24546053578792237,0.39045002815614815
2019-10-17,0.019813703696718518,779.634166919563,0.021107744292896448,38.288475094508534,-0.062474842745629325,87.5178242804789,0.22161772034503996,-0.3816522713073942
2019-10-18,0.021666165997363117,968.1700337510582,0.023510546168954576,43.108776346364856,-0.054988727794591595,98.27942562068863,0.2487331105609855,-0.18439187212714453
2019-10-21,0.02385387542232179,979.5287049545548,0.026250093174156164,47.816705879296364,-0.08039672977258554,107.80996474661745,0.27592147727235633,-0.4665478944658384
2019-10-22,0.03431221023919666,2020.1737344009487,0.03955882311164015,74.70932607016316,-0.04961923923415673,168.29167396373646,0.42599801491914807,0.6000057131786117
2019-10-23,0.03770186613549719,2053.7538313679256,0.04383268151263032,82.14680078142189,-0.08796340068485292,183.32315464248538,0.46870536327650203,0.19651929760013728
2019-10-24,0.028637577023845975,796.342277596283,0.032326368812254494,57.34082290054092,-0.16592607029261328,125.46944333863901,0.33244144379530605,-1.6024028294966561
2019-10-25,0.029958805840915943,745.3026385686136,0.03388504431726898,59.90378295721642,-0.19498477787310742,130.62730719128467,0.34684276614180903,-1.9149944841912119
2019-10-28,0.020877422168038284,692.1604321918109,0.02257956442736378,40.32115338998755,-0.08512682881057222,90.50913892516712,0.23454401357272356,-0.7554825618472379
2019-10-29,0.02847946446173225,1129.5593297777054,0.03225072033977178,58.501857072941355,-0.1097300845205146,129.2719275605564,0.33779167595623216,-0.7641627230600987
2019-10-30,0.023567236799204683,807.7017190754689,0.025977968271434698,46.56411203647723,-0.10024043879643334,103.67243324524041,0.2701254105704723,-0.8536978626071794
2019-10-31,0.027945905217400674,1188.1492215347432,0.03154242156003014,57.5755235215281,-0.09548325826812812,128.07492276126194,0.3318763103920714,-0.5421712841275925
2019-11-01,0.026998775586220797,1061.274654320009,0.030337031791775403,55.01241305616886,-0.10361220455601872,121.98803205094038,0.3176886450186071,-0.7200430367892781
2019-11-04,0.02006745334658325,716.6458147795133,0.02153947776657924,38.68912603985259,-0.07277269699348096,87.33832415277473,0.2247412617541921,-0.5803407236619567
2019-11-05,0.022505161287330804,860.20668457254,0.024633530758789636,44.51928908571241,-0.0800498722828733,99.87472493872008,0.257838030835644,-0.5739902337277664
2019-11-06,0.03244979648765453,1629.3200030810292,0.03706374163443147,68.99012787147218,-0.09172587222597779,154.47705378508059,0.3942700806536243,-0.09427987519424355
2019-11-07,0.030717889267892,1349.665722268317,0.03512467067891368,64.26378398898353,-0.10253336654214588,141.96144944886626,0.37012057428385425,-0.5431838650734389
2019-11-08,0.029364161291665133,908.6731293918532,0.03337797261784997,59.49094505302201,-0.15403526378774665,129.39992535076092,0.3448709631781879,-1.4361767755549069
2019-11-12,0.030420437806409236,2156.649737306522,0.03449649399502107,66.83622846085242,0.013030717627270963,153.6307509951545,0.37859242652386854,1.4957093575402645
2019-11-14,0.037507311901060915,3231.674603094846,0.04369650997909691,86.763211444122,0.09542152316616723,199.60937401893042,0.48885124169351346,3.1217921261827737
2019-11-15,0.03709960460958391,3082.6706619308416,0.043163666637989505,85.24617990041473,0.07752348043694954,195.68678756060064,0.4808839443625757,2.8138223929726833
2019-11-18,0.02911897010328856,2145.413266722339,0.0330412887904929,64.16688038441946,0.03286609654803534,147.4396244545809,0.364087290008568,1.6445481556610797
2019-11-19,0.03676119922510413,3730.6684591927665,0.04270657761364877,87.23201598241714,0.17757776155056082,204.33639601649213,0.48818492869445074,4.45873357280512
2019-11-20,0.03750795142850092,3168.67628135141,0.04374243247179547,86.52557547531605,0.08792371221827867,198.523759128589,0.4881642582177059,2.9655669937801816
2019-11-21,0.04253692578677486,4337.86348265736,0.05006689677821079,102.21025346783044,0.20063768910170962,238.10507585427055,0.5717639198876892,5.128900467603861
2019-11-22,0.0013535088716200593,-274.44690672696396,-0.0023949841780053155,-5.799042018658428,-0.003998150557614006,-6.6680023145845615,-0.029137056311308498,-0.343725218470793
2019-11-25,0.0014045377318372743,-269.7150597401012,-0.002330248767174744,-5.660706912955449,-0.004299705884488386,-6.508540288584984,-0.02841356577914991,-0.34019941554023386
2019-11-26,0.04916849709362214,4710.250474384412,0.05851867822952219,118.05636106096651,0.1777366403061416,271.733020248004,0.6618161388874292,5.097003913509488
2019-11-27,0.03306467437841206,3080.969985486239,0.037993238481289784,76.53804639962748,0.12384887167006009,178.70999868025095,0.42990906144315216,3.3874236094423753
2019-11-29,0.022259101534782652,2064.781102530974,0.024295704006366936,49.08449817150506,0.10083810639152128,117.60287222784655,0.2764556176966693,2.4254347267030227
2019-12-02,0.02866431739512127,2895.8351393920266,0.03240731883804054,66.32337501530834,0.14812902961867813,157.2272786316289,0.37150640543408503,3.5584109974607636
2019-12-03,0.032146746514342676,3352.229105914309,0.03683889369525573,75.73373729717113,0.17517693529830633,179.20363613303863,0.42348206205191374,4.184876236860661
2019-12-05,0.02648257908596591,2659.281311144463,0.029627475287974343,60.636047658114215,0.13833292149613044,144.40009699975732,0.33980864437593805,3.28751240975615
2019-12-06,0.028071058449737722,2897.6094010639335,0.03166638510155296,65.0852960194017,0.1550669028701871,154.87370012080981,0.36424097219163803,3.6454546492830766
2019-12-09,0.03858647943655515,4119.935066505673,0.044870858638168865,92.68111151207574,0.20840540035564892,218.73006530357515,0.516571293195677,5.162144541872939
2019-12-10,0.03769185115786899,3913.0316865374234,0.043907088407910355,90.01547229878304,0.19435011221037654,211.02332923756734,0.5033382071885035,4.774088157744051
2019-12-11,0.038569425534452244,3676.9249932391754,0.045006761004184256,90.8931876083069,0.14799589081882605,211.11062350734096,0.5098659139516823,4.06794599167439
2019-12-12,0.042401565958237304,4209.667753156321,0.04992199008699758,101.41307151291582,0.18340631661367715,235.2144476941916,0.5680044520351296,4.830215814434444
2019-12-13,0.038189912452200964,3596.4697943625692,0.0445466149504842,89.75109318972275,0.14145320718880192,208.24487271740006,0.50387092449639,3.923605252449579
2019-12-16,0.01562281914963644,271.375502565009,0.015913547503223813,27.29849103578974,-0.08650545049533911,61.73159222416929,0.16120661731244423,-1.044456594243109
2019-12-17,0.012930806883301268,-265.48235336878787,0.012613837294836604,19.408939569082257,-0.13344320487747272,41.67030498350473,0.11893533452929801,-1.992225522711892
2019-12-18,0.015257766695040026,153.09223288021457,0.01541409205823137,25.97665607567302,-0.10059254335541419,58.33249860307412,0.15412472337391112,-1.281324440426516
2019-12-19,0.015628538624766763,225.38833339362046,0.01592369441031733,27.127060226257672,-0.09371752335204739,60.90774329661485,0.16046863251673663,-1.1593927516365585
2019-12-20,0.015486509363488428,162.81083555382014,0.015726281027831454,26.53686014394932,-0.10161819976708578,59.360216264756865,0.15738072372734424,-1.291868854664447
2019-12-23,0.015789087541382106,202.81295196956285,0.01609145233007746,27.33275726910911,-0.09955562914831587,61.2798657296062,0.16170399961437665,-1.2351701182587684
2019-12-24,0.014533838743056459,-78.70835990416082,0.01452156021139636,23.48446825593367,-0.1265816535175476,51.4657911875933,0.1411117992767412,-1.751554714224512
2019-12-26,0.015340631821288494,96.47710405690479,0.0155240984836726,25.920110524870886,-0.10991703241133677,57.774996130337684,0.15417753219940655,-1.4328078087237233
2019-12-27,0.01376791329475279,-143.00172832433802,0.013524541353575769,21.542677975863914,-0.12759215732744292,47.2802915523557,0.13011408195377433,-1.799003421735578
2019-12-30,0.0122340302397194,-31.064736104779136,0.011571118134739508,18.726593329620616,-0.09316241238713824,42.65359325997247,0.11290876905480307,-1.3049960603140383
2019-12-31,0.0165101238854893,363.43389441574027,0.017082957462308496,29.64507182333429,-0.08273416928067695,66.71375161913062,0.17441129084424695,-0.9478423520290808
2020-01-02,0.012154689560104133,-17.488875187898845,0.011488372270449526,18.630345076686638,-0.08968819778776639,42.62955357148906,0.1123442037296877,-1.2610975196029428
2020-01-03,0.011921538832756895,-146.0171300035561,0.011139217322784584,17.511172956999648,-0.10639967294865574,39.73857625040621,0.10655429930351557,-1.5392372595595047
2020-01-06,0.02619434538362751,2219.587966661647,0.029328095622237704,58.213516885403294,0.07830969689314428,136.3169222869315,0.32885879018831804,2.24353797488982
2020-01-07,0.024062598701835237,2521.047340452456,0.026554780355950276,54.885411601508544,0.14526056560086736,132.47721151117597,0.3070182346814018,3.2903281000210987
2020-01-08,0.03183891288386929,3445.4179275304405,0.03643740775865311,75.47459490419476,0.19166680152861645,179.75663551080999,0.42122243938457227,4.457434323253865
2020-01-09,0.03075184497093848,3069.9571416650365,0.03511082280718102,71.57773728051617,0.15125013717113459,168.74410219517503,0.4013223976461397,3.6875432324564135
2020-01-13,0.02580843237105847,2645.9220494087263,0.028783690117111828,59.16624212642086,0.14370121619270326,141.4032432876006,0.33125387661531885,3.348291281716194
2020-01-14,0.026420173610034268,2771.731846246583,0.029539464540212012,60.97930786081207,0.15516524311261295,146.3440798246824,0.34098887601442956,3.5730625991643703
2020-01-15,0.026141705568672076,2740.877234469344,0.029204711336133768,60.26983978991346,0.1543468041190306,144.7214019966236,0.3371321171122239,3.5358129183528186
2020-01-16,0.02595830454728036,2714.5128534402747,0.028990785730413606,59.79690509094795,0.1524672834113384,143.34199187160496,0.33454681857074864,3.494751580627318
2020-01-17,0.025077649825229406,2526.300730829363,0.027875982018178896,57.09058520057852,0.13601953916732043,136.6329944925936,0.3201364629649167,3.158936003208586
2020-01-21,0.03987854065612601,4089.488434421214,0.046717657842159595,95.47507383848013,0.19611313906451486,222.9198159038448,0.5342481435120146,4.895718390441956
2020-01-22,0.02660089059470186,2290.271590784681,0.029804885605375184,59.33465351743056,0.08353635709697982,139.33154136504066,0.33483763267190264,2.3628090739964365
2020-01-23,0.027202184241036344,2407.1994727697574,0.030587147733131897,61.14636022630794,0.09392964693243466,143.52824704251628,0.344677565792276,2.563003782932659
2020-01-24,0.029434684082272396,3056.2820486906735,0.03338296168820562,68.66911743689873,0.16209877188854546,163.0509299802348,0.384040388340514,3.84221158437154
2020-01-27,0.028612268246031223,3104.1257276075594,0.03238445478765681,67.17253502571339,0.179228784282986,160.7616142568619,0.37508262624393407,4.073203322997029
2020-01-28,0.04377580353756232,4410.380659216622,0.051648978062609194,105.19811167365789,0.19634042343324162,244.21041971511684,0.5886718486699747,5.128858426612255
2020-02-04,0.037191500270702504,3564.710537046112,0.04328920878123187,87.49439481414213,0.14839474867985308,203.31342007092775,0.4909063273931567,3.9862728153657927
2020-02-05,0.041581746183189564,4551.551373551648,0.04882650435886565,101.08708602828767,0.24091759235762056,237.68806291204464,0.5634312969698012,5.788461043211913
2020-02-06,0.041254121575550244,4480.730349613978,0.048411798007795805,100.07763525564886,0.23464698760418218,235.1651147518941,0.5580559275015073,5.661483272644509
2020-02-07,0.040774044558106376,4463.507782518274,0.04781709841887779,99.0124134664361,0.2371173892752518,232.60684098138105,0.551884901082559,5.684580155904145
2020-02-10,0.03337132573914948,3593.652793646611,0.03845017502673827,79.46336892590232,0.1969263287071586,188.0564542013227,0.44376334898120573,4.599129614217878
2020-02-11,0.03833546608177402,4171.112796366587,0.044732907811440924,92.53306435048253,0.22377187731434783,217.99566449605527,0.5161764102381556,5.314036429314635
2020-02-12,0.035682805868900484,3842.1074770996443,0.04135572720436397,85.44921422481019,0.2055983756628144,201.549473183707,0.476909187887375,4.882211176827653
2020-02-13,0.03437999525060393,3683.07371793336,0.03967695740223877,81.95980345363186,0.19660114084818314,193.61022624708528,0.4574685856370207,4.67768253967524
2020-02-14,0.034509668275204984,3636.397531378111,0.039886398371173075,82.07716710426827,0.18957380946849406,193.07535893997408,0.45868935870174804,4.542287312441309
2020-02-18,0.03365992685111934,3250.3326760263,0.03880487324787968,78.59250230643198,0.14318665861154437,183.51966022571474,0.44100041007451884,3.715624072356564
2020-02-19,0.034892761155342226,3774.272500512959,0.040367635492905264,83.48492334124887,0.2051095531846469,197.19531130208043,0.465941477895249,4.826843831617826
2020-02-20,0.03482852823244623,3771.5983566745863,0.040285454723779306,83.33653431614437,0.20539663303822978,196.89109556960116,0.4650829834950525,4.829343174542584
2020-02-21,0.033323165526048144,3405.5332513823973,0.03836301930742127,78.50708259049539,0.1702079303223899,184.67128496201866,0.4394736204779373,4.14699219444753
2020-02-24,0.037149811810584056,3929.773211687233,0.04323037655995005,88.9605273294336,0.2024087413099261,208.90102023559274,0.4969774916954683,4.889654247741616
2020-02-25,0.05094433398888481,5444.976894485345,0.060805322417290204,124.99918758228605,0.2673271928189692,290.1478936794901,0.6977374265671604,6.650728250465722
2020-02-26,0.030847834327833428,2755.0652264988335,0.03521493576528028,70.44562641076122,0.10218738850559589,164.09014706846844,0.3966060495385204,2.8986805546534002
2020-02-27,0.0344634120158033,3659.85157016804,0.03980608066030561,82.04610295811537,0.19351386362521406,193.61114853470903,0.4583223222520932,4.608861246406419
2020-02-28,0.035126141343808266,3765.97770429755,0.04062760712747145,83.91087970026231,0.20035685262246744,198.06555336823993,0.4683452699693374,4.775492573907163
2020-03-03,0.037475327290027984,4129.037463618884,0.043530005775149566,90.4437161085515,0.2229599604810938,213.83585068611058,0.5035381495642478,5.3355423960013155
2020-03-04,0.035527050558056224,3794.144432950044,0.04101495001133456,84.78184473970487,0.19620066639227912,200.34845722674254,0.4726527338429297,4.793435492083898
2020-03-05,0.03624718433859563,3948.6879670341573,0.041926863799722755,86.98842811662004,0.210178430393674,205.98912830298934,0.4844516693514323,5.07049750221604
2020-03-10,0.03582651123925943,3926.417356045934,0.04149314783444666,86.09127395243021,0.21435955739305082,203.64613932894238,0.4797905084315655,5.0699537433505775
2020-03-11,0.03315752287794999,3637.8771096687333,0.03805155526922381,79.0948938737616,0.20156288429909622,188.07338139837032,0.4406188909965642,4.743131234806182
2020-03-12,0.030707374215391756,3143.277670819447,0.034927016015961036,71.67091771997909,0.15931548867320094,169.95016690574016,0.4008255376008095,3.881169974794241
2020-03-13,0.03076445098213465,3286.5088979342354,0.03498878353742601,72.43193393975695,0.1777815264995702,172.42234639944311,0.40404016764580397,4.2224116000517755
2020-03-16,0.033106548547828185,3499.4936806001324,0.037976073363724314,78.35796819923671,0.1826808624975937,185.58175615330154,0.4373531812328174,4.413052046475756
2020-03-17,0.026973643390835727,2763.051814120959,0.030188159800490163,62.07755254680613,0.1459016039998294,148.12271114348493,0.347211725332174,3.4754407052588836
2020-03-18,0.026332890196684455,2593.871746744986,0.02933761392411712,59.93008655637105,0.12827174567720795,142.77856350396019,0.33574432443525,3.1542200470265818
2020-03-20,0.02535178262060152,2501.6473971924397,0.028065907815595377,57.39815604547171,0.12601192145733237,137.31226948673574,0.3215317744313407,3.0695942361529185
2020-03-24,0.024868064419938447,2472.5172338900943,0.027590808047458008,56.406852041979214,0.12945457007084304,134.57811959545276,0.31634305309831223,3.0562349785941025
2020-03-26,0.02149913977217934,2174.524159904204,0.02327345627809522,47.892594544260625,0.12338543883703554,116.0548203494268,0.2683735115763922,2.8043671311530334
2020-03-30,0.021013053274610196,2096.160499467297,0.022596102940632704,46.42382439382954,0.11752690898059799,112.9724988125515,0.2602639681522866,2.6872699578358223
2020-04-03,0.021976562163503605,2232.4104685854254,0.02382158877089912,49.06765468973531,0.12654436266556968,119.30923856541877,0.2748200138732508,2.885367032557992
2020-04-06,0.02454754794883357,2647.8597867047047,0.027166916724616987,56.47659163049731,0.15752131047963536,136.5844655957663,0.3153580216503359,3.5320072753939336
2020-04-07,0.020183677908342263,2101.6087604111344,0.021631978067251683,44.80383894858928,0.12823756534616484,109.77369875291792,0.2508784073178208,2.80993977763517
2020-04-08,0.015781550448866057,1607.6543398947995,0.0159251327015258,33.11264516005543,0.10571055322623443,83.71237099258411,0.1856386842036333,2.2320263837785577
2020-04-09,0.01745830625939641,1789.2165711979585,0.018020220990555023,37.432146073899986,0.11259503708655816,93.4867133095502,0.20958143997277748,2.442706332762052
2020-04-10,0.016601972144827257,1636.180406955822,0.01707392724621132,35.13834545832162,0.10116741908848141,87.34716971458813,0.19749227565040453,2.175784827448788
2020-04-17,0.008751194804908938,1369.272132069068,0.00702477515789083,17.267672004563842,0.1443046382871624,51.16484256727449,0.09360803254028764,2.6276006295462815
2020-04-22,0.013456903157972811,1918.4482685202877,0.01321901271425609,30.026302959059894,0.17034740512620805,79.77407969252822,0.16466923622633736,3.285641554887822
2020-04-24,0.016527011197457576,2245.496167159998,0.017132271661986102,37.97761819352076,0.18459036121116165,97.62918649663631,0.20918414303206664,3.6548477132087918
2020-04-27,0.01642597049270832,2246.5076512225337,0.016985198806136276,37.73652405253416,0.18591931217534094,97.30411350705684,0.20775096417344646,3.673704867758276
2020-04-28,0.020007733646517676,2565.0931907046506,0.021500392650630355,46.692995784554896,0.19206165267034284,116.56013970561781,0.25803362140537583,3.9522352156620633
2020-04-29,0.02207406836351246,2861.5046592703334,0.02412874969785995,52.36867409419103,0.21258483077084878,130.20164965663523,0.28932964206623807,4.388483535998879
2020-04-30,0.02213895914609084,2790.6949585537727,0.024199800909812462,52.153830798871894,0.2029197495990446,129.42459496807112,0.28873939163167656,4.209362208259844
2020-05-01,0.020418558235627556,2405.203134805572,0.022004824380166096,46.76503122630963,0.1681320236911995,115.9860276096199,0.26009200837644836,3.511241414249607
2020-05-05,0.02241245054367882,2921.336048162271,0.02455832091086841,53.347118056546506,0.21751490914825147,132.6477430842547,0.29465183436938225,4.487603129582252
2020-05-07,0.01966515227175589,2668.3738147229237,0.021159803264739954,46.55319877976403,0.21097624991471417,117.39722121916756,0.2565737284878768,4.244819508324589
2020-05-08,0.020078382564590738,2660.2101216618325,0.021690026358900175,47.407571498246725,0.20513594833384,118.63852162899146,0.26164941888026794,4.165550484585741
2020-05-14,0.023047293941124335,3032.310819991187,0.024897353345078376,54.52275654369492,0.22352504289756633,137.06927654067343,0.2999426683115424,4.7129420336092895
2020-05-18,0.020655281977719903,2711.251971545855,0.022129902616054093,48.42665353761093,0.20508247281334593,121.8183338355977,0.2668693508623298,4.2377028316218155
2020-05-19,0.018218738565187385,2435.120979866031,0.019405817252700637,42.59791519127,0.19304559805854987,107.35777518011834,0.23505567969255337,3.8675957090934125
2020-05-20,0.01942528743953164,2645.254961339642,0.020836491345228827,45.920101298169705,0.210000025085814,116.01290487279819,0.252964230367063,4.223335022111286
2020-05-21,0.019745514364058428,2576.2834660176286,0.021032820830198584,45.971354965394184,0.19675609457207366,116.0350152573674,0.2536116765636413,4.031222158826126
2020-05-22,0.021158125727317106,2648.4210351577294,0.022388156235665552,48.64083458752557,0.19022260406055183,122.78515813283992,0.2682135622013799,4.051656537731897
2020-05-29,0.024357694890064386,3046.4783704041415,0.026597569176401794,57.45469200613507,0.20989471927289416,142.23011280406806,0.31695523362508865,4.556466330986233
2020-06-03,0.024005449200608917,3091.2519468300457,0.02609757206403237,56.82401030807294,0.21997456948106428,141.59262279846448,0.31283699438695206,4.720965016424228
2020-06-08,0.02177299568374616,2635.074758065373,0.023666554301972342,50.6140465389153,0.1836161569314346,124.90327328839703,0.2806397425646443,3.8844587121413285
2020-06-10,0.022352315108649098,2889.7178687312326,0.024231820405907312,52.74201972789538,0.2115018598389056,131.66434501168334,0.2908204679308151,4.440312740830384
2020-06-11,0.02673307275928262,3229.6705705941195,0.029884261854426924,63.66397601805433,0.2126561479327087,154.9941432716582,0.3527152937093668,4.647493372337515
2020-06-12,0.028719967774698856,3702.1388763267255,0.03237626413690826,69.9371756045388,0.2568602578301246,171.22082990501386,0.3858673522333203,5.525413539733186
2020-06-16,0.02617096908572859,3266.63321667859,0.02925872366913854,62.74695620813231,0.2250104782974278,153.40362845447964,0.3472395661738924,4.80991838042344
2020-06-17,0.02683678733941396,3363.3491529681,0.03006623927736887,64.54910603905148,0.23049013583346922,157.63177689221294,0.356950458965082,4.954903689853445
2020-06-18,0.023637399199625295,2830.129293900105,0.026277902974760275,55.72599056725227,0.19466720708363702,135.64555224637783,0.3099595563033501,4.081155435509509
2020-06-19,0.02904214770452757,3760.0884764481016,0.032481588633428315,70.4844341514631,0.25803914809580614,173.5950519381171,0.38791269853246496,5.646695615835153
2020-06-22,0.022812348175627523,2559.563727326508,0.024985922735289875,52.47742796454976,0.16211993265657973,127.59007648931181,0.29226339620874187,3.5541715541980397
2020-06-23,0.022019147394617782,2762.20444648135,0.023894595465382872,51.59421819976391,0.19762662197337186,128.0325322745846,0.28518843078911027,4.167201378394202
2020-06-24,0.02121651726185044,2672.435167103508,0.02287127480938146,49.512147242331636,0.1925857429557509,122.94034206128651,0.2734695287049291,4.058678627003126
2020-06-25,0.025387490186223636,3133.42143974031,0.028183996853696394,60.449540078374014,0.21126186302998812,147.17966442452223,0.3342092656657076,4.595424881367958
2020-06-26,0.026975213072282032,3511.3324341424236,0.030271839034134686,65.52156831416998,0.2507656412083424,161.05371481098553,0.3616768841625153,5.29632911296632
2020-06-29,0.024404260115788744,3141.591442955721,0.027021751680148868,58.4540053713616,0.22657494918900664,144.34496309416497,0.3229239007022559,4.752160603868337
2020-06-30,0.02146305495822451,2770.9838913649987,0.0233147379862858,50.63439372237594,0.2054977055754343,126.00729006346417,0.2796544480659986,4.255032313539333
2020-07-01,0.019892246522539972,2545.444484245179,0.02135411879422771,46.352323496400246,0.1909673928798698,115.88300521544537,0.25623514866913194,3.9212683324554565
2020-07-02,0.01916932527427062,2323.7167036652586,0.02036999586107644,43.73341089525559,0.16771969258206598,109.1219158725187,0.2424913078672315,3.4877155948607785
2020-07-06,0.01947794790086444,2455.7787885213843,0.020717111710019283,44.92862406965697,0.1817856985643226,112.46397827532256,0.24830876840658017,3.7696061878940457
2020-07-07,0.02007440888497951,2597.803465106477,0.021432609602875827,46.76162150948608,0.19511007967625404,117.35959456195347,0.2579385865616495,4.037073234932868
2020-07-08,0.020582854024120457,2658.3919999117397,0.02208046369150375,48.09963916351302,0.19868094609568435,120.60205319981124,0.26542590440240144,4.114655191078208
2020-07-09,0.021882015652618526,2874.4940259688656,0.02388055917286267,52.0390858173023,0.2152609047774626,129.3828654188478,0.2871189902434902,4.445196203241199
2020-07-10,0.02616935670682069,3370.0509973367875,0.029150455628014837,63.08023285516476,0.23758873076339979,155.10384297273956,0.3480389700642218,5.07025977066609
2020-07-13,0.02813452138746167,3580.3899053762293,0.03157239321016445,68.09721660400601,0.24453821488237443,166.49825823487896,0.3757194023164625,5.313153544228141
2020-07-14,0.02795334061686915,3464.642826091596,0.03128603823361459,67.10857683434364,0.23047068520532277,164.0683011513219,0.37078210028290953,5.062033102744053
2020-07-15,0.02906715313842454,3820.0312347676854,0.03275208850649518,71.0838052129751,0.2701573136000569,175.14919584127003,0.3917085334547729,5.772884199347497
2020-07-16,0.02850064983700615,3662.8428832527106,0.03205696988607915,69.24952143554651,0.25305049039940697,169.62375122632176,0.3819992145753997,5.463103605794121
2020-07-17,0.029272925561106174,3814.919777726816,0.03299476832824091,71.49049205351906,0.2662514069981372,175.65250081796776,0.3940025805574996,5.731371703391518
2020-07-20,0.028616000691059053,3659.647497452965,0.03218427130569884,69.45854649792822,0.2509933391060512,169.99682011132722,0.38319203645518857,5.440334406787452
2020-07-21,0.02844680291542907,3597.402329816583,0.03186511511690438,68.69369403170414,0.24268964076097876,168.21199238617632,0.378897263249249,5.320041391660964
2020-07-23,0.023260199921029887,2517.6689558875005,0.025115603735139064,52.63423464407231,0.14820181887513845,129.26779061967483,0.2927109460028771,3.4284903942783003
2020-07-24,0.023908457097335873,2953.9008113288055,0.02607404564232717,56.125819573530634,0.20348874873750522,139.27722337255028,0.3101199377286317,4.392004105292346
2020-07-28,0.02871285809638092,3736.1281861620564,0.03221823558446063,69.87658530890508,0.26014896020346695,171.9138881943118,0.3849062132011677,5.622076769485288
2020-07-29,0.15875749109859913,19605.63928927888,0.19050170222151472,413.2714894696156,0.730840318926245,1004.0817496692847,2.2320239769719414,26.189808820171265
2020-07-30,0.06311604627307843,8011.074300542823,0.07346045392701299,159.41051295013312,0.42572409622035084,389.6536805192446,0.8686752989757129,11.372658781419341
2020-07-31,0.028201799187773827,3635.48158539011,0.03157026210583937,68.3533454306891,0.2513157167189918,168.00666297861395,0.37668894155522037,5.447233029310633
2020-08-04,0.03128783522219776,3791.177498843783,0.035034702895273495,75.01710473714972,0.23401936641849272,183.65366620938346,0.41358512921817236,5.4301586350293745
2020-08-07,0.029527205333789476,3727.4491243459406,0.033219004350110194,71.53114061000615,0.2493932070396256,175.01853881603915,0.3946023021347178,5.488320205799988
2020-08-11,0.03084546873188551,3944.7616047629203,0.034825485864228074,75.21198309161555,0.26446951606896546,184.09271052917524,0.41437675379310873,5.83904356146005
2020-08-13,0.029054051704853683,3661.5667601666764,0.03266059741250724,70.30052549819582,0.2452884911792854,171.75776860860915,0.387906922090589,5.389292352438307
2020-08-18,0.02774614738847974,3434.0925602805796,0.031044119698889577,66.55752595606091,0.22882494971850878,162.73529247082644,0.3678457411574439,5.015065534605602
2020-08-24,0.03453232487424484,4375.323162778723,0.039653034520214465,85.13380162767143,0.2865408255106092,206.37901396183184,0.46980382513476465,6.361033310766842
2020-08-26,0.0380627988811771,4691.386118437345,0.044133988859717775,94.04004155657408,0.2918940430868844,226.08024536957996,0.5197067029580253,6.635896216606907
2020-08-27,0.04202541616420745,5215.338276878601,0.04906364456153804,104.6650321906387,0.3201082493443855,251.6320027509302,0.5778005262056345,7.365861502862962
2020-08-28,0.03916460069087955,4831.492476558324,0.04546911110397903,96.94805290780663,0.2974507519163785,232.87992450339453,0.5354008189490985,6.8258883783499655
2020-08-31,0.032932628214997615,4088.7585555893124,0.03766591937971925,80.52340678821315,0.26433137202958,194.84152501843883,0.44501404613699364,5.882008497633161
2020-09-02,0.02927703856896735,3695.3138324371084,0.03315144454062126,71.16191310273831,0.25132745572976406,173.39436813475484,0.3933917159956527,5.42613613620048
2020-09-03,0.027563018126116084,3496.120175207173,0.031026616260825684,66.71371438226498,0.24231709897939566,162.99529066906774,0.368837281224772,5.1755529857789835
2020-09-04,0.03712167013337912,4639.185537736215,0.041851316075930955,90.44001027159966,0.2807468683563479,222.21788489240018,0.49609369052310726,6.727064676327833
2020-09-08,0.06286506319690544,7742.239374242875,0.07400271883499135,158.8765508568263,0.39717995460804356,383.19815135469906,0.8692530517344963,10.673162216789404
2020-09-10,0.013034823648706817,-321.3993373936361,0.012453146486297539,19.04226800456096,-0.1475016400822786,41.59121115787632,0.11628578104747841,-2.1227373773126974
2020-09-11,0.01904383189758429,1120.583095678571,0.020034065618564384,37.98241327057775,-0.004844834734083637,89.35339037741761,0.2172370933959703,0.5726492695362007
2020-09-15,0.030878383759449634,3768.1770837067947,0.03505627703682972,74.73320018442318,0.2420148061108723,181.1110506761906,0.41346460467467333,5.3881053408517
2020-09-16,0.026407459214873488,2886.1153107310374,0.02939087731377295,61.3185710481172,0.1684307385558193,148.22930165327887,0.34158591459672283,3.862652494813221
2020-09-22,0.00970787179128792,-365.6896195655783,0.008235892352407908,11.712617663854624,-0.11393822007438568,27.034865839711625,0.07393491784558757,-1.7566533295114275
2020-09-23,0.007787567158253337,-586.4272267113639,0.005790445033044101,6.643478428810696,-0.12387485422794968,15.590412914418573,0.045820649027263356,-2.0249716567511364
2020-09-24,0.007454352402947727,-531.7198318293317,0.005273775723343692,6.0701979943142605,-0.1142372767164216,14.345361013486498,0.041711245048807154,-1.8382615632653443
2020-09-25,0.0109144440530524,432.3439616308543,0.009727159568439779,17.658047726092477,-0.011231593222209336,44.14275574001967,0.10316040195137517,0.035722725893800815
2020-09-28,0.026287385242591388,3423.0420167881334,0.02919555567021242,63.420597516908714,0.2429619622262718,156.60686066798945,0.3494324441173499,5.1926671944517375
2020-09-29,0.025146250140995877,3247.7040750342,0.02782734187798915,60.3441631368214,0.23086640886129062,148.77174850006244,0.3327707897693778,4.91624792289946
2020-09-30,0.0258543664562897,3355.1835981008608,0.028707527265820473,62.28227349565967,0.2387839266304403,153.70354563983216,0.3433980065355008,5.082509585689099
2020-10-01,0.02593725226455769,3323.448022249326,0.028836750822377626,62.341853550798085,0.23401783023523767,153.57055100212125,0.34409724754798443,4.991927254898195
2020-10-05,0.026097905084184487,3374.433247863292,0.02849274304744198,62.14817024276938,0.23549160671137545,155.0072511445711,0.3415528813971162,5.143254477591427
2020-10-07,0.025929894733563927,3310.471072709222,0.029002020864493265,62.5177065671579,0.23323365370246915,152.91599754918366,0.3455154586446289,4.944708644706338
2020-10-08,0.02567861505104233,3257.5000584661843,0.02862749068533413,61.67045825590668,0.22823645908231294,151.1277113881523,0.34085237681786257,4.855822004568745
2020-10-09,0.026790850022330136,3412.0456398456213,0.030003658888157883,64.66288096638831,0.2377155274925669,158.3279758173822,0.35722012632084227,5.080709955367695
2020-10-13,0.025634739597999428,3268.3836975252043,0.028370523325213653,61.34906994801189,0.22866547755936986,151.37239173922003,0.3384880544206253,4.906610939174715
2020-10-14,0.028448942015749656,3580.1821894204354,0.03193406460398934,68.69987370453704,0.24135841850247602,168.01152547850697,0.3792737523772109,5.272942557172926
2020-10-15,0.027363359436409208,3441.771415880173,0.030655632774607568,65.92503614890109,0.23427117944937506,160.97717356910255,0.3641724808856569,5.077799855174792
2020-10-16,0.026442918880583866,3347.7160476461486,0.029462319241652168,63.51875852797572,0.23096751035326915,155.74324199557563,0.35069897878517337,4.979779628566609
2020-10-19,0.022345021761073225,2853.3294748525664,0.0242041736631369,52.549588027430694,0.20591051687918144,130.83337512383267,0.2898820057953433,4.3530757071008
2020-10-20,0.020515928429884468,2610.9194855050605,0.02189716078725509,47.630272304029745,0.1911733930674082,119.07891496135883,0.26273927124246266,4.014911723112609
2020-10-21,0.021008042284287674,2703.5759245559116,0.02252165264812752,49.072936823302285,0.19935569223897198,122.84401966534709,0.27058005096071375,4.173376283296788
2020-10-23,0.02285204844751604,2914.0113917114936,0.024950881772044,54.040915134293435,0.20950224812382834,133.89532594346724,0.2983595088733733,4.420514568344642
2020-10-26,0.02535831569062695,3249.9745182981483,0.028119470164706672,60.82692839111333,0.2294623863817284,149.75516408865542,0.33569420692352314,4.890747247746652
2020-10-27,0.030722414860194686,3867.558038393309,0.03486913786905985,74.87430682553216,0.2569539662848693,181.91249369589326,0.4134317486453973,5.650433334672093
2020-10-28,0.03274046020266004,4110.850247712915,0.037459314037935273,80.26750919924119,0.26967728637240257,194.2441985531283,0.44338647117005486,5.959384969961113
2020-10-29,0.03248986193530397,3991.3285063401013,0.037104697478887796,79.17482932819706,0.25451602746375884,191.0422011435085,0.4377092647329616,5.703948580181967
2020-10-30,0.03018003014833383,3700.276837537773,0.0342068786478873,73.01757145920904,0.23962913765542385,176.74289150112318,0.4038643287660758,5.315414971250485
2020-11-02,0.030350310005730956,3746.34295890479,0.03435899124208864,73.50007789946949,0.24351129952517536,178.3649066842822,0.4061919338710198,5.4094189611044845
2020-11-04,0.032631343955855485,4146.512739105807,0.0372751672655468,80.13290387930233,0.2754262029568285,194.5811832761302,0.4422147056745372,6.065931653698586
2020-11-09,0.02979151094873647,3691.3723540057335,0.03375148026174643,72.16928752150922,0.24451891080749588,175.43778763607173,0.3992231445001418,5.348337763026527
2020-11-17,0.03032770436333766,3682.4789383032867,0.03413294337391104,72.967521026209,0.23014135476067493,176.64108959674667,0.4027678724917127,5.2676347208952095
2020-11-18,0.030164736640818854,3819.410805370357,0.034029160633872145,73.30327738131793,0.2548987380754423,179.04810002090798,0.4042586306935718,5.622400070422209
2020-11-19,0.030312128237551025,3833.309424481845,0.03421708217695546,73.67925454938889,0.2552331351914157,179.88454983295256,0.40636330925535946,5.635531887134314
2020-11-23,0.03133539100200059,3980.8299648193147,0.03564656201771823,76.67747354114059,0.2661099617732342,186.328815113606,0.4231539589287582,5.841070343416763
2020-12-17,0.030481600364768234,3955.0570406645097,0.03449113468123086,74.63883175365848,0.27183253028109117,182.8313163522072,0.4112908533907097,5.9059915948250685
2020-12-18,0.029116053112369013,3713.15785790951,0.03282136998067654,70.76132407955754,0.2530295528327211,172.91224734479982,0.39044373565066615,5.500478885365129
2020-12-21,0.028070493476139234,3656.3032515999466,0.03144327785997851,68.21688108342944,0.2561728894256539,167.85471666947544,0.37582343397119705,5.513498937370955
2020-12-22,0.026536139682706024,3411.8606067699207,0.029450635587889417,63.839452318557846,0.2371511371916718,157.0873667941891,0.3517313310106955,5.133456603452154
2020-12-28,0.025068458541690482,3243.081098227306,0.02758230883528474,59.94661428483901,0.23041585040403317,148.55211747449303,0.3302505931294934,4.92993599989079
2020-12-29,0.02512240813725374,3289.7393266962968,0.027690595508712404,60.32661074358525,0.23649399841803148,149.52948748166588,0.3321731645026012,5.032505452843327
2020-12-30,0.0253165359265792,3319.427689749831,0.027916245912024174,60.83528236758849,0.238670189710388,150.9170285022278,0.33493417246782486,5.08022549546646
2020-12-31,0.026673820784523274,3448.836189286839,0.02939817623875442,63.96216320796862,0.24001603784020706,158.56481604662028,0.3518541436207575,5.226665994995155
2021-01-05,0.01655442087407966,1175.5214810794773,0.01684164292193367,32.80897503941647,0.03360952198651049,79.94464854144947,0.18678485851225213,1.0676562582477327
2021-01-06,0.01669051513040385,918.9937957896531,0.01696729306033583,31.971818510698657,-0.007562622711362383,76.31501781818709,0.18333959833665223,0.41910106435811506
2021-01-07,0.018447409544740098,1079.5811486241485,0.019185234118074882,36.40884025977932,-0.004832011679671539,86.30253625628697,0.2081134150056568,0.5645078521611387
2021-01-12,0.019319989468103024,1433.3841164019211,0.02034579056935885,39.83755052688095,0.038538501154730676,95.53001770803095,0.2260025845009314,1.3073415574759488
2021-01-13,0.022496521012087867,1563.4008118854747,0.023951565631837566,46.695124613616485,0.013306061524799804,111.26142163540905,0.26382369460260113,1.205617541793977
2021-01-15,0.017622431477408714,831.9734661613588,0.018076810924542445,33.51372250928119,-0.03271068761305691,79.01417301777619,0.19267208446435635,0.07760997304049948
2021-01-19,0.018217066473331357,616.2682725236099,0.018609591616498496,33.62605754003469,-0.07611326959727274,78.16375370505014,0.19395286553149685,-0.5230979675031087
2021-01-20,0.016587922021670583,498.9648366494912,0.016796615129603655,29.925035877302022,-0.06954972364265986,69.54240964471968,0.173997454096997,-0.596899660418758
2021-01-21,0.016263358263899824,415.395896095373,0.016497415099242494,29.019270073092525,-0.07678293137748742,66.74275485530116,0.16954499893375422,-0.7654553584554177
2021-01-22,0.01618182596431402,326.1053261750698,0.016354894292613806,28.424258344954954,-0.08993905204409956,64.98236967926742,0.16650724661484367,-0.9711316254917765
2021-01-26,0.01989809990511064,1099.160029802759,0.021064577511673937,39.65983961387378,-0.019034104814867038,92.74666374023852,0.22698979091298055,0.40214827042231843
2021-01-27,0.016218365230776088,421.2276328919927,0.016503296060741073,29.03132741668878,-0.07476860789665338,66.485115262739,0.16971903959574763,-0.7501429082493458
2021-01-29,0.019413653019249088,602.0111894791119,0.020038429292141367,36.04185181025113,-0.0946380637259,83.24209900558196,0.20775344206841143,-0.7235160910025653
2021-02-01,0.01587918968565681,710.0255096307953,0.016090521517843796,29.56184855946216,-0.0280774890330484,69.34109318217958,0.1709176079211629,0.006307817570960548
2021-02-03,0.014904587282488913,600.3183272429196,0.01460957075786797,26.693748624821772,-0.03573781039596166,63.386530292488864,0.15429039556443194,-0.10507213863663586
2021-02-04,0.01552337983312046,713.1436249512532,0.015507801804783347,28.621153751185776,-0.02393454627763678,68.21926266702056,0.16521422643251496,0.07745982634621519
2021-02-05,0.016274600599512818,792.4719472146498,0.01657146083636072,30.716831271790664,-0.02005025418802324,72.52627484600588,0.17715535615714328,0.15600485409142836
2021-02-08,0.018405742029011823,1071.0214119279788,0.019219099247811712,36.416831471604745,-0.005584244988119599,85.58107446663563,0.2083036677452286,0.54018659437957
2021-02-09,0.019106011515142213,1082.7627196164788,0.020071762157178912,37.93491011100268,-0.013153380121878923,88.625273845221,0.21691105373314135,0.47101726103068137
2021-02-10,0.018811703884889768,974.8342525188325,0.019788333881065504,36.94566979976311,-0.023914406118414354,85.80622212574349,0.21216730593154468,0.24157151673426225
2021-02-11,0.018774657628628965,896.480306826847,0.019724977055085316,36.51384906271167,-0.03535523891134878,84.47583518388367,0.21011271319832456,0.05533917241436823
2021-02-12,0.021131868753978968,1010.2456491887858,0.022736817302080273,42.098245693135226,-0.04711209312313126,95.92735537694789,0.24185839427329858,-0.004324204479570232
2021-02-17,0.02352642084598311,1003.349358187269,0.02569532642758079,47.13311820701292,-0.07895497933708455,106.16718204535329,0.27086343851984973,-0.3587296153287649
2021-02-19,0.025281022696042384,1174.2442912401075,0.02779445321199785,51.44148851149882,-0.07520021924742144,117.46916948666137,0.29463730218843814,-0.1759539171307073
2021-02-22,0.02330652311933605,926.9355576874364,0.025280135125743914,46.17689856639214,-0.08995502030230285,104.5839044445632,0.26535857919630507,-0.50529697457438
2021-02-23,0.021732212108929963,574.8566347194278,0.023357266281567996,41.39117016388867,-0.12213661223139523,92.31082397291136,0.24001263837890865,-1.1522275656655503
2021-02-24,0.019858835521768318,467.94579711229284,0.021010722837483467,36.93208809508529,-0.11417250592272664,82.71141773076698,0.21495432663839892,-1.1483609171273037
2021-02-25,0.021581005860622927,730.5695636083633,0.023153157233183064,41.70852852921022,-0.09720442796055942,93.97018556750696,0.24083759668129467,-0.746374067330173
2021-02-26,0.021055619118200773,550.2141606450723,0.022491990647576187,39.82802351771369,-0.11788544937374719,88.9458555671779,0.23103842321025816,-1.1160330899413216
2021-03-02,0.01989009328032761,820.4843929570326,0.020959144768415545,38.35620636693434,-0.06228619049777442,88.58183995404956,0.22085696672135735,-0.27607374696552117
2021-03-04,0.020432710974056696,1013.6054333013368,0.021686928888617774,40.40153810086458,-0.040114514216591145,93.5015892208947,0.23155127857865818,0.11728161235400208
2021-03-05,0.020886270813858483,1143.051094019583,0.02225962608142998,41.91195685082969,-0.025954559171589973,97.51984927721745,0.23955182600489275,0.37206514524920525
2021-03-08,0.02054128733633502,1240.2236408703402,0.021856395778197094,41.62175954004705,-0.006697613744663601,97.45738304832011,0.23735605500620882,0.6580489467028664
2021-03-10,0.02296555664307863,1325.2299298318112,0.024841525249081568,47.08733877355156,-0.02498059548170723,109.33070544846974,0.2682967196606125,0.5272121251414856
2021-03-12,0.023277250280868116,999.1368624081119,0.025421874925487403,46.600049641559984,-0.0745079079558208,105.31182787024512,0.26810143375399575,-0.33378504495706635
2021-03-23,0.02270699705029946,777.136618395185,0.024661555466443757,44.39988683825778,-0.10167839763176892,99.5982285048769,0.25655955446161016,-0.7966488659817835
2021-03-25,0.02104179752259803,778.6794223232394,0.022742511694997247,41.028431863821936,-0.07685008299315307,92.14216997769171,0.23771624302158645,-0.5666130142765501
2021-03-29,0.023871698448778414,1162.0233744632167,0.02615097004317557,48.522357446281376,-0.057166109167262676,110.62303575519994,0.27824870905632887,-0.014598718146513335
2021-03-31,0.02103793114521174,586.6455307797872,0.02251377207333148,39.96483141065762,-0.11009166332355831,89.75149696711082,0.23192575074742194,-1.0241004682750579
2021-04-02,0.021976865035736145,634.450340309954,0.02364408857032867,42.12497588741657,-0.1158683730084954,94.59146950483064,0.24392109370202453,-1.0372219918887233
2021-04-06,0.018573735028920863,485.36608029129644,0.01943000073261195,34.30345067654118,-0.09524130877409179,77.3072870047345,0.199708147961678,-0.9255878246624888
2021-04-14,0.023558772416145502,1030.8140481658036,0.02575841814273746,47.312671469402034,-0.07343892807368191,107.11660364707033,0.2719907164096479,-0.29432166900668094
2021-04-15,0.02554402421614348,1172.3917511552113,0.028313524772748785,52.24389789340686,-0.07677610209302813,117.26489674338615,0.299745879323375,-0.23447506105851643
2021-04-26,0.025434650327265874,1462.4345863876556,0.02811105132891477,53.11968592966195,-0.031413273358530426,122.01073447304793,0.3030284678102759,0.5035993690806158
2021-04-28,0.025663282311110886,1276.7490199549218,0.028438263961507664,52.882198858385635,-0.061831911390275225,119.89827030768076,0.30287350659061874,0.009985358612098266
2021-04-29,0.02312291954816744,803.4818199476006,0.025100715974735836,45.313335816362255,-0.10481275055279882,101.97188265423436,0.2613506941684683,-0.7858590996216394
2021-04-30,0.01960798704766833,302.6239446798221,0.02070069210636521,35.69713795932971,-0.13537462520468926,79.26293083552994,0.20888920974680766,-1.5193671303045708
2021-05-04,0.021254706792495845,766.5094980456072,0.022779051639933046,41.189549651775046,-0.0864812595314229,93.21884141181528,0.23781460509021918,-0.6126424362597546
2021-05-05,0.02130612873355192,753.4853185801917,0.022846500134304823,41.22888176220184,-0.08816809207781585,93.53518111466074,0.23824303084526252,-0.6504098240422088
2021-05-07,0.023334522831987087,1026.7736572132862,0.025356824728456087,46.69758074239991,-0.07425746595730444,106.16954533406853,0.26794067534894234,-0.26567061491453764
2021-05-11,0.014222464016848565,86.42363178472894,0.013838429282784292,23.165045365431016,-0.10255260611343654,52.94721846297832,0.13734464743927655,-1.2789686626606935
2021-05-13,0.013707480000312635,70.1448206969575,0.013246362108712408,22.050834075742507,-0.09724398681024997,50.74049926509508,0.13122617626697303,-1.2487593522147133
2021-05-14,0.014414143443864215,140.41163112318173,0.014080640318586694,23.796921794207226,-0.09650924530745167,54.691033145917295,0.14071471726026163,-1.1727247930906781
2021-05-17,0.016411365743407062,438.46259750147703,0.016664364369914635,29.390679426943734,-0.07459317420127846,68.01848117387466,0.17160756061754262,-0.7264587185271344
2021-05-18,0.01880413253477569,743.4853167678027,0.01966494578580799,35.782858411249194,-0.0586888978270086,82.84552687487775,0.20671897486305282,-0.3152803381732787
2021-05-20,0.01932545938253074,720.4497965558463,0.020356127579125444,36.8557913673032,-0.06860901562911743,84.48129535310865,0.2131121599946191,-0.45004986127222807
2021-05-21,0.02085900503477185,1044.0684104221054,0.02227758900933058,41.47014453947662,-0.0383232686328136,96.28293496131246,0.23793500690015815,0.13109512257017175
2021-05-24,0.019094701725313173,741.9119921642623,0.020124759993625268,36.51913482264553,-0.06142290955391442,83.78609942474746,0.21123433545633322,-0.3683445469860408
2021-05-25,0.019733588693954078,861.5170874592185,0.020977711344660477,38.45257201257046,-0.050816879466199526,88.16361528741737,0.2218230677122806,-0.16881520796180965
2021-05-26,0.018987898491158915,891.7453163004461,0.020020628765797112,36.95697968991898,-0.03711300189098271,85.63886295032077,0.21294429242993793,0.013742489357419844
2021-05-27,0.020488774350964797,875.9113161087715,0.021880189265472343,40.06465229055769,-0.0584517369408322,91.78845992282243,0.23096689527447828,-0.23667108299776998
2021-05-28,0.02076801102777111,866.520073840333,0.02223918238380338,40.61398330500034,-0.06240489828626012,93.07685382460576,0.23433383811052672,-0.29844724673732426
2021-06-01,0.015479993215841864,164.78527947214866,0.01563749601492441,26.430463589411058,-0.10231762934443019,59.56204032523651,0.1565291708546754,-1.2796703215258933
2021-06-02,0.016486887643958826,277.67651483117567,0.01683625882039459,28.978370852657598,-0.09893571338913822,65.60624817308747,0.17038254793746893,-1.1399830477330253
2021-06-03,0.01794118635727422,669.84270438969,0.018694659160929255,33.768336455517144,-0.05737745677819652,77.8750953743203,0.19583886892597716,-0.38265999638428777
2021-06-04,0.018669117237942203,940.5359938699299,0.019544665077191548,36.39370553046716,-0.02715407529135541,85.10123818583925,0.20913295715027114,0.18459027299719627
2021-06-07,0.017944079244128837,644.9367043046461,0.01867772695632515,33.67431272474754,-0.06279110867992596,77.08923622697512,0.1952133048947964,-0.4456881097997238
2021-06-08,0.017938648635338512,641.2140913388939,0.018649889825675448,33.61419891913206,-0.06326772176555202,77.14727927514062,0.19486821766525142,-0.45179358484417653
2021-06-09,0.01844803212543557,667.8589589862145,0.01930086980801672,34.82249602985356,-0.06516843024398197,79.77125293909994,0.20176759953552353,-0.4589183071468117
2021-06-10,0.02157464670394346,1125.4862123224113,0.023210369820590257,43.405499286183314,-0.035495056306510966,100.1716644885532,0.24861038337266808,0.22512776870633025
2021-06-11,0.02315548852617258,1229.623924950733,0.02531612758075349,47.34898567023812,-0.036873619679682314,108.38809642340806,0.2712690009793074,0.24932768820280454
2021-06-14,0.01937506733849522,335.66251537833296,0.020486969552434352,35.482275757446935,-0.12850254899984973,77.74032321945462,0.207396724176085,-1.4155456916921032
2021-06-15,0.017619288682789204,283.2047492864585,0.01826477054655056,31.438271460475608,-0.11251198335410571,70.29564545798594,0.1845535890077427,-1.2888412761735557
2021-06-16,0.02074880820098964,768.9364675346742,0.02219859760685265,40.1593075493727,-0.07782625289899199,91.29299580986904,0.23215214895836778,-0.5364400774794493
2021-06-17,0.02293634978776544,1074.992887234184,0.025024183727733337,46.211814293456364,-0.057705305647714734,105.10902226657339,0.26557270161386853,-0.09929494136517018
2021-06-21,0.023705643162975312,1214.5955162814084,0.02600079412941469,48.44514025270432,-0.04568158499068979,110.65667974943818,0.2777379749119852,0.1353610471254865
2021-06-22,0.020270654724914877,586.0835653288875,0.021705997041641233,38.478719328358885,-0.09679062991505856,86.32210303769847,0.2239867840386536,-0.9252076966184426
2021-06-24,0.022721800413490235,1295.220838607743,0.02477713181201538,46.71269346895099,-0.02188399491984301,107.44121311928986,0.2671563054793496,0.4714530544714782
2021-06-28,0.02093757612907423,1149.647271103197,0.02250102880124874,42.24850364656253,-0.02224299517360967,97.7321081422268,0.24207950881935217,0.3690575089324281
2021-07-12,0.02120066462954978,1058.0571654829907,0.022865158965574076,42.465036618832336,-0.03870709299530294,97.31088340725199,0.24400233053661932,0.10353049376520328
2021-07-13,0.02158001486257454,967.3772085172701,0.02337929820188949,42.90273871563486,-0.05480350222910974,97.8725101058759,0.24742171562073792,-0.1731939851609689
2021-07-15,0.02789332870811546,1610.466986571252,0.031383183907747816,59.16674181294125,-0.034611602756736845,134.58234288403048,0.33798711991035857,0.5092309556833067
2021-07-16,0.030185392864733367,1903.0878252204432,0.034212777667313406,65.26577543568168,-0.02125610462956783,148.9360760629011,0.3711797359479714,0.9051495673358753
2021-07-20,0.024904563451235606,1438.4774564586226,0.027607972954944476,52.023595293710294,-0.02327424619812623,119.41515782936928,0.29766663090896045,0.5130372488284212
2021-07-21,0.024741222199122725,1493.7963112338718,0.02735202854250413,51.87921726502553,-0.01520952770331785,119.36258431233406,0.2961438822815975,0.6733024499978267
2021-07-22,0.024661241617321163,1249.0436952127222,0.02728718715651345,50.71131286695873,-0.04995872721123566,115.17669164189188,0.2910511662730516,0.07999023584994086
2021-07-27,0.02482748191135386,1652.1915911943277,0.02751402013366984,52.80524935956113,0.007848415502665126,121.79543947425014,0.3006342712233229,1.0460817158355287
2021-07-30,0.036160145455657655,2473.0496851174953,0.04200090401962804,80.68760016337156,-0.0017520126605488115,182.11950658123547,0.4583248667463259,1.44502760619089
2021-08-04,0.020208264553897307,1155.630823749825,0.021709537461484383,40.85601883456117,-0.009940912695606511,94.64043767397224,0.2344139251480397,0.47906422021867223
2021-08-05,0.020525793133102814,892.2034668853793,0.0221341908609097,40.44657872865952,-0.05256010566281204,91.73019649171204,0.23380042943005297,-0.2160887303503748
2021-08-06,0.021366468564449646,842.501904031298,0.023174813195233804,42.009144217669544,-0.07042595726403177,94.55085963064485,0.24314179936159167,-0.45640965938343286
2021-08-10,0.02570195719843339,1542.2154661145123,0.02862141803766483,54.20945953471438,-0.018829980606566606,123.8795728281524,0.30953919689193493,0.6512532425755782
2021-08-12,0.030172469428879193,1897.2987777399467,0.03434650472331861,65.3571893003502,-0.017975548391686476,148.09211761989113,0.3724177859282383,0.8844465581224764
2021-08-13,0.03236702108076712,1996.0337082423896,0.03704518629536859,70.41952848360788,-0.03254060250012965,159.27996935178592,0.40078635466669194,0.8176179111087182
2021-08-16,0.03014879368291421,1845.1254757122304,0.03425641763863644,65.0360375909983,-0.027419802674277204,147.39638707638315,0.3705686960416255,0.7620106256039235
2021-08-18,0.0266411732798843,1345.5966291893867,0.02979567812883994,55.386611089158116,-0.060289986836966604,124.81176118031605,0.31752045389255124,0.03337292891310431
2021-08-20,0.027081556410300432,1663.8019930720875,0.03029556265422834,57.61647460118881,-0.019445805148628533,131.7301100817769,0.3282335471374536,0.7573487878957603
2021-08-24,0.026171884957854434,1493.782254030542,0.029119850848908776,54.91876915863836,-0.03423809862196485,125.37982146839343,0.3135496747801106,0.4703575903546863
2021-08-26,0.024440973063555815,1426.0937781015928,0.02695019848809527,50.93618044555138,-0.022615625784321036,116.9569717306413,0.29094759442878654,0.5498800883704841
2021-09-01,0.02487446158221114,1311.853714370009,0.027512541617397804,51.418058004788406,-0.04554349938142287,116.73164647193293,0.2944064850022384,0.2040370280514006
2021-09-02,0.025541551059535792,1584.6860339261666,0.028391327652537296,54.03749101667006,-0.012096200429104753,123.63053895790061,0.30804091280818885,0.7783688194173198
2021-09-03,0.02619564179670576,1684.0281334003184,0.029093453097941712,55.710841368417434,-0.007223487380451809,128.53063786214423,0.31674709249115346,0.939088949285716
2021-09-07,0.02358578194228729,1094.8526907918326,0.025766361183309543,47.612169830093585,-0.0647242215722048,108.2606580457895,0.2732315512539632,-0.13878730129552197
2021-09-14,0.030708323908934774,1594.270252182985,0.03485663650170651,65.12657008807614,-0.0769478770665402,145.8642364376595,0.37188820043216253,0.06565588422288693
2021-09-16,0.03364172291974688,1792.5477423093866,0.03871245370385889,72.38261737493319,-0.0786226449386078,160.90330395256504,0.41350934691188457,0.12841543367727273
2021-09-20,0.02545887244452201,1122.3068884292095,0.028187084352030305,51.790670645299855,-0.08187003147100452,116.82734626860082,0.2975865013522191,-0.34066603287633773
2021-09-21,0.027767163738183567,1199.4820978303974,0.030775957816104486,56.77239090040258,-0.10819603494413464,128.59308756161124,0.3244355403199098,-0.46401441502419205
2021-09-23,0.028030954074342924,1247.4326773886578,0.031110525414706842,57.54637211022698,-0.10443519691257157,130.3920644155399,0.32860493929219053,-0.3841024675027228
2021-09-28,0.020846078530141362,563.2700284762645,0.02246496720021146,39.668800702018245,-0.10738873662456229,88.02852522099661,0.23105158776350876,-1.0672783625952846
2021-09-30,0.027897505036612563,1479.16609531534,0.031374929885499635,58.63672741639544,-0.055925058709817385,132.24441918473346,0.3355092194272842,0.18343236501201826
2021-10-04,0.02311936561526189,896.0694795035473,0.025249130828037415,45.83730277840136,-0.08661271824291178,103.27734454513187,0.2645270654984445,-0.565014939366065
2021-10-05,0.02311249830938605,826.5218586497003,0.02513246482148049,45.429127199694456,-0.09995232480566082,102.27161796536907,0.2620913069864108,-0.7298323005254266
2021-10-08,0.02749826020454956,1570.5639315317503,0.030813922194811633,58.10875215535806,-0.03871190331220784,132.1438272816276,0.3316389798544832,0.4688083137863559
2021-10-15,0.019258155181134624,626.8436682719448,0.02029410542123051,36.45464566894209,-0.0864021100660208,81.0501529629296,0.21079343752385862,-0.683210542099477
2021-10-20,0.03101056373845361,1770.4049117913464,0.03542873884923751,66.64478981198683,-0.04676616587173215,149.52453262682837,0.3807695269988524,0.45080362749839104
2021-10-22,0.03084885739119192,1477.736596858657,0.03519914527738244,65.04804575919351,-0.0896506428558126,144.43896842295825,0.3731695976850946,-0.2461311968459839
2021-10-25,0.018084700831661932,42.876130034755434,0.01893716496265663,31.61797456026557,-0.15710264844193345,66.88457623534069,0.18680610600581626,-1.9623850074258675
2021-10-26,0.018216202403121932,393.9128640801755,0.019106366269910167,33.29360346826665,-0.10204575981466318,74.23515238472008,0.19487517331558726,-1.10832272095524
2021-10-27,0.021439642202990383,971.0280131310172,0.02313435040057519,42.58621269632835,-0.055852226278040124,96.84830229082493,0.24506180808694547,-0.143837463685165
2021-10-28,0.02374436700472269,1346.1870010619389,0.02606203746697766,49.12487193636938,-0.02747707124604123,112.37635901446735,0.2807399487101671,0.4503423754445141
2021-10-29,0.02611326171593069,1469.4815616201704,0.029064880231799112,54.79744573332596,-0.04063687646779262,123.38125172130829,0.31256412717002563,0.4093853252901992
2021-11-02,0.03187156117531776,1753.9973748150007,0.03626785408117297,68.22737277868676,-0.0683367670148999,153.836556452574,0.3886902650978778,0.297388661006766
2021-11-03,0.03506375884722805,2053.5287712814084,0.04045202602089777,76.45988933112898,-0.05768134679802325,171.74582444536824,0.4353916349569633,0.5731941071026406
2021-11-04,0.039607883472416595,2402.29778997884,0.04640207326420878,87.83649258139098,-0.05388042443856481,195.3288049935988,0.5003955773227337,0.775393951468303
2021-11-05,0.03587185501772386,1606.2167548666325,0.04160461487603679,76.4275515649671,-0.13083926540903337,167.5639499630868,0.43861651853253464,-0.6504876379537607
2021-11-08,0.020399779503354542,506.3361988630765,0.02181180973342096,38.38554942914263,-0.11278432859564404,85.35304135693151,0.22356459542645185,-1.1389868927612443
2021-11-12,0.025410829867042364,1222.151935432434,0.02818458034009512,52.17402557064933,-0.065220935742422,117.83113834880704,0.29939110483835557,-0.09204112705923904
2021-11-16,0.026430388776043912,1483.7816564999946,0.029361820563926326,55.360965762454704,-0.04164780943442831,126.32470703680103,0.31573545588212937,0.41234303373106634
2021-11-17,0.035706789705179806,2593.301870631681,0.041194339755748204,80.0606900495455,0.012812548839980753,182.7555198139039,0.4525273592102699,1.8131505242805561
2021-11-18,0.03634651445933928,2647.2534833830896,0.042077430227807654,81.72437595642657,0.015364918435383752,185.99470181278974,0.4622227224997141,1.8512452963244739
2021-11-22,0.020565917085799815,761.1894912830289,0.021986580104902075,39.75933480692724,-0.07653790295612546,90.30394869185238,0.22992555054258265,-0.5310560772211401
2021-11-24,0.02565318603588269,1264.7892585144627,0.028425884966512254,52.81709430590843,-0.06378656223653933,119.57328815119706,0.30253334279228045,-0.018675659351685383
2021-11-26,0.018147568772500913,560.3185240596002,0.0188794748524879,33.67971109361382,-0.07847142064370768,76.83183034529233,0.19564984444063752,-0.6782316253222375
2021-11-29,0.023067789810005415,1156.3866599086632,0.0250530747384555,46.70019041686416,-0.050529091508373376,106.98108022056454,0.2673167255376651,0.09009821682692802
2021-11-30,0.03040628510804119,1909.3468963128878,0.03449448862066855,65.7919362164519,-0.024017055703354193,149.61917256756072,0.3740679746048191,0.886656270285976
2021-12-01,0.03279016272273628,2246.930458483259,0.03757029126424118,72.37995156340398,-0.0006010940905374805,164.85556458242635,0.4105291791549449,1.375150193647553
2021-12-13,0.02632806710568201,1234.2479395779017,0.029201287904547454,54.06231337363387,-0.07871596325411208,122.2218473439095,0.3096010989913266,-0.18602465461077586
2021-12-14,0.02896336741424924,1470.7863397984745,0.03258450393677098,60.774981654354505,-0.0747449313600771,137.00770091951995,0.3472461316699903,0.016483288596324325
2021-12-16,0.03782859210479803,2291.386743220053,0.04421323505010714,83.55299755443295,-0.04454568972860844,186.07738098389518,0.47682693208439625,0.7579865609176629
2021-12-17,0.022393046346387405,458.6947363008359,0.02453448119110823,42.6971346975563,-0.1408361449359928,91.94156656711725,0.24954911412769817,-1.5557998166130096
2021-12-20,0.018313502121674465,367.5612572783757,0.019294545297885917,33.45447695302006,-0.10549115749783423,74.223292190999,0.1962599964164757,-1.190614676159144
2021-12-22,0.022964685609643803,961.6665334542589,0.025173610272320495,45.91672303440778,-0.07259947427736406,103.13261356221203,0.2649986444237679,-0.3897286142307394
2021-12-27,0.017319700587125526,611.4232250543206,0.018102823762952375,32.44270324447023,-0.056447542698772085,73.73951192355257,0.1889750723376951,-0.4542965513128909
2021-12-28,0.025995471738331832,1454.4243466850091,0.02856757628541797,54.03573394206532,-0.04565858468519382,124.58432552861859,0.3073356523709518,0.4183035500216243
2021-12-29,0.023423874733726185,1110.793073345673,0.025557753559195255,47.33082927581549,-0.060573756230359675,107.75855355359842,0.27146635831707,-0.07647496008231008
2021-12-30,0.022647593638347334,1139.6684777020805,0.024538916002132392,45.7406012310149,-0.047256293309959084,104.97845838683253,0.2619506038211981,0.10837640512440584
2022-01-03,0.023344632444909075,1214.7234834084575,0.02547168726763087,47.61331058103447,-0.043700432347403215,108.96253795606125,0.27251501650524546,0.18991684871683281
2022-01-04,0.030458855660414976,1719.405800845575,0.034240423860451674,64.8226406273903,-0.06276580946415217,147.70180018563195,0.36804638159412323,0.42652303928849694
2022-01-05,0.03202387200411331,1665.7278354241691,0.036196363794307164,67.9609808625292,-0.0918604716025577,153.86455888020134,0.38632956379439387,0.06984834387171528
2022-01-06,0.02421399135912095,817.7665730994056,0.026497159956504254,47.74400038339746,-0.11617955518603237,106.79115538446467,0.27536885191370886,-0.9084954172033312
2022-01-07,0.023760650388928238,972.1719989786394,0.025998450842468827,47.48615393778287,-0.08519303169860529,107.09698831222613,0.27328367234460393,-0.46691561666935055
2022-01-10,0.02304361842493159,1353.2808999480408,0.02518484882857018,47.667421652578824,-0.017947880335038538,109.41551109408717,0.27222973232658476,0.5666544210174249
2022-01-13,0.037850241478733594,2648.0785703178944,0.044026159703104376,84.9908421386573,-0.0012661502979600793,192.3651160621308,0.4814422795434957,1.6368719556471054
2022-01-18,0.02716283739074323,1676.1073842096228,0.03062507864380969,58.07308835431221,-0.013175420602791853,131.32498490195144,0.33174273103806845,0.7624192172810806
2022-01-19,0.02940471493688531,1657.1732365810847,0.03353903152635053,62.83890193808132,-0.03953029125624314,140.34381188986092,0.36011717307845614,0.394983522049464
2022-01-21,0.026913397517419276,1226.2913000084438,0.03035623178802118,55.659681818059966,-0.07506433737905704,123.27499334955914,0.320906585148099,-0.3098412033212353
2022-01-24,0.02294484602739075,1370.7860764438778,0.025220437955488714,47.701157271630656,-0.010677177274312515,108.94304374709411,0.2729265801951695,0.6136461774613061
2022-01-25,0.022575810917380725,1301.651696429722,0.024752366421420594,46.61387333590806,-0.016434078232447948,106.37128956467883,0.2670558787094197,0.4964217977160427
2022-01-26,0.024198184784149018,1344.9736538601987,0.026828238901225352,50.297505911755835,-0.02900041282819656,113.68014835676878,0.2882979808178359,0.3703728804122318
2022-01-27,0.02915902679661579,1786.711460730872,0.033155844485022914,62.82220173005171,-0.020567928653906945,141.35922346264013,0.35868890264045694,0.7499645066570656
2022-02-01,0.018340851715757226,750.165045509424,0.019341916799669727,35.195110923882694,-0.050737423152848,79.66482858549666,0.20369849846117438,-0.2582813103357307
2022-02-02,0.013949637614577454,-355.5232486896073,0.013801199944698719,21.356162945452894,-0.17275941383821836,40.7807163723357,0.12896040062136085,-2.3769272584016825
2022-02-03,0.0161975343423325,492.370217435198,0.016671670938148607,29.55846982999863,-0.06253754139853585,66.78463889492919,0.17270400265671643,-0.5900633468370206
